event_id,timestamp,entity_id,label,target_class,predicted_attack_type,prediction_source
2aa461e9-2104-4743-abeb-149f0dfdfaba,2026-05-01 00:00:00+00:00,SRV_0004,normal,unknown,unknown,XGBoost ML Classifier
614b23f8-5795-4d6c-8e28-7eaa8d6d9da8,2026-05-01 00:00:02.823000+00:00,SRV_0348,normal,unknown,unknown,XGBoost ML Classifier
f79b14e0-6cbf-4f9b-b4ec-0e5e396e7724,2026-05-01 00:00:08.634000+00:00,SRV_0898,normal,unknown,unknown,XGBoost ML Classifier
c8624229-e89a-487c-92e4-76952bffd78b,2026-05-01 00:13:00+00:00,DEV_0555,impossible_travel,impossible_travel,impossible_travel,Rule Override: geo_velocity_kmh > 900 km/h AND geo_distance > 500 km
b5592fbf-9cbd-46f2-81bc-894eaf2dae48,2026-05-01 00:19:00+00:00,DEV_0947,impossible_travel,impossible_travel,impossible_travel,Rule Override: geo_velocity_kmh > 900 km/h AND geo_distance > 500 km
b19bb1ab-d053-42c8-bf94-a46de3187aa2,2026-05-01 00:21:17+00:00,DEV_0603,impossible_travel,impossible_travel,impossible_travel,Rule Override: geo_velocity_kmh > 900 km/h AND geo_distance > 500 km
0aabc688-2a4b-4113-822d-20bc3d9d186e,2026-05-01 00:22:29+00:00,DEV_0932,normal,unknown,unknown,XGBoost ML Classifier
2d63d0a9-ff8b-4287-97c3-b877bc18f383,2026-05-01 00:35:49+00:00,DEV_0664,normal,unknown,unknown,XGBoost ML Classifier
11d91bd0-c5d8-4b28-bf8e-30e0ccf38ea2,2026-05-01 01:10:28+00:00,USR_0386,low_slow_exfil,low_slow_exfil,low_slow_exfil,XGBoost ML Classifier
071467f6-4765-4fb1-8e29-207657cfbfd4,2026-05-01 01:46:02+00:00,DEV_0212,normal,unknown,unknown,XGBoost ML Classifier
026c40a9-9fde-411c-92a4-c030b6678f37,2026-05-01 01:54:57+00:00,SRV_0078,normal,unknown,unknown,XGBoost ML Classifier
ea8a59f0-0e1b-4aef-a735-7abe1af4e5f4,2026-05-01 03:08:13+00:00,SRV_0283,normal,unknown,unknown,XGBoost ML Classifier
f3b39aa0-bc31-4450-a55c-24538cb73fa2,2026-05-01 03:11:30+00:00,DEV_0632,impossible_travel,impossible_travel,impossible_travel,Rule Override: geo_velocity_kmh > 900 km/h AND geo_distance > 500 km
140c21db-d9ee-4d14-a1d7-488ef368d8e7,2026-05-01 03:24:40+00:00,DEV_0084,normal,unknown,unknown,XGBoost ML Classifier
fb593a39-586d-449c-a233-ccde3d6bbb8c,2026-05-01 04:14:00+00:00,SRV_0818,impossible_travel,impossible_travel,impossible_travel,Rule Override: geo_velocity_kmh > 900 km/h AND geo_distance > 500 km
6c40fc56-f02e-45eb-bd3d-4b60aead8094,2026-05-01 04:47:51+00:00,SRV_0645,normal,unknown,unknown,XGBoost ML Classifier
43281257-3848-4e0d-8669-0d0aff06dd8b,2026-05-01 04:52:12+00:00,USR_0933,normal,unknown,unknown,XGBoost ML Classifier
13b656f8-456a-4e15-8142-a6bbf7a0d5b8,2026-05-01 05:04:17+00:00,DEV_0902,normal,unknown,unknown,XGBoost ML Classifier
7ab036ea-fdd6-478b-ac47-b590e86b3308,2026-05-01 05:26:37+00:00,DEV_0212,impossible_travel,impossible_travel,impossible_travel,Rule Override: geo_velocity_kmh > 900 km/h AND geo_distance > 500 km
739ed17e-e5e6-42e7-9836-f6acebd64162,2026-05-01 06:21:07+00:00,USR_0913,normal,unknown,unknown,XGBoost ML Classifier
c1260447-c5b7-40f7-b211-7ba48b8165e7,2026-05-01 06:51:55+00:00,USR_0093,impossible_travel,impossible_travel,impossible_travel,Rule Override: geo_velocity_kmh > 900 km/h AND geo_distance > 500 km
12c8be50-4bd4-418d-9c0f-6ace9c1b9fc9,2026-05-01 07:33:01+00:00,SRV_0207,normal,unknown,unknown,XGBoost ML Classifier
d1738034-ce31-491f-9ea4-05d818e34b5a,2026-05-01 07:35:36+00:00,SRV_0841,normal,unknown,unknown,XGBoost ML Classifier
bf77d824-f2d8-42ce-9130-794c4ed8aaa4,2026-05-01 07:43:52+00:00,DEV_0632,normal,unknown,unknown,XGBoost ML Classifier
9536a318-b827-4c55-a0fb-dd2fbb681018,2026-05-01 07:44:16+00:00,DEV_0260,normal,unknown,unknown,XGBoost ML Classifier
ffc5d003-3ad0-4d48-ba7c-50bb69125c68,2026-05-01 07:45:54+00:00,DEV_0065,normal,unknown,unknown,XGBoost ML Classifier
e926a596-7792-47ac-868c-acc77ca22a36,2026-05-01 07:53:17+00:00,USR_0148,normal,unknown,unknown,XGBoost ML Classifier
5456fc97-7724-4ff7-8f51-da9663622e5a,2026-05-01 08:17:50+00:00,DEV_0951,normal,unknown,unknown,XGBoost ML Classifier
77700f47-5319-4a37-880e-a2d26373a64e,2026-05-01 08:27:05+00:00,DEV_0137,normal,unknown,unknown,XGBoost ML Classifier
9c791f53-c9bf-4036-923e-93606a717608,2026-05-01 09:21:39+00:00,SRV_0058,normal,unknown,unknown,XGBoost ML Classifier
efcf5ee5-fa32-4054-b20e-f46d206f3aa0,2026-05-01 09:32:15+00:00,DEV_0343,normal,unknown,unknown,XGBoost ML Classifier
d4dd6eb9-8adc-42a9-9ca3-d20cda869ea6,2026-05-01 09:35:18+00:00,USR_0492,impossible_travel,impossible_travel,impossible_travel,Rule Override: geo_velocity_kmh > 900 km/h AND geo_distance > 500 km
144aeb1e-80f4-4df2-9862-7d7ab246f781,2026-05-01 09:37:14+00:00,USR_0239,impossible_travel,impossible_travel,impossible_travel,Rule Override: geo_velocity_kmh > 900 km/h AND geo_distance > 500 km
ec397bbb-1ddf-4bd2-9ae6-53bf8cbf5775,2026-05-01 09:58:55+00:00,DEV_0711,normal,unknown,unknown,XGBoost ML Classifier
cc37e227-06a1-4bb0-b730-7e9940516a57,2026-05-01 10:00:31+00:00,USR_0194,impossible_travel,impossible_travel,impossible_travel,Rule Override: geo_velocity_kmh > 900 km/h AND geo_distance > 500 km
64e31d38-cd39-473f-bad1-dae7441a81a6,2026-05-01 10:40:10+00:00,USR_0992,impossible_travel,impossible_travel,impossible_travel,Rule Override: geo_velocity_kmh > 900 km/h AND geo_distance > 500 km
9ae49792-8d3c-43e2-afaa-52a1b14c3984,2026-05-01 10:43:58+00:00,DEV_0135,normal,unknown,unknown,XGBoost ML Classifier
39b71b52-0fc2-43e0-8e8b-872d4f75b8b2,2026-05-01 11:06:26+00:00,USR_0748,normal,unknown,insider_drift,XGBoost ML Classifier
d6a0c663-3066-4f47-86c5-e9c39ddcfcf5,2026-05-01 11:17:16+00:00,USR_0430,impossible_travel,impossible_travel,impossible_travel,Rule Override: geo_velocity_kmh > 900 km/h AND geo_distance > 500 km
ac1deea9-6afa-4cc4-8496-861cfeb75d3b,2026-05-01 11:18:03+00:00,USR_0451,impossible_travel,impossible_travel,impossible_travel,Rule Override: geo_velocity_kmh > 900 km/h AND geo_distance > 500 km
47f9859d-2f18-48a2-825f-b73093e00d26,2026-05-01 11:26:02+00:00,SRV_0908,normal,unknown,unknown,XGBoost ML Classifier
1d7b5f04-525c-47a1-97e6-7d6dd830b2da,2026-05-01 12:24:47+00:00,DEV_0144,normal,unknown,unknown,XGBoost ML Classifier
61c5e874-800c-47c9-9ccc-0c07e7d60f80,2026-05-01 12:50:31+00:00,SRV_0004,normal,unknown,unknown,XGBoost ML Classifier
d556798d-e1a0-4687-925d-74df95049392,2026-05-01 12:55:44+00:00,DEV_0514,normal,unknown,unknown,XGBoost ML Classifier
eaa433ac-8e88-4771-9702-a03a0607a4de,2026-05-01 12:59:19+00:00,USR_0590,normal,unknown,unknown,XGBoost ML Classifier
bc1efd27-1817-4f8d-a357-93981d312f39,2026-05-01 13:06:48+00:00,SRV_0525,normal,unknown,unknown,XGBoost ML Classifier
7a104ef5-d98e-4128-bd98-89e0e875191f,2026-05-01 13:20:48+00:00,SRV_0162,impossible_travel,impossible_travel,impossible_travel,Rule Override: geo_velocity_kmh > 900 km/h AND geo_distance > 500 km
c42dd96a-f8d4-49da-bfca-7524679dc6b0,2026-05-01 13:28:06+00:00,DEV_0063,normal,unknown,unknown,XGBoost ML Classifier
1dc7896c-b989-41bd-89c7-a6fa99e4a566,2026-05-01 13:34:23+00:00,DEV_0493,impossible_travel,impossible_travel,impossible_travel,Rule Override: geo_velocity_kmh > 900 km/h AND geo_distance > 500 km
6b9db5ca-b28e-413c-8af1-f840868f4dc6,2026-05-01 13:55:21+00:00,SRV_0078,normal,unknown,unknown,XGBoost ML Classifier
78221c75-524e-47c3-b5fe-696a3f92da9e,2026-05-01 14:02:11+00:00,DEV_0514,normal,unknown,unknown,XGBoost ML Classifier
df52b32d-cfaa-4d4d-83eb-dee2e3ab8c79,2026-05-01 14:03:56+00:00,SRV_0283,normal,unknown,unknown,XGBoost ML Classifier
bc016d41-ce90-4f90-a242-b9e8f3caec5c,2026-05-01 14:06:16+00:00,USR_0276,impossible_travel,impossible_travel,impossible_travel,Rule Override: geo_velocity_kmh > 900 km/h AND geo_distance > 500 km
3f392b21-f0d4-41ec-bc43-97c29dc9d84c,2026-05-01 14:37:08+00:00,SRV_0645,normal,unknown,unknown,XGBoost ML Classifier
c1493548-81ca-4d2b-9bb2-c805cd186335,2026-05-01 14:42:22+00:00,USR_0721,impossible_travel,impossible_travel,impossible_travel,Rule Override: geo_velocity_kmh > 900 km/h AND geo_distance > 500 km
6aa74a00-7b5a-49d7-b765-081dc366664c,2026-05-01 14:43:18+00:00,USR_0577,normal,unknown,unknown,XGBoost ML Classifier
2c73fdb9-c872-4c7a-8785-19623b25b5f2,2026-05-01 14:43:29+00:00,USR_0644,normal,unknown,unknown,XGBoost ML Classifier
de47474e-b182-4323-972a-261c89fa2360,2026-05-01 14:59:35+00:00,DEV_0233,normal,unknown,unknown,XGBoost ML Classifier
d4fb3345-f102-4d64-b17e-974d6d622a44,2026-05-01 15:06:38+00:00,SRV_0550,normal,unknown,unknown,XGBoost ML Classifier
bcb068d0-72fd-459c-8dc4-df5ad7e731cb,2026-05-01 15:07:24+00:00,USR_0636,impossible_travel,impossible_travel,impossible_travel,Rule Override: geo_velocity_kmh > 900 km/h AND geo_distance > 500 km
128afd55-08c2-4659-b0da-dae23f285946,2026-05-01 15:30:04+00:00,USR_0366,impossible_travel,impossible_travel,impossible_travel,Rule Override: geo_velocity_kmh > 900 km/h AND geo_distance > 500 km
42a5bd41-aebe-4f5c-8421-bde499231c45,2026-05-01 15:31:56+00:00,USR_0653,impossible_travel,impossible_travel,impossible_travel,Rule Override: geo_velocity_kmh > 900 km/h AND geo_distance > 500 km
7b46fe86-d41e-4b60-a5e0-4fbd11d25192,2026-05-01 15:46:00+00:00,SRV_0202,normal,unknown,unknown,XGBoost ML Classifier
91deb5b7-7ce6-4fe3-9349-0c700ecf3fc5,2026-05-01 15:48:46+00:00,USR_0592,impossible_travel,impossible_travel,impossible_travel,Rule Override: geo_velocity_kmh > 900 km/h AND geo_distance > 500 km
440808d5-1608-47fc-b7b1-386661535dbe,2026-05-01 15:57:05+00:00,SRV_0743,normal,unknown,unknown,XGBoost ML Classifier
0bfc69c7-efa6-4e53-a36b-4332165c6b80,2026-05-01 16:11:26+00:00,SRV_0059,normal,unknown,unknown,XGBoost ML Classifier
e33cd997-373a-4c1b-84ff-49144ae32fe4,2026-05-01 16:14:07+00:00,USR_0687,impossible_travel,impossible_travel,impossible_travel,Rule Override: geo_velocity_kmh > 900 km/h AND geo_distance > 500 km
87a20888-4ba5-4ad0-abe8-302002c1a41f,2026-05-01 16:49:24+00:00,DEV_0394,normal,unknown,unknown,XGBoost ML Classifier
b589b47e-7718-4e89-a34e-76939442c3b1,2026-05-01 17:07:28+00:00,DEV_0820,normal,unknown,unknown,XGBoost ML Classifier
b76ab713-6966-450d-8130-c0fb4e86715c,2026-05-01 17:17:01+00:00,DEV_0326,normal,unknown,unknown,XGBoost ML Classifier
f020284b-292f-4319-be44-0b1eba892125,2026-05-01 18:08:31+00:00,SRV_0970,normal,unknown,unknown,XGBoost ML Classifier
9f2f6c8b-1dd9-4c27-949b-0cc72634808d,2026-05-01 19:26:40+00:00,USR_0308,impossible_travel,impossible_travel,impossible_travel,Rule Override: geo_velocity_kmh > 900 km/h AND geo_distance > 500 km
0009de01-6191-4ac2-91fd-c86463c3a9e4,2026-05-01 19:55:58+00:00,SRV_0919,normal,unknown,unknown,XGBoost ML Classifier
b33f9b3f-29a9-44d3-9146-e46a4af83767,2026-05-01 20:04:28+00:00,USR_0673,impossible_travel,impossible_travel,impossible_travel,Rule Override: geo_velocity_kmh > 900 km/h AND geo_distance > 500 km
e559cfd1-9dca-402e-97cb-d5f7635082ed,2026-05-01 21:22:21+00:00,SRV_0128,normal,unknown,unknown,XGBoost ML Classifier
0beb49ec-7e15-459c-ab6b-31c5e2f5d38e,2026-05-01 21:26:42+00:00,DEV_0703,normal,unknown,unknown,XGBoost ML Classifier
0a9f6beb-a66b-4f17-b0b4-f723e52ac22f,2026-05-01 21:56:31+00:00,SRV_0461,impossible_travel,impossible_travel,impossible_travel,Rule Override: geo_velocity_kmh > 900 km/h AND geo_distance > 500 km
908d04db-b578-4afb-90f8-9d0fe60601e7,2026-05-01 23:46:24+00:00,SRV_0548,impossible_travel,impossible_travel,impossible_travel,Rule Override: geo_velocity_kmh > 900 km/h AND geo_distance > 500 km
8931304f-dae3-44fe-9fc8-ea5f34626789,2026-05-01 23:47:50+00:00,DEV_0237,normal,unknown,unknown,XGBoost ML Classifier
32c685f2-b83e-408b-86fb-b5e4e9736e6e,2026-05-01 23:58:26+00:00,DEV_0294,normal,unknown,unknown,XGBoost ML Classifier
3db4961b-5512-49c9-98d7-a110c29db4e9,2026-05-01 23:59:24.595000+00:00,SRV_0697,normal,unknown,unknown,XGBoost ML Classifier
4a0f9695-5596-44d8-a290-617bc9fdad30,2026-05-01 23:59:26.504000+00:00,DEV_0026,normal,unknown,unknown,XGBoost ML Classifier
2a592832-13b0-4f0a-80fd-64d386f1f9fd,2026-05-02 00:00:00+00:00,SRV_0709,normal,unknown,unknown,XGBoost ML Classifier
a44e21a9-5acb-41c4-957f-4394a9035714,2026-05-02 00:00:00+00:00,DEV_0009,normal,unknown,unknown,XGBoost ML Classifier
94dae00d-271a-4f28-a9e7-f7b7385cfb8c,2026-05-02 00:00:00+00:00,DEV_0416,normal,unknown,unknown,XGBoost ML Classifier
b80b7e45-21a8-442c-b2f4-5e3b2034282f,2026-05-02 01:14:08+00:00,USR_0386,low_slow_exfil,low_slow_exfil,low_slow_exfil,XGBoost ML Classifier
c258ff9c-9f0a-482e-a725-6b61fb331f4b,2026-05-02 02:12:02+00:00,USR_0949,low_slow_exfil,low_slow_exfil,low_slow_exfil,XGBoost ML Classifier
2fb4e585-9ed3-4b24-bffc-77c5eb9d316a,2026-05-02 02:26:35+00:00,SRV_0702,normal,unknown,unknown,XGBoost ML Classifier
c926185c-3fde-4b48-abd3-19dc05614ca3,2026-05-02 02:43:03+00:00,DEV_0013,normal,unknown,unknown,XGBoost ML Classifier
341c1dc0-d6d9-4dda-b369-5e6d557cbfbb,2026-05-02 03:08:20+00:00,SRV_0209,normal,unknown,unknown,XGBoost ML Classifier
e3b51e56-7b7f-48d1-b932-61d254c49d4b,2026-05-02 04:29:38+00:00,SRV_0329,normal,unknown,unknown,XGBoost ML Classifier
1cc5ba65-0f33-4789-afc5-00ac287a511a,2026-05-02 04:30:31+00:00,SRV_0301,normal,unknown,unknown,XGBoost ML Classifier
c817846e-ba7f-4a35-b8e3-da3af35e5a4a,2026-05-02 06:00:06+00:00,SRV_0728,normal,unknown,unknown,XGBoost ML Classifier
41925f8f-9abc-4dbf-a7fe-d3b91d950f02,2026-05-02 06:23:45+00:00,DEV_0902,normal,unknown,unknown,XGBoost ML Classifier
9e19bf32-86fe-4f64-8dd5-b84f1385da73,2026-05-02 07:25:26+00:00,DEV_0281,impossible_travel,impossible_travel,impossible_travel,Rule Override: geo_velocity_kmh > 900 km/h AND geo_distance > 500 km
7a80a53c-10f6-4565-bf24-9d04f5aedc0d,2026-05-02 07:25:32+00:00,DEV_0876,normal,unknown,unknown,XGBoost ML Classifier
ca62f3c2-e448-4279-9d66-909ef7828a0d,2026-05-02 08:27:14+00:00,DEV_0788,normal,unknown,unknown,XGBoost ML Classifier
8fdc766f-ee98-4de5-b2f8-46909d8f67d3,2026-05-02 08:36:12+00:00,SRV_0819,normal,unknown,unknown,XGBoost ML Classifier
284b8c55-05c3-4db1-9216-d0d6503573a6,2026-05-02 08:38:39+00:00,DEV_0013,normal,unknown,unknown,XGBoost ML Classifier
860266d1-5de8-4df1-a39f-121893820ad6,2026-05-02 09:57:06+00:00,SRV_0843,normal,unknown,unknown,XGBoost ML Classifier
0063ae0b-eb9b-471c-82b3-28f9db3697c6,2026-05-02 10:10:26+00:00,USR_0254,device_spoofing,device_spoofing,device_spoofing,XGBoost ML Classifier
079da3f0-abe6-49c7-8ec0-e48c69cc4038,2026-05-02 10:44:59+00:00,DEV_0177,normal,unknown,unknown,XGBoost ML Classifier
5619e2cb-4898-4d4f-a8fb-76710c5a45ab,2026-05-02 10:50:40+00:00,USR_0012,normal,unknown,unknown,XGBoost ML Classifier
0a68f78d-2254-4921-86e3-c3492df153b2,2026-05-02 11:14:55+00:00,USR_0320,impossible_travel,impossible_travel,impossible_travel,Rule Override: geo_velocity_kmh > 900 km/h AND geo_distance > 500 km
d67ee2ac-1149-42d5-852a-4fbc87d494a7,2026-05-02 12:17:56+00:00,DEV_0420,normal,unknown,unknown,XGBoost ML Classifier
742f1b71-a3a3-446a-9008-fe3c68a67a6c,2026-05-02 12:25:50+00:00,DEV_0253,normal,unknown,unknown,XGBoost ML Classifier
ca68c3c8-6efd-4e10-961d-66f5169f8221,2026-05-02 12:57:53+00:00,SRV_0728,normal,unknown,unknown,XGBoost ML Classifier
03b04c35-7287-4348-98e3-c4b8fa79baa9,2026-05-02 13:17:59+00:00,USR_0251,normal,unknown,unknown,XGBoost ML Classifier
acf14652-5aff-44b5-a047-ee85948493f7,2026-05-02 13:20:21+00:00,SRV_0550,normal,unknown,unknown,XGBoost ML Classifier
4070223e-f8fb-4c82-b8c9-ad661383b2cb,2026-05-02 13:24:16+00:00,SRV_0372,normal,unknown,unknown,XGBoost ML Classifier
21bf8171-8752-41e9-a8bb-d99fa0f9e771,2026-05-02 13:41:32+00:00,DEV_0848,normal,unknown,unknown,XGBoost ML Classifier
6019c280-c27f-4fdb-9f51-6c8effbeb852,2026-05-02 14:16:10+00:00,SRV_0329,impossible_travel,impossible_travel,impossible_travel,Rule Override: geo_velocity_kmh > 900 km/h AND geo_distance > 500 km
6a5031e7-f11c-452b-b4a9-bcfb0243750b,2026-05-02 14:54:57+00:00,DEV_0420,normal,unknown,unknown,XGBoost ML Classifier
d1007d2e-acd9-475e-93ca-608240602abd,2026-05-02 15:21:18+00:00,DEV_0084,normal,unknown,unknown,XGBoost ML Classifier
58651321-a72e-42bd-93d6-faf4b013ba50,2026-05-02 15:30:46+00:00,SRV_0640,normal,unknown,unknown,XGBoost ML Classifier
863a5d0a-55fa-4164-8ae6-eb8a0b1d3d16,2026-05-02 15:30:53+00:00,DEV_0902,normal,unknown,unknown,XGBoost ML Classifier
e3ca57d8-aba6-4101-bdab-79d162a7129c,2026-05-02 16:06:51+00:00,SRV_0621,normal,unknown,unknown,XGBoost ML Classifier
4ef7e391-7d15-4a7d-bfe8-a43c827244c5,2026-05-02 17:19:40+00:00,DEV_0026,normal,unknown,unknown,XGBoost ML Classifier
cef69d12-6796-47d2-9f02-8f6b647bd5d1,2026-05-02 18:21:42+00:00,USR_0825,device_spoofing,device_spoofing,device_spoofing,XGBoost ML Classifier
924d9395-cbe1-47e9-97d8-c8d6c9dc7425,2026-05-02 18:22:42+00:00,USR_0825,device_spoofing,device_spoofing,device_spoofing,XGBoost ML Classifier
5a27753c-57e2-43bb-8bd3-550132681190,2026-05-02 18:23:43+00:00,DEV_0799,normal,unknown,unknown,XGBoost ML Classifier
e5a75b5d-e97b-4781-85e4-6682955fa3ee,2026-05-02 19:20:08+00:00,SRV_0702,normal,unknown,unknown,XGBoost ML Classifier
c6b03c84-e5dc-4690-9fb6-46e0dd2961de,2026-05-02 19:27:02+00:00,SRV_0728,normal,unknown,unknown,XGBoost ML Classifier
ecf7e65a-e953-42df-b188-57d100a3ea0a,2026-05-02 20:03:52+00:00,SRV_0525,normal,unknown,unknown,XGBoost ML Classifier
c9ecf970-bc19-483c-9b3e-42332eca1b21,2026-05-02 20:30:02+00:00,DEV_0685,normal,unknown,lateral_movement,XGBoost ML Classifier
1f61d7b1-0382-4351-9326-56e50d2da905,2026-05-02 21:36:01+00:00,SRV_0550,normal,unknown,unknown,XGBoost ML Classifier
3dbeef2c-2463-42d5-929f-7ea81446c216,2026-05-02 21:51:44+00:00,SRV_0207,normal,unknown,unknown,XGBoost ML Classifier
346dcb06-5d9c-45c6-b79e-109f98ab71f4,2026-05-02 22:09:43+00:00,SRV_0128,normal,unknown,unknown,XGBoost ML Classifier
2665a7f5-64ad-42d0-91d4-90957079d1f9,2026-05-02 22:47:03+00:00,SRV_0083,normal,unknown,unknown,XGBoost ML Classifier
e4ad394b-2058-4b08-9f9a-96c5cc1558fd,2026-05-02 23:24:19+00:00,SRV_0697,impossible_travel,impossible_travel,impossible_travel,Rule Override: geo_velocity_kmh > 900 km/h AND geo_distance > 500 km
868d5733-ddd3-4a2f-ad67-a143d7ce1f28,2026-05-02 23:29:24+00:00,SRV_0314,normal,unknown,unknown,XGBoost ML Classifier
e7d4d59e-19dd-42aa-9bf0-9827ab0923a8,2026-05-02 23:59:24+00:00,SRV_0477,normal,unknown,unknown,XGBoost ML Classifier
b9b77d9d-930e-4dd0-9735-247c57061bca,2026-05-02 23:59:24.566000+00:00,DEV_0065,normal,unknown,unknown,XGBoost ML Classifier
c020c68a-a81a-4354-97c7-d36a03402589,2026-05-03 00:00:00+00:00,SRV_0693,normal,unknown,unknown,XGBoost ML Classifier
b32c56ea-7e91-4e7c-93cb-ce7372b9a7ca,2026-05-03 00:55:49+00:00,SRV_0919,normal,unknown,unknown,XGBoost ML Classifier
53579bf1-4768-4aea-8ccf-fe826f158480,2026-05-03 01:11:42+00:00,DEV_0311,normal,unknown,unknown,XGBoost ML Classifier
d0f59413-7c32-4b9d-8444-ce15d2fd448a,2026-05-03 01:23:38+00:00,SRV_0818,impossible_travel,impossible_travel,impossible_travel,Rule Override: geo_velocity_kmh > 900 km/h AND geo_distance > 500 km
f0387050-965c-4dca-8ec2-31ddb81adace,2026-05-03 01:29:10+00:00,SRV_0908,impossible_travel,impossible_travel,impossible_travel,Rule Override: geo_velocity_kmh > 900 km/h AND geo_distance > 500 km
8c674b2a-a27e-4b49-a457-e14b94709914,2026-05-03 01:32:21+00:00,USR_0949,low_slow_exfil,low_slow_exfil,low_slow_exfil,XGBoost ML Classifier
304796c4-3e22-4f31-b6f5-12f2e99ff8e2,2026-05-03 01:55:13+00:00,USR_0386,low_slow_exfil,low_slow_exfil,low_slow_exfil,XGBoost ML Classifier
3d46b10f-21ba-4581-8e0b-c0daf96d0d6e,2026-05-03 02:42:01+00:00,DEV_0245,normal,unknown,unknown,XGBoost ML Classifier
65ebbe20-ae8e-4b0d-8a73-8f1e9e3ef7b9,2026-05-03 02:54:46+00:00,SRV_0785,impossible_travel,impossible_travel,impossible_travel,Rule Override: geo_velocity_kmh > 900 km/h AND geo_distance > 500 km
b2d7d845-320c-4f73-ab4f-e1d7e467ab26,2026-05-03 04:02:38+00:00,SRV_0963,normal,unknown,unknown,XGBoost ML Classifier
de85a340-ee12-4cd6-b93f-9ae1a49e7419,2026-05-03 04:22:49+00:00,SRV_0228,normal,unknown,unknown,XGBoost ML Classifier
e83d1361-37dd-45cf-80ae-d917bdf223e7,2026-05-03 04:24:45+00:00,SRV_0591,normal,unknown,unknown,XGBoost ML Classifier
831fa178-5ef8-491d-960d-17df143bf2bd,2026-05-03 04:39:29+00:00,SRV_0570,normal,unknown,unknown,XGBoost ML Classifier
2f33313b-6ff9-4370-a697-04cfa5608ab8,2026-05-03 04:57:54+00:00,SRV_0078,normal,unknown,unknown,XGBoost ML Classifier
4d2ff90b-fdb3-4740-ae2b-45e37c4f4edc,2026-05-03 05:03:05+00:00,DEV_0799,normal,unknown,unknown,XGBoost ML Classifier
33590184-cdec-479a-a45b-83ee2361d3f7,2026-05-03 05:21:04+00:00,DEV_0787,normal,unknown,unknown,XGBoost ML Classifier
e2bf90e0-4e7a-48dd-91df-621c7c688416,2026-05-03 05:34:44+00:00,DEV_0429,normal,unknown,unknown,XGBoost ML Classifier
b237f796-641b-44c3-86af-06a1a8ed9f60,2026-05-03 05:49:23+00:00,DEV_0444,normal,unknown,unknown,XGBoost ML Classifier
ce557035-0fef-4080-8f82-a7573a5eb135,2026-05-03 06:18:13+00:00,DEV_0416,normal,unknown,unknown,XGBoost ML Classifier
b23da515-5a82-4620-b0fe-e3eb728e690a,2026-05-03 07:00:29+00:00,DEV_0932,normal,unknown,unknown,XGBoost ML Classifier
8f5d0e20-bf30-4c4a-b381-6d3fa069ae04,2026-05-03 08:30:12+00:00,DEV_0588,normal,unknown,unknown,XGBoost ML Classifier
5503a8a9-ab38-42f1-9716-59e49621097e,2026-05-03 08:53:07+00:00,SRV_0314,normal,unknown,unknown,XGBoost ML Classifier
99f647ad-c2b9-47e1-ad82-264c929d1c31,2026-05-03 09:21:07+00:00,SRV_0733,normal,unknown,unknown,XGBoost ML Classifier
a7562402-ffdc-45b3-8100-802ed27ea2fa,2026-05-03 09:46:23+00:00,DEV_0593,normal,unknown,unknown,XGBoost ML Classifier
4b82cc5c-b0fe-4175-b7df-55f947754cfd,2026-05-03 10:01:12+00:00,DEV_0177,normal,unknown,unknown,XGBoost ML Classifier
d7837779-4303-4fa8-ac29-31d2e9ce913f,2026-05-03 11:09:59+00:00,DEV_0137,normal,unknown,unknown,XGBoost ML Classifier
04d2cdce-021f-4390-8c64-8f5e0781324f,2026-05-03 11:12:14+00:00,SRV_0709,normal,unknown,unknown,XGBoost ML Classifier
93ad27f3-7d98-4f8f-bf31-e6887ba1a910,2026-05-03 11:48:55+00:00,DEV_0279,normal,unknown,unknown,XGBoost ML Classifier
e1ffea55-7e2e-4a69-827d-b7933a4ec050,2026-05-03 11:59:48+00:00,SRV_0283,normal,unknown,unknown,XGBoost ML Classifier
67eae109-7601-42bf-9c85-57b9af34c1c3,2026-05-03 12:00:48+00:00,SRV_0670,normal,unknown,unknown,XGBoost ML Classifier
ffff97cc-6624-4cc3-a8b8-9ebacd337013,2026-05-03 12:54:30+00:00,SRV_0159,normal,unknown,unknown,XGBoost ML Classifier
33906ef0-c97c-488a-9d9b-6b7f30c830c7,2026-05-03 13:03:11+00:00,SRV_0469,normal,unknown,unknown,XGBoost ML Classifier
4ed69b91-8746-4c45-8d16-56b004f940d7,2026-05-03 13:25:56+00:00,SRV_0733,normal,unknown,unknown,XGBoost ML Classifier
ddb519fb-42b2-48a3-9352-dc05041091e0,2026-05-03 14:08:26+00:00,DEV_0514,normal,unknown,unknown,XGBoost ML Classifier
f21a0ba5-d60f-4452-bc76-cb7b0f7ac6e7,2026-05-03 14:46:32+00:00,DEV_0332,normal,unknown,unknown,XGBoost ML Classifier
db8a9457-e47e-4f6c-803f-41ddd5ccbc77,2026-05-03 15:23:42+00:00,SRV_0797,normal,unknown,unknown,XGBoost ML Classifier
ee4bf04f-eda3-4807-be67-c6267709e1a2,2026-05-03 16:35:51+00:00,DEV_0343,normal,unknown,unknown,XGBoost ML Classifier
04c5ef61-c86f-4a45-8871-945d92b42794,2026-05-03 16:39:18+00:00,DEV_0144,normal,unknown,unknown,XGBoost ML Classifier
fc52b439-d6af-4171-b3a7-142d288276df,2026-05-03 17:25:34+00:00,DEV_0664,normal,unknown,unknown,XGBoost ML Classifier
a079df25-6a79-4b9d-91c8-df6e1734d7f2,2026-05-03 17:50:38+00:00,SRV_0645,normal,unknown,unknown,XGBoost ML Classifier
d81e52a3-2770-4c85-a7b7-c322ebe176b1,2026-05-03 17:57:33+00:00,USR_0088,impossible_travel,impossible_travel,impossible_travel,Rule Override: geo_velocity_kmh > 900 km/h AND geo_distance > 500 km
e1071e8c-fb61-4252-8b26-17873db49931,2026-05-03 18:15:43+00:00,DEV_0444,normal,unknown,unknown,XGBoost ML Classifier
16a8381d-833a-4671-8631-f870fe3d3f55,2026-05-03 19:36:31+00:00,SRV_0963,normal,unknown,unknown,XGBoost ML Classifier
affaad3c-d6a4-4214-9fca-1f2af9638e0c,2026-05-03 19:41:01+00:00,SRV_0898,normal,unknown,unknown,XGBoost ML Classifier
af26303d-34e1-4a0b-ad68-6b045f99cfc6,2026-05-03 21:00:09+00:00,SRV_0702,normal,unknown,unknown,XGBoost ML Classifier
7a0dd0a9-5195-4128-b504-cbf4f72b9d00,2026-05-03 23:37:12+00:00,DEV_0932,normal,unknown,unknown,XGBoost ML Classifier
96c37563-da12-41a5-a4ed-cd20d8460387,2026-05-03 23:59:24+00:00,DEV_0009,normal,unknown,unknown,XGBoost ML Classifier
7dacc1f5-b75e-4fe0-9149-efa3c19015d1,2026-05-03 23:59:24.627000+00:00,DEV_0664,normal,unknown,unknown,XGBoost ML Classifier
6f254597-40a7-4f91-a05a-bbce224f5a82,2026-05-03 23:59:25.501000+00:00,DEV_0164,normal,unknown,unknown,XGBoost ML Classifier
8ec33c58-0b0e-4f21-9765-44ed1b9f044a,2026-05-04 00:00:00+00:00,SRV_0293,normal,unknown,unknown,XGBoost ML Classifier
73335fef-ab30-4245-835b-aea8f15fc6fa,2026-05-04 00:00:01.759000+00:00,SRV_0348,normal,unknown,unknown,XGBoost ML Classifier
2a53b2f7-481d-40bf-81cc-115fe5b57579,2026-05-04 00:00:03.632000+00:00,DEV_0849,normal,unknown,unknown,XGBoost ML Classifier
91754038-9e03-4ba2-b950-8a3799e8572f,2026-05-04 00:05:24+00:00,SRV_0461,impossible_travel,impossible_travel,impossible_travel,Rule Override: geo_velocity_kmh > 900 km/h AND geo_distance > 500 km
e9bcdcbc-15f0-41ca-b0b1-cc1ee9287a4b,2026-05-04 00:13:52+00:00,SRV_0180,impossible_travel,impossible_travel,impossible_travel,Rule Override: geo_velocity_kmh > 900 km/h AND geo_distance > 500 km
13827c31-2d95-4c0d-87b4-69966b0d1ca5,2026-05-04 00:15:00+00:00,SRV_0728,impossible_travel,impossible_travel,impossible_travel,Rule Override: geo_velocity_kmh > 900 km/h AND geo_distance > 500 km
34a1b168-7232-468a-bb15-05631fa32987,2026-05-04 00:29:08+00:00,DEV_0703,normal,unknown,unknown,XGBoost ML Classifier
06bf6885-63b2-4003-8cf5-fc2ff44277c6,2026-05-04 02:34:27+00:00,USR_0234,normal,unknown,unknown,XGBoost ML Classifier
7d497f52-697b-438d-9a33-b56d6b1f49b0,2026-05-04 02:35:51+00:00,DEV_0788,normal,unknown,unknown,XGBoost ML Classifier
16c2e3b5-2cfb-4efb-8a7d-cb9fd1ef1379,2026-05-04 02:37:25.616991+00:00,DEV_0406,lateral_movement,lateral_movement,low_slow_exfil,XGBoost ML Classifier
4d51892a-cbc0-4a76-a66b-782599bfcc4a,2026-05-04 02:53:35+00:00,DEV_0703,normal,unknown,unknown,XGBoost ML Classifier
c2ac870e-9b44-4236-9e1e-b20a3f68859c,2026-05-04 03:06:51+00:00,USR_0386,low_slow_exfil,low_slow_exfil,low_slow_exfil,XGBoost ML Classifier
497693c4-a464-4d9d-a37a-d28f5e510038,2026-05-04 04:00:38+00:00,DEV_0212,normal,unknown,unknown,XGBoost ML Classifier
88ce1e2a-bbce-4e98-8b84-36b8a201f220,2026-05-04 04:16:25+00:00,DEV_0837,normal,unknown,unknown,XGBoost ML Classifier
52c62022-0bad-465e-979f-f48107540882,2026-05-04 05:20:51+00:00,USR_0179,normal,unknown,unknown,XGBoost ML Classifier
7f7a50a1-b819-41a0-988d-810fa88e7811,2026-05-04 05:32:45+00:00,DEV_0848,impossible_travel,impossible_travel,impossible_travel,Rule Override: geo_velocity_kmh > 900 km/h AND geo_distance > 500 km
324aab4e-cb3a-4e09-955c-23c16fda7bf9,2026-05-04 05:52:21+00:00,DEV_0084,normal,unknown,unknown,XGBoost ML Classifier
63b9cbde-a1cd-4486-b43d-0213e61e6ffd,2026-05-04 06:04:52+00:00,USR_0393,impossible_travel,impossible_travel,impossible_travel,Rule Override: geo_velocity_kmh > 900 km/h AND geo_distance > 500 km
e04c3b66-eac1-4635-a94a-aa9684278bd9,2026-05-04 06:15:23+00:00,USR_0895,normal,unknown,unknown,XGBoost ML Classifier
8437db88-16c2-4f96-b420-808372746c22,2026-05-04 06:20:33+00:00,DEV_0237,normal,unknown,unknown,XGBoost ML Classifier
48bc6bb4-7d7c-47ef-a80f-0a5ed0202405,2026-05-04 07:10:13+00:00,DEV_0514,normal,unknown,unknown,XGBoost ML Classifier
f527afb7-5faf-4f08-b895-da0920948e2f,2026-05-04 07:24:29+00:00,USR_0657,impossible_travel,impossible_travel,impossible_travel,Rule Override: geo_velocity_kmh > 900 km/h AND geo_distance > 500 km
3490f1fc-cb34-426f-b606-38c8b4b3c02f,2026-05-04 07:37:40+00:00,DEV_0294,normal,unknown,unknown,XGBoost ML Classifier
2192b1c9-6ec5-4c38-b5e2-5cf4d52b5355,2026-05-04 08:26:38+00:00,DEV_0332,normal,unknown,unknown,XGBoost ML Classifier
bc9b8ab9-69f2-4a6f-8a57-6a62cb58ca8f,2026-05-04 08:32:04+00:00,USR_0035,impossible_travel,impossible_travel,impossible_travel,Rule Override: geo_velocity_kmh > 900 km/h AND geo_distance > 500 km
3ddf357c-be16-4118-984c-c3d9623faff0,2026-05-04 08:54:19+00:00,DEV_0420,normal,unknown,unknown,XGBoost ML Classifier
09812618-d000-4aaf-9587-e3bb530b2529,2026-05-04 09:07:17+00:00,USR_0954,normal,unknown,unknown,XGBoost ML Classifier
f8a98710-1eaf-4646-ab0f-0bc72c256e8c,2026-05-04 09:09:24+00:00,DEV_0368,normal,unknown,unknown,XGBoost ML Classifier
5a7df65c-94de-40f7-932e-f36491a78741,2026-05-04 09:10:55+00:00,SRV_0081,normal,unknown,unknown,XGBoost ML Classifier
d0940044-40b6-4fbb-93b5-170aacf28b72,2026-05-04 09:15:35+00:00,DEV_0837,normal,unknown,unknown,XGBoost ML Classifier
24f17e60-0eb5-4731-b847-b50397c952c6,2026-05-04 09:57:30+00:00,DEV_0711,normal,unknown,unknown,XGBoost ML Classifier
53766b47-4f5e-4a01-b7ef-9177671b3c79,2026-05-04 10:07:09+00:00,DEV_0787,normal,unknown,unknown,XGBoost ML Classifier
0496b774-9c70-4daa-aec3-daf605d70a42,2026-05-04 10:07:18+00:00,DEV_0199,impossible_travel,impossible_travel,impossible_travel,Rule Override: geo_velocity_kmh > 900 km/h AND geo_distance > 500 km
ffc4edcf-b778-4395-9a86-97759165adfc,2026-05-04 10:29:10+00:00,SRV_0645,impossible_travel,impossible_travel,impossible_travel,Rule Override: geo_velocity_kmh > 900 km/h AND geo_distance > 500 km
9b4ed9c6-562b-4a9c-94f2-6542e4057adb,2026-05-04 10:33:57+00:00,SRV_0702,normal,unknown,unknown,XGBoost ML Classifier
4f572a22-2f84-4467-a31c-f08b16214d68,2026-05-04 11:02:33+00:00,USR_0342,impossible_travel,impossible_travel,impossible_travel,Rule Override: geo_velocity_kmh > 900 km/h AND geo_distance > 500 km
2b3af544-d246-4625-8a0f-3cc74b180693,2026-05-04 11:15:13+00:00,DEV_0013,normal,unknown,unknown,XGBoost ML Classifier
e376e0f4-51a6-41ec-9287-9ecf31fe6eee,2026-05-04 12:13:10+00:00,USR_0390,impossible_travel,impossible_travel,impossible_travel,Rule Override: geo_velocity_kmh > 900 km/h AND geo_distance > 500 km
4cc2d728-bfa8-4d36-85db-240dc670df12,2026-05-04 12:48:07+00:00,USR_0021,impossible_travel,impossible_travel,impossible_travel,Rule Override: geo_velocity_kmh > 900 km/h AND geo_distance > 500 km
08f75021-8c0f-4ef9-9637-c6b2d240b33b,2026-05-04 12:49:47+00:00,SRV_0670,impossible_travel,impossible_travel,impossible_travel,Rule Override: geo_velocity_kmh > 900 km/h AND geo_distance > 500 km
5390e68f-c261-4479-9a9e-cf494f468f98,2026-05-04 12:53:38+00:00,USR_0488,device_spoofing,device_spoofing,device_spoofing,XGBoost ML Classifier
3b282345-d7fb-47e1-a8b3-613b0a586a3d,2026-05-04 12:54:58+00:00,USR_0399,normal,unknown,unknown,XGBoost ML Classifier
ab6780e8-64b9-4308-9ae2-49510ed88409,2026-05-04 13:02:33+00:00,DEV_0394,normal,unknown,unknown,XGBoost ML Classifier
ae505ada-8d29-464c-b5ee-256aed9093fd,2026-05-04 13:05:23+00:00,USR_0764,impossible_travel,impossible_travel,impossible_travel,Rule Override: geo_velocity_kmh > 900 km/h AND geo_distance > 500 km
2d9803b5-1b1b-41bc-8e91-5910e5d73fd8,2026-05-04 13:22:10+00:00,USR_0716,impossible_travel,impossible_travel,impossible_travel,Rule Override: geo_velocity_kmh > 900 km/h AND geo_distance > 500 km
3a88bac4-1714-4a8b-8ac0-c82c7e1ba565,2026-05-04 13:50:22+00:00,USR_0600,impossible_travel,impossible_travel,impossible_travel,Rule Override: geo_velocity_kmh > 900 km/h AND geo_distance > 500 km
8cec070f-d377-4fab-966a-a4cb752272a8,2026-05-04 14:57:18+00:00,USR_0719,normal,unknown,unknown,XGBoost ML Classifier
5c72b86c-762b-403a-894a-7e20b397b585,2026-05-04 15:17:20+00:00,USR_0032,impossible_travel,impossible_travel,impossible_travel,Rule Override: geo_velocity_kmh > 900 km/h AND geo_distance > 500 km
e5104f9f-80f9-4aba-aeba-6eb823d38002,2026-05-04 15:17:59+00:00,DEV_0429,normal,unknown,unknown,XGBoost ML Classifier
8d4a7f59-dd29-4fa8-a30c-87f5d7e6aca5,2026-05-04 15:28:37+00:00,SRV_0372,normal,unknown,unknown,XGBoost ML Classifier
068e1f2c-abe1-4a05-bffe-928cb91b8bf4,2026-05-04 15:43:38+00:00,DEV_0013,normal,unknown,unknown,XGBoost ML Classifier
7152c1a7-46d1-4cb2-848a-6c2c7934ca9f,2026-05-04 16:16:18+00:00,DEV_0685,normal,unknown,unknown,XGBoost ML Classifier
32cfe990-719b-47e5-81b2-7664fe951f7f,2026-05-04 16:32:40+00:00,USR_0981,impossible_travel,impossible_travel,impossible_travel,Rule Override: geo_velocity_kmh > 900 km/h AND geo_distance > 500 km
c1182eb9-c252-4c3b-948a-b1c87d5dde6d,2026-05-04 17:42:50+00:00,DEV_0065,normal,unknown,unknown,XGBoost ML Classifier
95f8f6e8-3c47-4442-a649-10fc98e0c3a8,2026-05-04 17:42:57+00:00,SRV_0457,normal,unknown,unknown,XGBoost ML Classifier
45620a87-9197-41aa-9cd0-d3ab6af961da,2026-05-04 18:19:04+00:00,DEV_0703,normal,unknown,unknown,XGBoost ML Classifier
0ad06dc6-8e99-457b-b610-9e0cb05ab0dc,2026-05-04 18:38:22+00:00,DEV_0286,impossible_travel,impossible_travel,impossible_travel,Rule Override: geo_velocity_kmh > 900 km/h AND geo_distance > 500 km
d5cba506-5bcd-4aa3-a884-f37278897c10,2026-05-04 18:47:14+00:00,USR_0853,impossible_travel,impossible_travel,impossible_travel,Rule Override: geo_velocity_kmh > 900 km/h AND geo_distance > 500 km
9bbf96a4-0769-4fa1-9fe9-7a3f89715902,2026-05-04 18:55:29+00:00,DEV_0862,normal,unknown,unknown,XGBoost ML Classifier
499db43b-b565-49fc-87ff-6e058387ffcf,2026-05-04 19:16:29+00:00,USR_0972,impossible_travel,impossible_travel,impossible_travel,Rule Override: geo_velocity_kmh > 900 km/h AND geo_distance > 500 km
e2d712d9-163b-4a7c-8379-3d3ae3855e32,2026-05-04 20:02:55+00:00,SRV_0731,normal,unknown,unknown,XGBoost ML Classifier
a248335a-d251-455b-9d30-6aae11a09516,2026-05-04 20:15:48+00:00,USR_0278,impossible_travel,impossible_travel,impossible_travel,Rule Override: geo_velocity_kmh > 900 km/h AND geo_distance > 500 km
57aa342f-3c87-405b-92fa-d2dff79c9a7c,2026-05-04 20:18:24+00:00,DEV_0384,normal,unknown,unknown,XGBoost ML Classifier
e0b2383a-dbaa-4b5f-9473-f6709a48a98b,2026-05-04 20:46:25+00:00,DEV_0863,impossible_travel,impossible_travel,impossible_travel,Rule Override: geo_velocity_kmh > 900 km/h AND geo_distance > 500 km
513092b4-8c36-4181-977b-cb433b79a87f,2026-05-04 20:51:12+00:00,SRV_0566,normal,unknown,unknown,XGBoost ML Classifier
984f13af-a212-4db2-b2f3-37b916d7c87d,2026-05-04 21:04:46.385829+00:00,DEV_0753,lateral_movement,lateral_movement,lateral_movement,XGBoost ML Classifier
f36f99e4-7fa4-4bb9-8529-b861f5688ea0,2026-05-04 21:14:28+00:00,USR_0625,impossible_travel,impossible_travel,impossible_travel,Rule Override: geo_velocity_kmh > 900 km/h AND geo_distance > 500 km
cdef2de0-e2f6-4e3f-9db3-eec9e5b33c20,2026-05-04 22:18:48+00:00,USR_0038,normal,unknown,unknown,XGBoost ML Classifier
26fa6303-d16e-49d3-adc8-e8e0c18f0378,2026-05-04 22:51:34+00:00,USR_0912,impossible_travel,impossible_travel,impossible_travel,Rule Override: geo_velocity_kmh > 900 km/h AND geo_distance > 500 km
14740fc8-e863-4894-8482-f9dcbeb384dc,2026-05-04 23:59:24+00:00,DEV_0593,normal,unknown,unknown,XGBoost ML Classifier
5c041747-0b68-48f5-8426-e63c2206e170,2026-05-04 23:59:24+00:00,DEV_0164,normal,unknown,unknown,XGBoost ML Classifier
086c71f1-663e-4fd0-98e4-0c91db18df37,2026-05-04 23:59:24+00:00,DEV_0026,normal,unknown,unknown,XGBoost ML Classifier
4f28603d-129b-4b5c-8d1d-8d95f4cbb044,2026-05-04 23:59:27.990000+00:00,SRV_0461,normal,unknown,unknown,XGBoost ML Classifier
86a559e0-bf85-4970-acef-5554bd4d299b,2026-05-05 00:00:00+00:00,SRV_0670,normal,unknown,unknown,XGBoost ML Classifier
9ae016f0-98ab-43be-a85d-1bcfcb0dab22,2026-05-05 00:00:00+00:00,SRV_0301,normal,unknown,unknown,XGBoost ML Classifier
5bbb8e7f-490b-4654-bb30-7db71964aa16,2026-05-05 00:15:00+00:00,SRV_0457,impossible_travel,impossible_travel,impossible_travel,Rule Override: geo_velocity_kmh > 900 km/h AND geo_distance > 500 km
17e49b08-7af7-49a0-9bd5-7da83febdc44,2026-05-05 01:44:34+00:00,USR_0949,low_slow_exfil,low_slow_exfil,low_slow_exfil,XGBoost ML Classifier
bd85203c-d139-4e48-a4ab-45b792f3f23b,2026-05-05 02:43:42+00:00,DEV_0065,normal,unknown,unknown,XGBoost ML Classifier
32894019-bae5-40cd-a234-4a330e25b70b,2026-05-05 02:43:53+00:00,SRV_0919,normal,unknown,unknown,XGBoost ML Classifier
a5da5de9-1ef0-4be8-b8fa-e6b4c5495789,2026-05-05 03:17:31+00:00,DEV_0414,normal,unknown,unknown,XGBoost ML Classifier
3c3ad9a9-16d6-46d5-b468-d3ede35177e8,2026-05-05 03:22:51+00:00,USR_0206,low_slow_exfil,low_slow_exfil,low_slow_exfil,XGBoost ML Classifier
ddcff19f-676b-4fcb-b81a-b89adf17defb,2026-05-05 03:24:12+00:00,DEV_0425,impossible_travel,impossible_travel,impossible_travel,Rule Override: geo_velocity_kmh > 900 km/h AND geo_distance > 500 km
ef28df59-3a55-431f-a8c7-75df30d17a81,2026-05-05 03:29:05+00:00,USR_0386,low_slow_exfil,low_slow_exfil,low_slow_exfil,XGBoost ML Classifier
c9827bc4-bb63-4bf6-8655-678273d83444,2026-05-05 03:33:28+00:00,DEV_0212,normal,unknown,unknown,XGBoost ML Classifier
8630290c-9437-4a81-9727-29f7ef48b346,2026-05-05 03:45:25+00:00,SRV_0670,normal,unknown,unknown,XGBoost ML Classifier
a644270a-6b86-489a-b414-00b3966a006c,2026-05-05 04:31:07+00:00,DEV_0026,impossible_travel,impossible_travel,impossible_travel,Rule Override: geo_velocity_kmh > 900 km/h AND geo_distance > 500 km
c64bae65-044f-471e-9eb8-cfb045e0e3dd,2026-05-05 04:38:49+00:00,SRV_0709,normal,unknown,lateral_movement,XGBoost ML Classifier
0a2ae3e4-c30c-453d-88ad-0ace503de915,2026-05-05 05:11:20+00:00,USR_0035,normal,unknown,unknown,XGBoost ML Classifier
d322287b-49dd-4a96-834d-1c6fc646c067,2026-05-05 05:29:58+00:00,SRV_0630,impossible_travel,impossible_travel,impossible_travel,Rule Override: geo_velocity_kmh > 900 km/h AND geo_distance > 500 km
c7d3291d-072a-4160-b241-68adfdc29552,2026-05-05 06:26:45+00:00,DEV_0932,normal,unknown,unknown,XGBoost ML Classifier
11167808-d32a-4b2e-8bb1-adaffb32ceed,2026-05-05 06:29:51+00:00,DEV_0902,normal,unknown,unknown,XGBoost ML Classifier
da4a3b8d-875f-40fb-9a0f-65a203b96803,2026-05-05 07:05:07+00:00,SRV_0078,normal,unknown,unknown,XGBoost ML Classifier
2d438ade-f1ce-4311-95f7-623e623e0127,2026-05-05 07:45:49+00:00,USR_0895,normal,unknown,unknown,XGBoost ML Classifier
634a43b4-77b1-44b4-900b-292c9d5590e8,2026-05-05 07:54:36+00:00,DEV_0265,normal,unknown,unknown,XGBoost ML Classifier
28ef19b8-6cd1-4c43-bdde-273ff8ea9a9a,2026-05-05 08:42:11+00:00,SRV_0480,normal,unknown,unknown,XGBoost ML Classifier
1e6f1a1d-40bb-4dca-aae8-e0c8405c3fd6,2026-05-05 09:24:24+00:00,DEV_0164,normal,unknown,unknown,XGBoost ML Classifier
864418ec-3702-4b3a-814b-e266f02fdc49,2026-05-05 09:28:51+00:00,USR_0551,impossible_travel,impossible_travel,impossible_travel,Rule Override: geo_velocity_kmh > 900 km/h AND geo_distance > 500 km
94376faa-5b77-4e1d-aafe-a834fa5b2d9e,2026-05-05 10:05:17+00:00,SRV_0329,normal,unknown,unknown,XGBoost ML Classifier
471834ae-10e2-4895-a879-c5d6325e9238,2026-05-05 10:11:08+00:00,USR_0179,impossible_travel,impossible_travel,impossible_travel,Rule Override: geo_velocity_kmh > 900 km/h AND geo_distance > 500 km
6f1bb71f-eba7-414b-ab89-3eb40c37c103,2026-05-05 10:13:59+00:00,DEV_0947,normal,unknown,unknown,XGBoost ML Classifier
33b80389-4df9-4050-8495-1b148e88d214,2026-05-05 10:17:42+00:00,USR_0235,impossible_travel,impossible_travel,impossible_travel,Rule Override: geo_velocity_kmh > 900 km/h AND geo_distance > 500 km
9a313288-8337-47e0-8857-708e4c309044,2026-05-05 10:39:59+00:00,DEV_0537,normal,unknown,unknown,XGBoost ML Classifier
87bfaa65-5967-4b8f-9118-679458484ede,2026-05-05 11:05:47+00:00,USR_0699,impossible_travel,impossible_travel,impossible_travel,Rule Override: geo_velocity_kmh > 900 km/h AND geo_distance > 500 km
162061a7-03a7-44fd-9d42-e360f78b6bfb,2026-05-05 11:10:54+00:00,DEV_0030,normal,unknown,unknown,XGBoost ML Classifier
4a278052-0854-4da5-b5b5-cd02b28ff2bd,2026-05-05 11:30:05+00:00,USR_0041,impossible_travel,impossible_travel,impossible_travel,Rule Override: geo_velocity_kmh > 900 km/h AND geo_distance > 500 km
893ba4c0-447e-4bd2-821f-1c0ea2c06a64,2026-05-05 11:34:46+00:00,DEV_0877,normal,unknown,unknown,XGBoost ML Classifier
6ac3f92b-f31d-47b0-bfff-2fe8bfe583ce,2026-05-05 11:37:56+00:00,DEV_0332,normal,unknown,unknown,XGBoost ML Classifier
c3b532d6-c378-4308-a196-c80a291ba7a6,2026-05-05 11:44:19+00:00,SRV_0329,normal,unknown,unknown,XGBoost ML Classifier
435544fc-f1fd-42f7-a8d7-e2d01463e937,2026-05-05 12:07:04+00:00,USR_0751,normal,unknown,unknown,XGBoost ML Classifier
b6f92684-249e-49c4-b31f-8ee3bc329ee3,2026-05-05 12:08:53+00:00,DEV_0416,normal,unknown,unknown,XGBoost ML Classifier
21120006-e8c3-48e9-adc0-97fddb45d350,2026-05-05 12:31:12+00:00,DEV_0294,normal,unknown,unknown,XGBoost ML Classifier
31f7860b-405b-4dda-a074-4135cdb12ecd,2026-05-05 12:33:32+00:00,DEV_0013,normal,unknown,unknown,XGBoost ML Classifier
3e82a068-ec35-4649-bc48-bb386f5fa7cd,2026-05-05 12:35:11+00:00,USR_0872,normal,unknown,unknown,XGBoost ML Classifier
d8caca95-7517-41b1-bbe5-7e4873f52209,2026-05-05 12:52:21+00:00,USR_0445,impossible_travel,impossible_travel,impossible_travel,Rule Override: geo_velocity_kmh > 900 km/h AND geo_distance > 500 km
ae39e2f4-67b9-40f0-a8b6-e3ffef2519ca,2026-05-05 12:53:31+00:00,USR_0553,impossible_travel,impossible_travel,impossible_travel,Rule Override: geo_velocity_kmh > 900 km/h AND geo_distance > 500 km
bba27eda-9306-4d06-9461-a2d85a135b01,2026-05-05 14:19:37+00:00,DEV_0902,normal,unknown,unknown,XGBoost ML Classifier
478a4dea-0565-4f84-ab59-2541d0aa27c8,2026-05-05 14:33:08+00:00,USR_0440,normal,unknown,unknown,XGBoost ML Classifier
d7aa90a0-d3e5-4ef1-9990-be718d4f8383,2026-05-05 15:03:39+00:00,DEV_0181,impossible_travel,impossible_travel,impossible_travel,Rule Override: geo_velocity_kmh > 900 km/h AND geo_distance > 500 km
1068d9fb-2558-448c-a443-fb1974e92ab5,2026-05-05 15:11:02+00:00,DEV_0260,normal,unknown,unknown,XGBoost ML Classifier
77bac543-d674-45df-9a91-3ce717692343,2026-05-05 15:27:44+00:00,SRV_0538,normal,unknown,unknown,XGBoost ML Classifier
3054b566-6af8-475b-b8a0-364bce150045,2026-05-05 15:55:48+00:00,USR_0915,impossible_travel,impossible_travel,impossible_travel,Rule Override: geo_velocity_kmh > 900 km/h AND geo_distance > 500 km
4da6888b-d332-4c89-99d1-f8b06e382b80,2026-05-05 16:27:13+00:00,SRV_0305,impossible_travel,impossible_travel,impossible_travel,Rule Override: geo_velocity_kmh > 900 km/h AND geo_distance > 500 km
1c1710af-f49c-44dd-ad88-ad24b88db084,2026-05-05 16:51:06+00:00,USR_0778,impossible_travel,impossible_travel,impossible_travel,Rule Override: geo_velocity_kmh > 900 km/h AND geo_distance > 500 km
4457b1f9-802e-428c-bad9-fc23328fed40,2026-05-05 16:57:14+00:00,USR_0666,normal,unknown,unknown,XGBoost ML Classifier
6ab1dad2-e462-4e29-bb38-74b538d2624e,2026-05-05 17:18:12+00:00,DEV_0212,normal,unknown,unknown,XGBoost ML Classifier
6d9c7b01-e560-48c8-8372-999e71b2b154,2026-05-05 17:56:37+00:00,USR_0704,impossible_travel,impossible_travel,impossible_travel,Rule Override: geo_velocity_kmh > 900 km/h AND geo_distance > 500 km
cce954ba-33ad-4ceb-b488-ac98557de684,2026-05-05 18:12:01+00:00,DEV_0993,normal,unknown,unknown,XGBoost ML Classifier
fe95cb45-5d06-4f52-b394-64bef4c8d583,2026-05-05 18:31:45+00:00,SRV_0079,normal,unknown,unknown,XGBoost ML Classifier
310d3d05-f8af-411c-aa10-b6ff0b308ce1,2026-05-05 19:09:11+00:00,DEV_0924,impossible_travel,impossible_travel,impossible_travel,Rule Override: geo_velocity_kmh > 900 km/h AND geo_distance > 500 km
89ed7d09-3afa-4ff6-be0f-c2b5bbe0aa45,2026-05-05 19:14:25+00:00,SRV_0128,normal,unknown,unknown,XGBoost ML Classifier
52559b46-7621-4f77-a0ee-89346a5622bf,2026-05-05 19:58:51+00:00,USR_0132,normal,unknown,unknown,XGBoost ML Classifier
57fadb78-3fb6-43fc-ac6a-a15aa81addfa,2026-05-05 20:44:21+00:00,SRV_0372,normal,unknown,unknown,XGBoost ML Classifier
d0c3316c-af79-459a-a53f-b3b1c60fef50,2026-05-05 21:01:46+00:00,DEV_0260,normal,unknown,unknown,XGBoost ML Classifier
209b682c-196e-4aab-a6c3-13c2c1cc7424,2026-05-05 22:04:28+00:00,USR_0790,device_spoofing,device_spoofing,device_spoofing,XGBoost ML Classifier
4fdda0c5-d3d5-402c-8585-7b670230f83e,2026-05-05 22:11:51+00:00,SRV_0128,normal,unknown,unknown,XGBoost ML Classifier
f24520ac-f615-4efc-9854-30a8a5ff185a,2026-05-05 22:14:26.151404+00:00,USR_0770,lateral_movement,lateral_movement,lateral_movement,XGBoost ML Classifier
88586d06-743f-4809-9877-3c4cd431756f,2026-05-05 22:14:37.139357+00:00,USR_0770,lateral_movement,lateral_movement,lateral_movement,XGBoost ML Classifier
bf0d6904-0d2a-4277-84fa-da8b9a8721e6,2026-05-05 22:17:14.110119+00:00,USR_0770,lateral_movement,lateral_movement,lateral_movement,XGBoost ML Classifier
421f064f-9b00-476f-8000-98c94e7c43ed,2026-05-05 22:18:19.090082+00:00,USR_0770,lateral_movement,lateral_movement,lateral_movement,XGBoost ML Classifier
9bf4b53c-a7a4-4a23-bcfa-11cfeb9ea2f9,2026-05-05 22:21:14.964744+00:00,USR_0770,lateral_movement,lateral_movement,lateral_movement,XGBoost ML Classifier
6961a6cc-3756-4364-9efe-8783b98b036d,2026-05-05 22:30:35+00:00,DEV_0685,normal,unknown,unknown,XGBoost ML Classifier
cc8cad84-57d4-480d-955a-16488f1e66c3,2026-05-05 23:02:31+00:00,SRV_0340,impossible_travel,impossible_travel,impossible_travel,Rule Override: geo_velocity_kmh > 900 km/h AND geo_distance > 500 km
b9af8109-1316-43f2-8580-3723418bb049,2026-05-05 23:06:25+00:00,SRV_0191,impossible_travel,impossible_travel,impossible_travel,Rule Override: geo_velocity_kmh > 900 km/h AND geo_distance > 500 km
2f59f464-5ee1-4cb8-995c-f8e48dc8b152,2026-05-05 23:18:14+00:00,USR_0718,normal,unknown,unknown,XGBoost ML Classifier
d80214a7-90c9-470f-a7ee-9bb0cddd967e,2026-05-05 23:40:21+00:00,USR_0701,device_spoofing,device_spoofing,device_spoofing,XGBoost ML Classifier
ba37a392-c9f5-4f21-8131-cb9b01a6b1c0,2026-05-05 23:41:21+00:00,USR_0701,device_spoofing,device_spoofing,device_spoofing,XGBoost ML Classifier
fa4519e0-678c-46e4-afdf-67fe59ab972b,2026-05-05 23:54:04+00:00,SRV_0919,normal,unknown,unknown,XGBoost ML Classifier
7dee256d-a54a-4967-b3f8-3bf320b71fbd,2026-05-05 23:59:24+00:00,SRV_0372,normal,unknown,unknown,XGBoost ML Classifier
bce7247e-eb46-47c5-b334-4db3882690e3,2026-05-05 23:59:24+00:00,DEV_0416,normal,unknown,unknown,XGBoost ML Classifier
d48e4761-38e9-4c4a-a65f-655baf5b07d2,2026-05-05 23:59:25.734000+00:00,SRV_0841,normal,unknown,unknown,XGBoost ML Classifier
c9ec62e4-6a88-41b1-a65c-8251a0976f9a,2026-05-05 23:59:26.842000+00:00,SRV_0156,normal,unknown,unknown,XGBoost ML Classifier
55529acf-75c3-4f5e-8230-38ef0cbf9bc9,2026-05-05 23:59:28.234000+00:00,DEV_0026,normal,unknown,unknown,XGBoost ML Classifier
8d46ccfc-cf24-40f3-bc92-2905436439b4,2026-05-05 23:59:29.035000+00:00,SRV_0202,normal,unknown,unknown,XGBoost ML Classifier
3d6feb42-bb26-463b-a482-bfa15869746c,2026-05-06 00:00:00+00:00,DEV_0787,normal,unknown,unknown,XGBoost ML Classifier
d57ae33a-2e6f-4fba-bc58-1a919978b818,2026-05-06 00:00:01.291000+00:00,SRV_0078,normal,unknown,unknown,XGBoost ML Classifier
0781e652-47a5-43b5-a7e7-c46aaeabccdf,2026-05-06 00:00:05.264000+00:00,DEV_0009,normal,unknown,unknown,XGBoost ML Classifier
171e904c-4837-4130-a17b-85094c5d2ca8,2026-05-06 00:13:42+00:00,DEV_0089,impossible_travel,impossible_travel,impossible_travel,Rule Override: geo_velocity_kmh > 900 km/h AND geo_distance > 500 km
df9d3fc7-7d8d-4581-b24b-88698c4d2546,2026-05-06 00:17:00+00:00,DEV_0248,impossible_travel,impossible_travel,impossible_travel,Rule Override: geo_velocity_kmh > 900 km/h AND geo_distance > 500 km
93158586-a8c6-4cb0-8f9e-da867aa454b0,2026-05-06 00:18:00+00:00,DEV_0085,impossible_travel,impossible_travel,impossible_travel,Rule Override: geo_velocity_kmh > 900 km/h AND geo_distance > 500 km
b49ceac0-8ee5-43b7-88cb-f06bdb5edb7a,2026-05-06 00:27:22+00:00,USR_0046,device_spoofing,device_spoofing,device_spoofing,XGBoost ML Classifier
1f8bff00-ea9c-416f-bca5-8ad15284ce09,2026-05-06 00:28:22+00:00,USR_0046,device_spoofing,device_spoofing,device_spoofing,XGBoost ML Classifier
76a86363-20dc-4fa2-8f1a-fe48fc76b8fd,2026-05-06 00:39:28+00:00,SRV_0314,device_spoofing,device_spoofing,device_spoofing,XGBoost ML Classifier
70313fd3-8074-481e-a9a4-73701408e4d6,2026-05-06 00:40:28+00:00,SRV_0314,device_spoofing,device_spoofing,device_spoofing,XGBoost ML Classifier
df56ef76-16ec-43ff-acef-b0df47bb3e12,2026-05-06 00:41:18.304588+00:00,USR_0216,lateral_movement,lateral_movement,lateral_movement,XGBoost ML Classifier
af1185dd-c8aa-49fd-bce7-8489f3e3ecb8,2026-05-06 00:41:43.281631+00:00,USR_0216,lateral_movement,lateral_movement,lateral_movement,XGBoost ML Classifier
6612a407-8e28-4c02-9043-e00ede59a8d9,2026-05-06 00:41:49.553374+00:00,USR_0216,lateral_movement,lateral_movement,lateral_movement,XGBoost ML Classifier
9a5c8d04-0e76-4869-99e1-6db3ff44b2da,2026-05-06 00:43:34.888379+00:00,USR_0216,lateral_movement,lateral_movement,lateral_movement,XGBoost ML Classifier
3be76327-bbe4-4f29-b6c0-970929f93506,2026-05-06 00:45:31.121901+00:00,USR_0216,lateral_movement,lateral_movement,lateral_movement,XGBoost ML Classifier
b7cd0552-1868-4a92-ad0c-4c5c09ed0391,2026-05-06 01:06:21+00:00,SRV_0966,normal,unknown,unknown,XGBoost ML Classifier
ebfd2bfc-14db-45de-90b5-b1127e60c5ff,2026-05-06 01:45:20+00:00,DEV_0384,normal,unknown,unknown,XGBoost ML Classifier
69893c61-b0ec-41e5-a286-83f82762ccd3,2026-05-06 02:14:05+00:00,USR_0949,low_slow_exfil,low_slow_exfil,low_slow_exfil,XGBoost ML Classifier
fcaddc22-f0c8-45d6-8d7c-9b90f86de3c5,2026-05-06 03:17:34+00:00,USR_0206,low_slow_exfil,low_slow_exfil,low_slow_exfil,XGBoost ML Classifier
5bf34669-984d-4e22-9f70-0e3996058ee8,2026-05-06 03:20:48+00:00,DEV_0862,normal,unknown,unknown,XGBoost ML Classifier
85a4a7b6-622a-4be5-b824-ac4f7310a169,2026-05-06 03:37:15+00:00,USR_0386,low_slow_exfil,low_slow_exfil,low_slow_exfil,XGBoost ML Classifier
4bd2e65e-9db7-405f-b964-e8fae7ebbd07,2026-05-06 05:02:23+00:00,SRV_0840,normal,unknown,unknown,XGBoost ML Classifier
9dfdc0f0-bbfd-4a8e-8087-1b8154a4d680,2026-05-06 05:16:14+00:00,SRV_0153,normal,unknown,unknown,XGBoost ML Classifier
45dafd70-5bf0-4458-a820-a9ff5b3362a1,2026-05-06 05:49:28+00:00,USR_0439,impossible_travel,impossible_travel,impossible_travel,Rule Override: geo_velocity_kmh > 900 km/h AND geo_distance > 500 km
a1ec51f5-ca26-4b9d-9938-cd88e1fc2464,2026-05-06 06:18:26+00:00,USR_0113,normal,unknown,unknown,XGBoost ML Classifier
307ace91-8c46-4c09-bd5c-9dd9a181c4d5,2026-05-06 07:30:24+00:00,USR_0679,impossible_travel,impossible_travel,impossible_travel,Rule Override: geo_velocity_kmh > 900 km/h AND geo_distance > 500 km
9b800dab-121d-447c-8cdc-5785d81529f6,2026-05-06 07:30:41+00:00,USR_0275,impossible_travel,impossible_travel,impossible_travel,Rule Override: geo_velocity_kmh > 900 km/h AND geo_distance > 500 km
639f0cab-01e8-4377-95c7-8eb192efa675,2026-05-06 07:35:34+00:00,DEV_0514,normal,unknown,unknown,XGBoost ML Classifier
2c8cea4c-b763-458e-997d-454ce3e50b61,2026-05-06 07:54:35+00:00,SRV_0228,normal,unknown,unknown,XGBoost ML Classifier
a37b10f6-46ff-4de2-89fa-ccb8778c5a2a,2026-05-06 08:02:09+00:00,DEV_0164,normal,unknown,unknown,XGBoost ML Classifier
3f53a38e-41d5-41a3-88e1-576f48fb2073,2026-05-06 08:08:34+00:00,USR_0800,impossible_travel,impossible_travel,impossible_travel,Rule Override: geo_velocity_kmh > 900 km/h AND geo_distance > 500 km
bda2d810-428d-4a70-b826-4fd87ce6ce04,2026-05-06 08:10:01+00:00,USR_0996,impossible_travel,impossible_travel,impossible_travel,Rule Override: geo_velocity_kmh > 900 km/h AND geo_distance > 500 km
5d8adabc-e074-4a95-8a7b-db14060892de,2026-05-06 08:23:49+00:00,SRV_0207,normal,unknown,unknown,XGBoost ML Classifier
a7708ef5-ab90-4ffb-b5b2-bbaea5d86aad,2026-05-06 08:29:10+00:00,SRV_0161,normal,unknown,unknown,XGBoost ML Classifier
fda4a7a2-7662-4931-b3de-655cf37dbc24,2026-05-06 08:36:39+00:00,USR_0954,normal,unknown,unknown,XGBoost ML Classifier
ba452f64-7010-42e6-989c-06e1a77236a7,2026-05-06 09:24:03+00:00,DEV_0253,normal,unknown,unknown,XGBoost ML Classifier
8b7b83d1-5e32-489e-a899-651adac36900,2026-05-06 09:26:13.757155+00:00,USR_0190,lateral_movement,lateral_movement,unknown,XGBoost ML Classifier
dd577b4d-5c54-4927-8b70-f5a3b860fcca,2026-05-06 09:27:02.317030+00:00,USR_0190,lateral_movement,lateral_movement,lateral_movement,XGBoost ML Classifier
ecf4f34b-0cc8-40f2-ad6f-7ed9924167a6,2026-05-06 09:27:09.901117+00:00,USR_0190,lateral_movement,lateral_movement,lateral_movement,XGBoost ML Classifier
3a6a94fb-0dd5-42bf-9ff9-a3600853e150,2026-05-06 09:27:37.667971+00:00,USR_0190,lateral_movement,lateral_movement,lateral_movement,XGBoost ML Classifier
ae994be5-3357-4f23-8c7f-43ce9ba435cb,2026-05-06 09:28:17+00:00,DEV_0144,normal,unknown,unknown,XGBoost ML Classifier
a7f3d341-dbd4-41d9-aabf-3cac846675bd,2026-05-06 09:31:35.624374+00:00,USR_0190,lateral_movement,lateral_movement,lateral_movement,XGBoost ML Classifier
f7d9eefe-2b0d-44e5-b076-5cd49d8e7eec,2026-05-06 09:32:36.172034+00:00,USR_0190,lateral_movement,lateral_movement,lateral_movement,XGBoost ML Classifier
e3eb4378-c84b-45e3-9312-8790a06b37d1,2026-05-06 09:42:54+00:00,SRV_0058,normal,unknown,unknown,XGBoost ML Classifier
ed4a92c7-c853-47e8-991c-1b5aa000299f,2026-05-06 09:44:23+00:00,USR_0467,impossible_travel,impossible_travel,impossible_travel,Rule Override: geo_velocity_kmh > 900 km/h AND geo_distance > 500 km
ee3ade67-6d6a-4b9b-b1fb-f56d370e6e1e,2026-05-06 09:45:33+00:00,SRV_0477,normal,unknown,unknown,XGBoost ML Classifier
06c482b3-4c36-4736-847c-bdd8c434f9c1,2026-05-06 09:57:47+00:00,USR_0646,impossible_travel,impossible_travel,impossible_travel,Rule Override: geo_velocity_kmh > 900 km/h AND geo_distance > 500 km
328e4ccd-12c4-46c8-9bb5-c02505b97011,2026-05-06 10:01:26+00:00,DEV_0876,normal,unknown,unknown,XGBoost ML Classifier
8035b54a-071a-4474-b9e7-14c334f89f00,2026-05-06 10:04:04+00:00,DEV_0135,normal,unknown,unknown,XGBoost ML Classifier
4af668c3-ab05-43f9-85fd-36c8a7003c85,2026-05-06 10:36:20+00:00,USR_0364,normal,unknown,unknown,XGBoost ML Classifier
7efadee7-a711-4b30-975e-d3a498408bab,2026-05-06 10:50:33+00:00,USR_0451,impossible_travel,impossible_travel,impossible_travel,Rule Override: geo_velocity_kmh > 900 km/h AND geo_distance > 500 km
07ba0753-d9d8-4caa-8c07-c7ddc7bcd672,2026-05-06 11:09:20+00:00,DEV_0163,normal,unknown,unknown,XGBoost ML Classifier
46d9d26c-76c2-4ed6-9c41-1433a04d85f4,2026-05-06 11:22:23+00:00,USR_0434,impossible_travel,impossible_travel,impossible_travel,Rule Override: geo_velocity_kmh > 900 km/h AND geo_distance > 500 km
2a6abdf2-ea02-4e12-8f07-9903be4c5c29,2026-05-06 11:22:33+00:00,USR_0111,normal,unknown,unknown,XGBoost ML Classifier
869ad7cf-2095-4366-9d75-7c10ea2d1ad4,2026-05-06 11:24:17+00:00,USR_0145,impossible_travel,impossible_travel,impossible_travel,Rule Override: geo_velocity_kmh > 900 km/h AND geo_distance > 500 km
19fd33ff-0929-4f8e-b506-88ebcc46d1d4,2026-05-06 11:36:24+00:00,USR_0331,impossible_travel,impossible_travel,impossible_travel,Rule Override: geo_velocity_kmh > 900 km/h AND geo_distance > 500 km
88fddb1a-26c1-4934-bc29-2777c7c38ea3,2026-05-06 11:42:01+00:00,SRV_0191,normal,unknown,unknown,XGBoost ML Classifier
1899fe36-0ff7-4ab1-9f6e-f5dd6517a0b9,2026-05-06 11:54:32+00:00,SRV_0128,normal,unknown,unknown,XGBoost ML Classifier
0d9a9de3-d4f5-4457-a013-af9d7cd9d4ce,2026-05-06 11:59:32+00:00,SRV_0477,normal,unknown,unknown,XGBoost ML Classifier
70c2878c-51c3-4018-a323-0abdc44d4531,2026-05-06 12:15:40+00:00,USR_0501,impossible_travel,impossible_travel,impossible_travel,Rule Override: geo_velocity_kmh > 900 km/h AND geo_distance > 500 km
b4a17f6f-8920-41fd-bcdc-c15654594615,2026-05-06 13:05:06+00:00,SRV_0131,normal,unknown,unknown,XGBoost ML Classifier
05e5ef50-900f-4eb2-8050-8186ee4d93ba,2026-05-06 13:18:08+00:00,DEV_0873,normal,unknown,unknown,XGBoost ML Classifier
f8fd356f-08cd-4eb4-ae8a-0a33a4ffa752,2026-05-06 13:35:32+00:00,SRV_0477,normal,unknown,unknown,XGBoost ML Classifier
3d751eb5-ca13-4977-b277-ec69f5837154,2026-05-06 13:43:45+00:00,USR_0634,impossible_travel,impossible_travel,impossible_travel,Rule Override: geo_velocity_kmh > 900 km/h AND geo_distance > 500 km
cefabf39-24e2-4c73-b35b-ccaf80fcb550,2026-05-06 14:12:15+00:00,SRV_0058,normal,unknown,unknown,XGBoost ML Classifier
42abea67-ca97-4953-8780-6951fad4d4ca,2026-05-06 14:23:07+00:00,USR_0413,normal,unknown,unknown,XGBoost ML Classifier
42aeb820-9e08-4ff6-8c76-56e3854e433e,2026-05-06 14:25:19+00:00,USR_0602,normal,unknown,unknown,XGBoost ML Classifier
302c90f8-6b32-4d13-b4f1-88cf1d830b1f,2026-05-06 14:43:32+00:00,USR_0304,impossible_travel,impossible_travel,impossible_travel,Rule Override: geo_velocity_kmh > 900 km/h AND geo_distance > 500 km
c77ea469-56fc-43ca-bea8-333729af7dde,2026-05-06 14:44:24+00:00,USR_0224,impossible_travel,impossible_travel,impossible_travel,Rule Override: geo_velocity_kmh > 900 km/h AND geo_distance > 500 km
2ce2e961-27f4-4c22-9842-39fba35c8426,2026-05-06 15:00:41+00:00,DEV_0164,normal,unknown,unknown,XGBoost ML Classifier
9f67df3e-d0a0-4b97-887c-adba8fd58dea,2026-05-06 15:18:11+00:00,DEV_0332,normal,unknown,unknown,XGBoost ML Classifier
ead06110-8759-48fa-9f25-1ecd60a4c0cb,2026-05-06 16:09:56+00:00,USR_0516,impossible_travel,impossible_travel,impossible_travel,Rule Override: geo_velocity_kmh > 900 km/h AND geo_distance > 500 km
c33c7d24-9a31-428b-a7e3-fb731ef1ae41,2026-05-06 16:16:54+00:00,USR_0710,impossible_travel,impossible_travel,impossible_travel,Rule Override: geo_velocity_kmh > 900 km/h AND geo_distance > 500 km
a32dbe01-c639-4473-b7d2-f14dab17167d,2026-05-06 16:26:58+00:00,SRV_0348,normal,unknown,unknown,XGBoost ML Classifier
97010f7a-9a1c-48e2-a1c3-1e22e4feb19b,2026-05-06 16:30:14+00:00,SRV_0004,normal,unknown,unknown,XGBoost ML Classifier
a76cf659-5578-45e8-99e6-a0352b5b7ffe,2026-05-06 16:32:56+00:00,USR_0438,impossible_travel,impossible_travel,impossible_travel,Rule Override: geo_velocity_kmh > 900 km/h AND geo_distance > 500 km
f1d5aec2-b9e2-410e-b797-d8a459dde8e0,2026-05-06 16:33:20+00:00,USR_0741,impossible_travel,impossible_travel,impossible_travel,Rule Override: geo_velocity_kmh > 900 km/h AND geo_distance > 500 km
ff6494fd-a16d-4193-81dc-d143af4a749b,2026-05-06 16:44:26+00:00,SRV_0906,impossible_travel,impossible_travel,impossible_travel,Rule Override: geo_velocity_kmh > 900 km/h AND geo_distance > 500 km
3899be68-c727-4211-ae9c-74d0ae06f328,2026-05-06 16:45:26+00:00,SRV_0670,normal,unknown,unknown,XGBoost ML Classifier
bdfaefcd-47ce-45d7-9691-4cd0887c1554,2026-05-06 16:52:32+00:00,SRV_0919,impossible_travel,impossible_travel,impossible_travel,Rule Override: geo_velocity_kmh > 900 km/h AND geo_distance > 500 km
c8add13b-6c5e-4233-b440-db9f34733730,2026-05-06 16:55:04+00:00,USR_0388,normal,unknown,unknown,XGBoost ML Classifier
6e47dc90-ce97-4800-8ac4-9443094bac35,2026-05-06 17:02:16+00:00,SRV_0162,normal,unknown,unknown,XGBoost ML Classifier
2048225c-c845-4c80-9ecc-e4b7ad9872fc,2026-05-06 17:25:15+00:00,DEV_0862,normal,unknown,unknown,XGBoost ML Classifier
6e3c4d4e-a9f1-483d-ba13-3d6174f0cf82,2026-05-06 17:52:31+00:00,SRV_0372,normal,unknown,unknown,XGBoost ML Classifier
d5f942eb-b72e-4f26-8251-afe948b4d1a2,2026-05-06 18:20:24+00:00,DEV_0877,normal,unknown,unknown,XGBoost ML Classifier
31955195-7020-4eed-9340-92a10947e2d5,2026-05-06 18:36:48+00:00,SRV_0606,normal,unknown,unknown,XGBoost ML Classifier
7c9d6522-2fd4-4b19-a650-cf81cbdd8084,2026-05-06 19:11:03+00:00,SRV_0550,normal,unknown,unknown,XGBoost ML Classifier
5759eb13-60c0-4e59-b425-a11eb19e44d4,2026-05-06 20:00:02+00:00,SRV_0162,normal,unknown,unknown,XGBoost ML Classifier
25a73b42-5ad7-44af-a1f8-3cb47aef780e,2026-05-06 20:21:54+00:00,SRV_0743,normal,unknown,unknown,XGBoost ML Classifier
80fc60aa-0d2b-4716-9800-815b283d8a6c,2026-05-06 20:36:53+00:00,SRV_0670,normal,unknown,unknown,XGBoost ML Classifier
451ee758-7c0b-4f7e-836b-c24015d4272c,2026-05-06 20:47:23+00:00,DEV_0593,normal,unknown,unknown,XGBoost ML Classifier
57a639a3-8270-414f-85ae-cdd504b7011e,2026-05-06 21:04:04+00:00,DEV_0873,impossible_travel,impossible_travel,impossible_travel,Rule Override: geo_velocity_kmh > 900 km/h AND geo_distance > 500 km
e2a21b31-ea1e-4837-b580-03f358c7a8d6,2026-05-06 21:12:03+00:00,USR_0236,normal,unknown,unknown,XGBoost ML Classifier
3a7bafaa-b2ef-4ff5-9611-27faafdb5be0,2026-05-06 21:24:44+00:00,DEV_0135,normal,unknown,unknown,XGBoost ML Classifier
b3d4dbbf-1bff-4a12-b8b1-a6e18612d647,2026-05-06 22:36:17.734837+00:00,USR_0421,lateral_movement,lateral_movement,unknown,XGBoost ML Classifier
e0e58f18-6f04-4f5b-9319-d959d24bb249,2026-05-06 22:36:21.154163+00:00,USR_0421,lateral_movement,lateral_movement,lateral_movement,XGBoost ML Classifier
6686b3a3-6acf-4b1c-bce8-954ada11b8d3,2026-05-06 22:39:59.064403+00:00,USR_0421,lateral_movement,lateral_movement,lateral_movement,XGBoost ML Classifier
af54ef88-aee4-4ecc-b5ce-5d681e4ea4db,2026-05-06 23:33:06+00:00,SRV_0461,normal,unknown,unknown,XGBoost ML Classifier
6015cb03-82ae-43fc-b9a6-fbc2456bc03e,2026-05-06 23:59:24+00:00,SRV_0162,normal,unknown,unknown,XGBoost ML Classifier
55cbc055-a922-4bc5-8724-245066bbacf9,2026-05-06 23:59:24+00:00,DEV_0850,normal,unknown,unknown,XGBoost ML Classifier
b1612760-4ac6-4c53-8ef3-c5747de04165,2026-05-06 23:59:25.336000+00:00,DEV_0799,normal,unknown,unknown,XGBoost ML Classifier
6b469bac-e309-4330-b820-4fa7abe4fa74,2026-05-07 00:00:00+00:00,DEV_0593,normal,unknown,unknown,XGBoost ML Classifier
05e00146-9aaa-4294-a24a-3856193928b8,2026-05-07 00:17:00+00:00,SRV_0733,impossible_travel,impossible_travel,impossible_travel,Rule Override: geo_velocity_kmh > 900 km/h AND geo_distance > 500 km
9e3ab564-e945-4e98-95da-2d7b007da443,2026-05-07 00:20:00+00:00,DEV_0734,impossible_travel,impossible_travel,impossible_travel,Rule Override: geo_velocity_kmh > 900 km/h AND geo_distance > 500 km
8dc6c279-1254-434d-9807-caa3c272fce6,2026-05-07 01:06:43.874665+00:00,DEV_0703,credential_stuffing,credential_stuffing,credential_stuffing,XGBoost ML Classifier
b62ef74e-1bbb-4b77-a7cc-fbc2625b39ac,2026-05-07 01:06:44.618837+00:00,USR_0658,credential_stuffing,credential_stuffing,credential_stuffing,XGBoost ML Classifier
6a2ecacd-558b-403e-93ce-5df4189544ab,2026-05-07 01:06:47.424428+00:00,USR_0716,credential_stuffing,credential_stuffing,credential_stuffing,XGBoost ML Classifier
003dd912-ac1c-428a-a715-9c475f1d75e0,2026-05-07 01:06:50.573161+00:00,USR_0706,credential_stuffing,credential_stuffing,credential_stuffing,XGBoost ML Classifier
40647847-4b0c-4e30-93fa-1c75134abc9f,2026-05-07 01:06:51.183016+00:00,USR_0589,credential_stuffing,credential_stuffing,credential_stuffing,XGBoost ML Classifier
5ae26112-ee33-4140-be97-b30d79734352,2026-05-07 01:06:52.359755+00:00,DEV_0371,credential_stuffing,credential_stuffing,credential_stuffing,XGBoost ML Classifier
01d5a957-621f-44b3-b956-2aab036146d6,2026-05-07 01:06:54.526799+00:00,USR_0467,credential_stuffing,credential_stuffing,credential_stuffing,XGBoost ML Classifier
a24b5358-fce6-49ba-b00d-9ead47c97b7f,2026-05-07 01:06:54.538843+00:00,DEV_0755,credential_stuffing,credential_stuffing,credential_stuffing,XGBoost ML Classifier
e011457f-572d-4fbf-b266-28368cd1882d,2026-05-07 01:06:55.502915+00:00,USR_0452,credential_stuffing,credential_stuffing,credential_stuffing,XGBoost ML Classifier
835bb0c5-b399-4ff2-804c-c410e6556c2e,2026-05-07 01:06:56.101776+00:00,USR_0273,credential_stuffing,credential_stuffing,credential_stuffing,XGBoost ML Classifier
1323d04a-a56c-4bc0-878d-dc585b2fded3,2026-05-07 01:06:58.155563+00:00,DEV_0487,credential_stuffing,credential_stuffing,credential_stuffing,XGBoost ML Classifier
b343fb9d-c5b7-4178-8e5a-6acb623e5e57,2026-05-07 01:06:59.090318+00:00,USR_0969,credential_stuffing,credential_stuffing,credential_stuffing,XGBoost ML Classifier
00d2049e-13da-481e-bf22-bacd1b15cacd,2026-05-07 01:06:59.442772+00:00,USR_0783,credential_stuffing,credential_stuffing,credential_stuffing,XGBoost ML Classifier
dd8d4f58-30fd-44df-9ea3-f7d8bb5059c4,2026-05-07 01:07:00.925769+00:00,USR_0176,credential_stuffing,credential_stuffing,credential_stuffing,XGBoost ML Classifier
403e163c-a366-4774-9b6e-8dfc88065e95,2026-05-07 01:07:01.097659+00:00,USR_0269,credential_stuffing,credential_stuffing,credential_stuffing,XGBoost ML Classifier
313331b3-20cd-421a-8e7f-ebec30347bc4,2026-05-07 01:07:02.581501+00:00,USR_0948,credential_stuffing,credential_stuffing,credential_stuffing,XGBoost ML Classifier
564c7498-e02a-4994-a728-f9731d9efd17,2026-05-07 01:07:05.762582+00:00,SRV_0587,credential_stuffing,credential_stuffing,credential_stuffing,XGBoost ML Classifier
8adeec88-ef72-4a9f-af41-c89de34792ef,2026-05-07 01:07:06.862007+00:00,USR_0598,credential_stuffing,credential_stuffing,credential_stuffing,XGBoost ML Classifier
a3735838-e49f-4e04-bd1b-7f1ee2c5c2c6,2026-05-07 01:07:14.280189+00:00,USR_0323,credential_stuffing,credential_stuffing,credential_stuffing,XGBoost ML Classifier
143a4925-6d58-43ff-ad42-570724888691,2026-05-07 01:07:14.645893+00:00,USR_0021,credential_stuffing,credential_stuffing,credential_stuffing,XGBoost ML Classifier
3d9c71f1-a8ef-4309-ab03-bd85d3be3d20,2026-05-07 01:07:14.679539+00:00,DEV_0065,credential_stuffing,credential_stuffing,credential_stuffing,XGBoost ML Classifier
e9240cf2-40f3-4395-a98c-d5abb95bf4be,2026-05-07 01:07:16.561520+00:00,USR_0246,credential_stuffing,credential_stuffing,credential_stuffing,XGBoost ML Classifier
eeccd0c5-242f-4b6d-a3fb-fe07a8381667,2026-05-07 01:07:16.987485+00:00,SRV_0805,credential_stuffing,credential_stuffing,credential_stuffing,XGBoost ML Classifier
bca87478-4102-4d8a-b981-15e7dd8b3919,2026-05-07 01:07:19.173650+00:00,USR_0344,credential_stuffing,credential_stuffing,credential_stuffing,XGBoost ML Classifier
eea39700-1f78-4e4d-b0a3-f70a23869008,2026-05-07 01:07:20.087284+00:00,USR_0482,credential_stuffing,credential_stuffing,credential_stuffing,XGBoost ML Classifier
123db0cb-8dd6-428e-aca9-9a92c3ac145f,2026-05-07 01:07:20.314367+00:00,USR_0978,credential_stuffing,credential_stuffing,credential_stuffing,XGBoost ML Classifier
6cce7845-cee7-4b30-9630-25f174901292,2026-05-07 01:07:25.273198+00:00,USR_0789,credential_stuffing,credential_stuffing,credential_stuffing,XGBoost ML Classifier
cfee650c-f5bf-4299-ad4f-b4b87f61d385,2026-05-07 01:07:26.111015+00:00,USR_0574,credential_stuffing,credential_stuffing,credential_stuffing,XGBoost ML Classifier
2ec4c2cf-cd78-47a1-afed-d7b079ebce11,2026-05-07 01:07:27.372702+00:00,SRV_0591,credential_stuffing,credential_stuffing,credential_stuffing,XGBoost ML Classifier
067f4ad9-23bf-402b-a93f-25f213b915b9,2026-05-07 01:07:29.207991+00:00,USR_0565,credential_stuffing,credential_stuffing,credential_stuffing,XGBoost ML Classifier
8b98654f-dad0-425b-9560-9a315024d72d,2026-05-07 01:07:30.107443+00:00,USR_0552,credential_stuffing,credential_stuffing,credential_stuffing,XGBoost ML Classifier
2b00feee-9f58-4223-8508-dd15b0c636d0,2026-05-07 01:07:31.708326+00:00,SRV_0024,credential_stuffing,credential_stuffing,credential_stuffing,XGBoost ML Classifier
0c8fc2f1-fd62-4336-b4c4-6e5d841c9383,2026-05-07 01:07:34.535615+00:00,DEV_0406,credential_stuffing,credential_stuffing,credential_stuffing,XGBoost ML Classifier
5d271c43-2605-4692-b951-9eb4a30129b0,2026-05-07 01:07:34.581732+00:00,USR_0334,credential_stuffing,credential_stuffing,credential_stuffing,XGBoost ML Classifier
30b9e04d-76b0-430c-b33f-8a2df1054fc2,2026-05-07 01:07:36.791027+00:00,USR_0168,credential_stuffing,credential_stuffing,credential_stuffing,XGBoost ML Classifier
6bf57e25-cc5d-482b-81c0-1f66eaccddbf,2026-05-07 01:07:36.821429+00:00,USR_0624,credential_stuffing,credential_stuffing,credential_stuffing,XGBoost ML Classifier
cf959cf5-80df-4630-926b-166d2668d998,2026-05-07 01:07:40.548598+00:00,USR_0759,credential_stuffing,credential_stuffing,credential_stuffing,XGBoost ML Classifier
3346e12c-e416-457c-9011-b609a30e7a91,2026-05-07 01:07:40.978457+00:00,USR_0266,credential_stuffing,credential_stuffing,credential_stuffing,XGBoost ML Classifier
b48b00c3-6a8b-444c-b4aa-6802daae10ff,2026-05-07 01:07:41.743702+00:00,USR_0852,credential_stuffing,credential_stuffing,credential_stuffing,XGBoost ML Classifier
0fa9b0b9-2df1-457f-80dd-3b6656fd2693,2026-05-07 01:07:42.067858+00:00,USR_0922,credential_stuffing,credential_stuffing,credential_stuffing,XGBoost ML Classifier
9d1e5bdd-0eac-4461-9af7-dab71c3cc545,2026-05-07 01:07:44.561448+00:00,USR_0913,credential_stuffing,credential_stuffing,credential_stuffing,XGBoost ML Classifier
00506cf9-7b04-4a6a-aaca-a7bf8a06747e,2026-05-07 01:07:45.283172+00:00,USR_0302,credential_stuffing,credential_stuffing,credential_stuffing,XGBoost ML Classifier
2abd3347-2e59-43ca-85a5-e52302afd825,2026-05-07 01:07:47.774264+00:00,SRV_0312,credential_stuffing,credential_stuffing,credential_stuffing,XGBoost ML Classifier
c869ccce-3635-422f-88ea-4fa4c857783c,2026-05-07 01:07:49.616703+00:00,DEV_0765,credential_stuffing,credential_stuffing,credential_stuffing,XGBoost ML Classifier
46401fd1-668d-411a-820b-1f6b037e01c9,2026-05-07 01:07:49.920934+00:00,DEV_0095,credential_stuffing,credential_stuffing,credential_stuffing,XGBoost ML Classifier
46fb234f-3af8-4e94-a0f6-ab02dd4ad7f6,2026-05-07 01:07:50.747758+00:00,USR_0152,credential_stuffing,credential_stuffing,credential_stuffing,XGBoost ML Classifier
8f66aa22-9fcc-44cb-8663-327055789332,2026-05-07 01:07:51.850838+00:00,DEV_0011,credential_stuffing,credential_stuffing,credential_stuffing,XGBoost ML Classifier
c09cc0fc-eb59-4061-8e7d-45fd1f07d67a,2026-05-07 01:07:56.961552+00:00,USR_0939,credential_stuffing,credential_stuffing,credential_stuffing,XGBoost ML Classifier
a8f9fe4a-e615-4b26-91ef-1aed671d8c09,2026-05-07 01:07:57.091908+00:00,USR_0262,credential_stuffing,credential_stuffing,credential_stuffing,XGBoost ML Classifier
db01ea72-495d-41e2-b2e5-d6d030e17833,2026-05-07 01:08:02.508931+00:00,DEV_0571,credential_stuffing,credential_stuffing,credential_stuffing,XGBoost ML Classifier
df6ba364-3e37-4351-b991-a3bfdb87a225,2026-05-07 01:08:04.549950+00:00,USR_0034,credential_stuffing,credential_stuffing,credential_stuffing,XGBoost ML Classifier
05839ddc-9975-4ed6-b30e-3ddd48c41221,2026-05-07 01:08:09.074087+00:00,USR_0349,credential_stuffing,credential_stuffing,credential_stuffing,XGBoost ML Classifier
bd33ef8a-9e9f-47e4-a8f1-34bc3fec025f,2026-05-07 01:08:11.376656+00:00,DEV_0946,credential_stuffing,credential_stuffing,credential_stuffing,XGBoost ML Classifier
88bad187-1b0c-479f-80ff-fa83860ce0c1,2026-05-07 01:08:11.763737+00:00,DEV_0515,credential_stuffing,credential_stuffing,credential_stuffing,XGBoost ML Classifier
55399c6f-57f3-4597-8bb7-4c7f2b6f3e53,2026-05-07 01:08:13.129766+00:00,SRV_0923,credential_stuffing,credential_stuffing,credential_stuffing,XGBoost ML Classifier
189b884c-f7af-4ede-931c-e7bef03189c8,2026-05-07 01:08:14.867372+00:00,SRV_0745,credential_stuffing,credential_stuffing,credential_stuffing,XGBoost ML Classifier
74f34837-165a-4d7e-8596-08c92505b4c7,2026-05-07 01:08:16.267870+00:00,USR_0276,credential_stuffing,credential_stuffing,credential_stuffing,XGBoost ML Classifier
cb12366f-543a-454c-a23f-d53e7c232ccf,2026-05-07 01:08:18.099217+00:00,USR_0423,credential_stuffing,credential_stuffing,credential_stuffing,XGBoost ML Classifier
0c8f135f-b4d0-4e3e-b0d3-86002ef71fe4,2026-05-07 01:08:19.370302+00:00,SRV_0637,credential_stuffing,credential_stuffing,credential_stuffing,XGBoost ML Classifier
d2cc8c15-aa08-4c27-a3e0-23606c75f10f,2026-05-07 01:08:19.734489+00:00,USR_0189,credential_stuffing,credential_stuffing,credential_stuffing,XGBoost ML Classifier
817759bb-1b5c-49d8-a1ce-246625c45a4d,2026-05-07 01:08:20.169291+00:00,USR_0280,credential_stuffing,credential_stuffing,credential_stuffing,XGBoost ML Classifier
62d1eeac-00dd-4a7b-8ebd-de903fd50568,2026-05-07 01:08:23.954678+00:00,USR_0225,credential_stuffing,credential_stuffing,credential_stuffing,XGBoost ML Classifier
170ec22b-91b7-4215-a743-c6da8d91fe1f,2026-05-07 01:08:25.349725+00:00,DEV_0768,credential_stuffing,credential_stuffing,credential_stuffing,XGBoost ML Classifier
e33692c3-b281-44ff-9af1-cb393b69b4c6,2026-05-07 01:08:26.322219+00:00,USR_0098,credential_stuffing,credential_stuffing,credential_stuffing,XGBoost ML Classifier
071d40f1-5773-40bb-8659-737516f1fe44,2026-05-07 01:08:27.154214+00:00,SRV_0192,credential_stuffing,credential_stuffing,credential_stuffing,XGBoost ML Classifier
75026870-9cf9-4db0-82c0-86f1d9073bc5,2026-05-07 01:08:27.868862+00:00,USR_0187,credential_stuffing,credential_stuffing,credential_stuffing,XGBoost ML Classifier
3e59d325-721b-4898-97ab-b6ba279d36ee,2026-05-07 01:08:28.561927+00:00,DEV_0869,credential_stuffing,credential_stuffing,credential_stuffing,XGBoost ML Classifier
19d91376-fad7-42cd-9d8e-a4a7dd3f690f,2026-05-07 01:08:29.729620+00:00,USR_0624,credential_stuffing,credential_stuffing,credential_stuffing,XGBoost ML Classifier
a3d2e970-b2af-48bb-b6b0-1bdd79973c30,2026-05-07 01:08:32.189467+00:00,DEV_0603,credential_stuffing,credential_stuffing,credential_stuffing,XGBoost ML Classifier
d59a143a-e522-4afe-9ecf-3e5db58261a0,2026-05-07 01:08:32.979389+00:00,USR_0483,credential_stuffing,credential_stuffing,credential_stuffing,XGBoost ML Classifier
b625f810-10d9-4bd2-99fc-97b1fcaee153,2026-05-07 01:08:36.914821+00:00,USR_0247,credential_stuffing,credential_stuffing,credential_stuffing,XGBoost ML Classifier
2abadd7f-56c7-4a3e-abdf-d3a9a8e9ea93,2026-05-07 01:08:38.005081+00:00,USR_0856,credential_stuffing,credential_stuffing,credential_stuffing,XGBoost ML Classifier
bcb13a11-ec38-4db7-a35b-46616a6a082d,2026-05-07 01:08:41.215536+00:00,USR_0365,credential_stuffing,credential_stuffing,credential_stuffing,XGBoost ML Classifier
297e1405-fd5b-4180-9bb4-56205d560290,2026-05-07 01:08:41.553319+00:00,USR_0874,credential_stuffing,credential_stuffing,credential_stuffing,XGBoost ML Classifier
a12f2ce3-0878-4e1c-8441-a5bf4f632c08,2026-05-07 01:08:43.927381+00:00,DEV_0539,credential_stuffing,credential_stuffing,credential_stuffing,XGBoost ML Classifier
bcf8f75b-f74b-4b84-820f-31f969f359cd,2026-05-07 01:08:43.940597+00:00,USR_0172,credential_stuffing,credential_stuffing,credential_stuffing,XGBoost ML Classifier
89a3cb6f-8762-47ce-8640-5255a16395cc,2026-05-07 01:08:44.988100+00:00,USR_0296,credential_stuffing,credential_stuffing,credential_stuffing,XGBoost ML Classifier
20dad7ca-36b2-4e22-aaa2-255bbf04eec9,2026-05-07 01:08:48.050375+00:00,USR_0032,credential_stuffing,credential_stuffing,credential_stuffing,XGBoost ML Classifier
dc413e4f-0e51-4615-b80c-cd22eb957f63,2026-05-07 01:08:49.247922+00:00,USR_0467,credential_stuffing,credential_stuffing,credential_stuffing,XGBoost ML Classifier
ea3c1ddf-e05f-46b8-89cc-5845d769ac2a,2026-05-07 01:08:50.841985+00:00,USR_0344,credential_stuffing,credential_stuffing,credential_stuffing,XGBoost ML Classifier
f686fdb7-131b-4e5e-915e-a287d9297354,2026-05-07 01:08:53.099714+00:00,DEV_0868,credential_stuffing,credential_stuffing,credential_stuffing,XGBoost ML Classifier
1f94464a-2b90-4d66-a6e8-8db9643540ce,2026-05-07 01:08:54.661034+00:00,SRV_0791,credential_stuffing,credential_stuffing,credential_stuffing,XGBoost ML Classifier
08265584-8496-40ac-8b52-40a57cb86209,2026-05-07 01:08:56.844232+00:00,DEV_0476,credential_stuffing,credential_stuffing,credential_stuffing,XGBoost ML Classifier
549971c6-8631-4bfe-b41f-986c05a2a524,2026-05-07 01:08:59.380871+00:00,USR_0520,credential_stuffing,credential_stuffing,credential_stuffing,XGBoost ML Classifier
64b5e937-930c-4a72-b3bb-7cd4a1a59908,2026-05-07 01:09:10.641704+00:00,USR_0705,credential_stuffing,credential_stuffing,credential_stuffing,XGBoost ML Classifier
cfdbcae5-345e-4381-92c6-e25c98a70273,2026-05-07 01:09:21.106005+00:00,USR_0428,credential_stuffing,credential_stuffing,credential_stuffing,XGBoost ML Classifier
27157134-a489-4a45-8533-e28740758beb,2026-05-07 01:09:25.602918+00:00,SRV_0840,credential_stuffing,credential_stuffing,credential_stuffing,XGBoost ML Classifier
5f6e880e-e35c-447d-89bf-338632d64de5,2026-05-07 01:09:29.309302+00:00,USR_0427,credential_stuffing,credential_stuffing,credential_stuffing,XGBoost ML Classifier
5782562a-6838-4075-95a4-5447b88d1f2b,2026-05-07 01:09:30.125383+00:00,USR_0190,credential_stuffing,credential_stuffing,credential_stuffing,XGBoost ML Classifier
31e15fef-0bf1-4791-bc15-bfb56f7b26fa,2026-05-07 01:09:43.960387+00:00,SRV_0899,credential_stuffing,credential_stuffing,credential_stuffing,XGBoost ML Classifier
1ae9e9eb-c154-4240-9682-b4ad082645a2,2026-05-07 01:09:46.034084+00:00,DEV_0063,credential_stuffing,credential_stuffing,credential_stuffing,XGBoost ML Classifier
a30c8ca5-dca2-435f-b42c-432756f77d7c,2026-05-07 01:09:51.768385+00:00,SRV_0909,credential_stuffing,credential_stuffing,credential_stuffing,XGBoost ML Classifier
82d8cede-103e-4986-aeb3-7a0fc9f1f94c,2026-05-07 01:09:56.624921+00:00,USR_0802,credential_stuffing,credential_stuffing,credential_stuffing,XGBoost ML Classifier
bdef1b18-4ef3-484a-a508-d95203bfb7af,2026-05-07 01:09:57.618792+00:00,USR_0287,credential_stuffing,credential_stuffing,credential_stuffing,XGBoost ML Classifier
4771f9e9-2c41-4d4d-b175-7b35288eea2d,2026-05-07 01:09:59.140086+00:00,USR_0722,credential_stuffing,credential_stuffing,credential_stuffing,XGBoost ML Classifier
b47e71e7-2276-4e78-9fa6-8543a074c8b6,2026-05-07 01:10:02.321570+00:00,USR_0667,credential_stuffing,credential_stuffing,credential_stuffing,XGBoost ML Classifier
edc5a32c-98d9-4319-aebc-9ee9024c38c3,2026-05-07 01:10:10.075714+00:00,USR_0048,credential_stuffing,credential_stuffing,credential_stuffing,XGBoost ML Classifier
f34094bc-dd64-44e9-bb69-3bbacec40277,2026-05-07 01:10:21.948957+00:00,SRV_0029,credential_stuffing,credential_stuffing,credential_stuffing,XGBoost ML Classifier
a5b3d2da-2102-4cf9-9212-3e037cc26639,2026-05-07 01:10:31.625512+00:00,USR_0499,credential_stuffing,credential_stuffing,credential_stuffing,XGBoost ML Classifier
8bda1737-5489-42ba-a216-06fb272adf10,2026-05-07 01:10:33.338171+00:00,USR_0826,credential_stuffing,credential_stuffing,credential_stuffing,XGBoost ML Classifier
2725ae8f-7d4d-4ec0-985b-ed6b43d3c7ca,2026-05-07 01:10:33.539403+00:00,USR_0309,credential_stuffing,credential_stuffing,credential_stuffing,XGBoost ML Classifier
a5cae116-f334-4e18-8afd-2cee0a9320c5,2026-05-07 01:10:41.561817+00:00,USR_0002,credential_stuffing,credential_stuffing,credential_stuffing,XGBoost ML Classifier
7abcf388-c8a6-4681-8ea8-dd07ed9bb92e,2026-05-07 01:10:48.287704+00:00,USR_0663,credential_stuffing,credential_stuffing,credential_stuffing,XGBoost ML Classifier
bc32abbd-05ce-4bf2-a98d-85c256f816f6,2026-05-07 01:10:50.872620+00:00,USR_0891,credential_stuffing,credential_stuffing,credential_stuffing,XGBoost ML Classifier
50832b3c-a55e-4d86-87eb-eec641ca5a0f,2026-05-07 01:10:52.355225+00:00,SRV_0861,credential_stuffing,credential_stuffing,credential_stuffing,XGBoost ML Classifier
76a2195e-d8b9-458f-8ff6-b32002f53f7b,2026-05-07 01:10:55.018629+00:00,USR_0511,credential_stuffing,credential_stuffing,credential_stuffing,XGBoost ML Classifier
9c07e18a-5396-408b-aaf3-60ae9e0edf78,2026-05-07 01:10:56.476138+00:00,USR_0032,credential_stuffing,credential_stuffing,credential_stuffing,XGBoost ML Classifier
d187f5d2-61e1-4e9b-8560-e8b947e1aa45,2026-05-07 01:10:59.332950+00:00,DEV_0983,credential_stuffing,credential_stuffing,credential_stuffing,XGBoost ML Classifier
1bad16db-d01d-4fba-ab25-f173402007f1,2026-05-07 01:11:25.091957+00:00,USR_0251,credential_stuffing,credential_stuffing,credential_stuffing,XGBoost ML Classifier
e5a4c133-c4d3-4ec4-9a0e-8d953c9b6d3a,2026-05-07 01:11:34.917595+00:00,USR_0020,credential_stuffing,credential_stuffing,credential_stuffing,XGBoost ML Classifier
9b9623e3-519e-4c12-a25b-3079b3a5416e,2026-05-07 01:11:39.667131+00:00,SRV_0546,credential_stuffing,credential_stuffing,credential_stuffing,XGBoost ML Classifier
a015a4af-209d-454d-bb62-caea2014cce4,2026-05-07 01:11:43.916050+00:00,USR_0531,credential_stuffing,credential_stuffing,credential_stuffing,XGBoost ML Classifier
a2b2c8e8-5392-4d44-96fc-a13ae67c9b5c,2026-05-07 01:11:44.321116+00:00,DEV_0449,credential_stuffing,credential_stuffing,credential_stuffing,XGBoost ML Classifier
02ce408f-e26f-420f-a862-ef7460b854f4,2026-05-07 01:11:47.873406+00:00,USR_0044,credential_stuffing,credential_stuffing,credential_stuffing,XGBoost ML Classifier
50bc82e4-27fc-491b-83d3-25d9e1944808,2026-05-07 01:11:50.819677+00:00,SRV_0936,credential_stuffing,credential_stuffing,credential_stuffing,XGBoost ML Classifier
bd22ff24-3047-4288-bb99-26721be030d9,2026-05-07 01:12:01.793685+00:00,USR_0607,credential_stuffing,credential_stuffing,credential_stuffing,XGBoost ML Classifier
aacf136b-0290-4497-9cd3-c906dc551e08,2026-05-07 01:12:13.842484+00:00,SRV_0693,credential_stuffing,credential_stuffing,credential_stuffing,XGBoost ML Classifier
539bc4e5-1a23-4ba2-a740-e9aa41256b5f,2026-05-07 01:12:35.132234+00:00,USR_0048,credential_stuffing,credential_stuffing,credential_stuffing,XGBoost ML Classifier
078ba5b7-3817-4ca4-a063-c1f1930b5024,2026-05-07 01:39:59+00:00,USR_0386,low_slow_exfil,low_slow_exfil,low_slow_exfil,XGBoost ML Classifier
4885985a-cb3a-40d8-88cd-ac68333a981b,2026-05-07 03:04:12+00:00,USR_0411,low_slow_exfil,low_slow_exfil,low_slow_exfil,XGBoost ML Classifier
e3ab827f-82a8-407d-a770-21364665ee0d,2026-05-07 03:08:58+00:00,USR_0937,normal,unknown,insider_drift,XGBoost ML Classifier
4a55d930-0258-431c-8185-3ef1d3e354ed,2026-05-07 03:44:18+00:00,USR_0331,low_slow_exfil,low_slow_exfil,low_slow_exfil,XGBoost ML Classifier
b024e1df-3984-44a9-8de3-b3a409783a82,2026-05-07 03:58:59+00:00,SRV_0081,normal,unknown,unknown,XGBoost ML Classifier
a020bf8f-52ba-4cdf-9f11-75e2f3f37218,2026-05-07 03:59:50+00:00,USR_0331,low_slow_exfil,low_slow_exfil,low_slow_exfil,XGBoost ML Classifier
9be416bb-71ca-4f3f-9e6d-1b99bf1fcc9b,2026-05-07 04:16:23+00:00,DEV_0850,normal,unknown,unknown,XGBoost ML Classifier
b7785348-f838-4fa0-8044-633835194a12,2026-05-07 04:17:59+00:00,DEV_0425,impossible_travel,impossible_travel,impossible_travel,Rule Override: geo_velocity_kmh > 900 km/h AND geo_distance > 500 km
5fe8f33e-aafc-4441-9202-1aaed7ee7e03,2026-05-07 04:31:25+00:00,DEV_0788,normal,unknown,unknown,XGBoost ML Classifier
3aaa5aab-1e5f-4395-9f99-f78c1dbf1127,2026-05-07 04:33:32+00:00,SRV_0207,normal,unknown,unknown,XGBoost ML Classifier
92f0224a-90c6-4f10-9f1c-405e2bc59fdd,2026-05-07 04:45:28+00:00,DEV_0009,normal,unknown,unknown,XGBoost ML Classifier
27d85764-19d0-443f-883c-0229218ad7d5,2026-05-07 04:45:58+00:00,SRV_0743,normal,unknown,unknown,XGBoost ML Classifier
d9b37cbc-6c35-4f99-8b9f-6de1f9cac253,2026-05-07 05:30:38+00:00,DEV_0253,normal,unknown,unknown,XGBoost ML Classifier
7bf29944-2533-4335-96f2-c9eec32c2941,2026-05-07 06:45:47+00:00,SRV_0153,normal,unknown,unknown,XGBoost ML Classifier
198f1ef9-c923-49c4-8222-ff72d9df690b,2026-05-07 07:07:13+00:00,SRV_0566,normal,unknown,unknown,XGBoost ML Classifier
a5db7964-b8bc-442a-8470-53ac5358384c,2026-05-07 07:09:04+00:00,SRV_0202,normal,unknown,unknown,XGBoost ML Classifier
49828971-885c-4bdb-8518-2a1cd35d5184,2026-05-07 07:15:38+00:00,USR_0554,impossible_travel,impossible_travel,impossible_travel,Rule Override: geo_velocity_kmh > 900 km/h AND geo_distance > 500 km
d7825349-a906-4a6e-9be5-0268d80bcfa8,2026-05-07 07:25:39+00:00,DEV_0799,normal,unknown,unknown,XGBoost ML Classifier
d8eeac6a-5624-4a61-b0b8-9c564b3802d8,2026-05-07 07:42:04+00:00,SRV_0078,normal,unknown,unknown,XGBoost ML Classifier
fb6e08f8-faec-4f51-b4c1-7becfb629ce7,2026-05-07 08:05:12+00:00,DEV_0279,normal,unknown,unknown,XGBoost ML Classifier
373f2d4a-f3cb-4fcc-a13f-3f2cabdb7ac7,2026-05-07 08:23:08+00:00,USR_0117,impossible_travel,impossible_travel,impossible_travel,Rule Override: geo_velocity_kmh > 900 km/h AND geo_distance > 500 km
944570a4-6de3-4877-a88c-8760d32661b2,2026-05-07 08:26:21+00:00,DEV_0326,normal,unknown,unknown,XGBoost ML Classifier
c525a202-086c-4c18-827b-e43e981596b3,2026-05-07 08:27:56+00:00,USR_0795,impossible_travel,impossible_travel,impossible_travel,Rule Override: geo_velocity_kmh > 900 km/h AND geo_distance > 500 km
f1a59679-d361-4c6d-a1b9-7f4bbea3e18a,2026-05-07 08:40:09+00:00,SRV_0086,normal,unknown,unknown,XGBoost ML Classifier
d8b995bc-730c-4867-8467-28ca001e57a9,2026-05-07 08:52:44+00:00,USR_0365,impossible_travel,impossible_travel,impossible_travel,Rule Override: geo_velocity_kmh > 900 km/h AND geo_distance > 500 km
89a61d6f-fb11-4cec-84c0-57f96922a22b,2026-05-07 09:37:12+00:00,USR_0626,impossible_travel,impossible_travel,impossible_travel,Rule Override: geo_velocity_kmh > 900 km/h AND geo_distance > 500 km
6ac121f2-3ddd-4f2c-b6c3-f28c310bf946,2026-05-07 09:38:34+00:00,SRV_0966,normal,unknown,unknown,XGBoost ML Classifier
0f4c023e-da63-49fe-ad8d-9ee0ff58cc7b,2026-05-07 09:53:55+00:00,USR_0832,impossible_travel,impossible_travel,impossible_travel,Rule Override: geo_velocity_kmh > 900 km/h AND geo_distance > 500 km
dda470f5-907f-4f7f-af11-1c95d7890c32,2026-05-07 10:13:44+00:00,USR_0727,impossible_travel,impossible_travel,impossible_travel,Rule Override: geo_velocity_kmh > 900 km/h AND geo_distance > 500 km
f0e38ec7-835d-4747-8cce-39e74f0f93bb,2026-05-07 10:39:13+00:00,USR_0061,impossible_travel,impossible_travel,impossible_travel,Rule Override: geo_velocity_kmh > 900 km/h AND geo_distance > 500 km
5466ba65-a96d-413d-b92f-1fff9124686f,2026-05-07 10:59:42+00:00,USR_0992,impossible_travel,impossible_travel,impossible_travel,Rule Override: geo_velocity_kmh > 900 km/h AND geo_distance > 500 km
d33638fb-597f-482e-9c2d-794f66d95b48,2026-05-07 11:10:32+00:00,SRV_0372,normal,unknown,unknown,XGBoost ML Classifier
c9ecdbef-1893-490e-9b94-a93923fe8ca0,2026-05-07 11:32:54+00:00,USR_0859,impossible_travel,impossible_travel,impossible_travel,Rule Override: geo_velocity_kmh > 900 km/h AND geo_distance > 500 km
b2a7b997-d8a2-459d-b265-8e97fb3ea454,2026-05-07 11:53:23+00:00,DEV_0485,normal,unknown,unknown,XGBoost ML Classifier
d9e8c926-3fed-4872-94b5-3abb145c86a8,2026-05-07 12:21:40+00:00,USR_0259,impossible_travel,impossible_travel,impossible_travel,Rule Override: geo_velocity_kmh > 900 km/h AND geo_distance > 500 km
13bebf7d-d65a-4096-95d4-6e0101d0b290,2026-05-07 12:27:26+00:00,USR_0042,normal,unknown,unknown,XGBoost ML Classifier
8d804551-7c62-4712-a281-866c494ab898,2026-05-07 13:45:48+00:00,USR_0259,impossible_travel,impossible_travel,impossible_travel,Rule Override: geo_velocity_kmh > 900 km/h AND geo_distance > 500 km
b25b581d-81cf-4b2e-bf29-53f0dd19575f,2026-05-07 13:52:33+00:00,SRV_0271,impossible_travel,impossible_travel,impossible_travel,Rule Override: geo_velocity_kmh > 900 km/h AND geo_distance > 500 km
febe03d3-eb39-43e7-bb19-d5344e923ac0,2026-05-07 13:53:49+00:00,SRV_0640,normal,unknown,unknown,XGBoost ML Classifier
15914c0d-0890-41a0-af05-0120f8f44699,2026-05-07 14:41:58+00:00,SRV_0161,normal,unknown,unknown,XGBoost ML Classifier
8ea38916-e44b-4214-ba8a-c7a0be7914da,2026-05-07 15:07:25+00:00,SRV_0506,normal,unknown,unknown,XGBoost ML Classifier
a203ab12-2284-4646-ac63-91673e4bde6a,2026-05-07 15:33:15+00:00,SRV_0131,normal,unknown,unknown,XGBoost ML Classifier
0726dd1c-5516-4c73-88a9-fdea4900acff,2026-05-07 15:51:08+00:00,SRV_0936,normal,unknown,unknown,XGBoost ML Classifier
b8af892f-1c6a-42dc-82be-6affe097a777,2026-05-07 16:12:12+00:00,USR_0690,impossible_travel,impossible_travel,impossible_travel,Rule Override: geo_velocity_kmh > 900 km/h AND geo_distance > 500 km
53dd6277-1195-4979-9b93-8bca2de2b83d,2026-05-07 16:17:18+00:00,SRV_0702,normal,unknown,unknown,XGBoost ML Classifier
603f96f0-2af2-45ba-b9ce-7ddb48118ee0,2026-05-07 16:58:21+00:00,USR_0119,impossible_travel,impossible_travel,impossible_travel,Rule Override: geo_velocity_kmh > 900 km/h AND geo_distance > 500 km
6425528e-ba0c-40f6-bcce-3617c87a4911,2026-05-07 17:20:49+00:00,SRV_0818,normal,unknown,unknown,XGBoost ML Classifier
a2897a9f-1075-4ce3-b988-b78b87e9d438,2026-05-07 17:34:14+00:00,DEV_0368,normal,unknown,unknown,XGBoost ML Classifier
8d901dae-f562-422f-966f-5068522554ec,2026-05-07 17:38:40+00:00,USR_0125,impossible_travel,impossible_travel,impossible_travel,Rule Override: geo_velocity_kmh > 900 km/h AND geo_distance > 500 km
5779482c-3931-4c09-9cad-98b5daed6301,2026-05-07 17:55:54+00:00,USR_0273,impossible_travel,impossible_travel,impossible_travel,Rule Override: geo_velocity_kmh > 900 km/h AND geo_distance > 500 km
3169d419-944c-4259-a6ff-dc9c3a181623,2026-05-07 18:00:11+00:00,DEV_0543,normal,unknown,unknown,XGBoost ML Classifier
b973f41c-b991-4a23-859f-ba63098f523d,2026-05-07 18:02:41+00:00,DEV_0237,normal,unknown,unknown,XGBoost ML Classifier
540b2183-4019-4c02-a380-3e6345c1fb24,2026-05-07 18:15:42+00:00,DEV_0294,normal,unknown,unknown,XGBoost ML Classifier
43464004-e22c-4ae8-80f6-e5349b456eda,2026-05-07 18:37:28+00:00,USR_0917,impossible_travel,impossible_travel,impossible_travel,Rule Override: geo_velocity_kmh > 900 km/h AND geo_distance > 500 km
c0e97510-94fd-4eb6-983a-bf354a78b1e8,2026-05-07 18:51:22+00:00,SRV_0055,normal,unknown,unknown,XGBoost ML Classifier
1d73b69d-f83b-4a45-8804-ddfb5fde5384,2026-05-07 19:01:42+00:00,USR_0044,impossible_travel,impossible_travel,impossible_travel,Rule Override: geo_velocity_kmh > 900 km/h AND geo_distance > 500 km
c7961f9e-54eb-4174-ab55-9d34f3d1fdd4,2026-05-07 20:00:07+00:00,SRV_0970,normal,unknown,unknown,XGBoost ML Classifier
ded9d349-57d2-44fd-9f31-23df706d7826,2026-05-07 20:59:06+00:00,SRV_0797,normal,unknown,unknown,XGBoost ML Classifier
ab7f96c9-a674-409b-b6b8-a3d62724737a,2026-05-07 23:43:16.222101+00:00,USR_0338,lateral_movement,lateral_movement,lateral_movement,XGBoost ML Classifier
5a906bcb-4416-4eb5-9b33-2ecefd5f5625,2026-05-07 23:43:59.293623+00:00,USR_0338,lateral_movement,lateral_movement,lateral_movement,XGBoost ML Classifier
eadcb722-a272-42f9-80de-d7e2a1bb74fd,2026-05-07 23:45:33.968111+00:00,USR_0338,lateral_movement,lateral_movement,lateral_movement,XGBoost ML Classifier
f2f836c9-e689-4c88-8bd1-f94eacc579b5,2026-05-07 23:46:20.451868+00:00,USR_0338,lateral_movement,lateral_movement,lateral_movement,XGBoost ML Classifier
36bcc6ce-4ea4-4939-85d7-494b28a29119,2026-05-07 23:49:13.458091+00:00,USR_0338,lateral_movement,lateral_movement,lateral_movement,XGBoost ML Classifier
5879e1e1-e12a-4b20-b7d3-bc934b48247e,2026-05-07 23:59:24+00:00,SRV_0670,normal,unknown,unknown,XGBoost ML Classifier
f6377b64-2e8f-4f32-9b83-a5b4fe41fe08,2026-05-07 23:59:24.516000+00:00,SRV_0936,normal,unknown,unknown,XGBoost ML Classifier
ab838ce5-3295-49df-ae66-16ad8ec9bf3e,2026-05-07 23:59:26.551000+00:00,DEV_0437,normal,unknown,unknown,XGBoost ML Classifier
2df79988-acfd-4b59-a970-41cac0f3c07d,2026-05-07 23:59:29.158000+00:00,DEV_0632,normal,unknown,unknown,XGBoost ML Classifier
78584214-d5b4-4cee-a2d8-826e5a6483fd,2026-05-08 00:00:00+00:00,SRV_0525,normal,unknown,unknown,XGBoost ML Classifier
7ce65eb6-ecc5-4a73-934e-e79dc5c45e6a,2026-05-08 00:00:00+00:00,DEV_0850,normal,unknown,unknown,XGBoost ML Classifier
544d8c80-3cce-49fc-afe6-380fd70a1c4c,2026-05-08 00:00:00+00:00,SRV_0550,normal,unknown,unknown,XGBoost ML Classifier
7ec5136f-6c3d-4220-b404-743213af55ee,2026-05-08 00:00:00+00:00,SRV_0283,normal,unknown,unknown,XGBoost ML Classifier
7cc22d91-d40f-4201-9602-ad1472bcf978,2026-05-08 00:00:00+00:00,DEV_0632,normal,unknown,unknown,XGBoost ML Classifier
e1eb7fed-8525-4c2a-a1ca-3afb23f30d6c,2026-05-08 00:00:05.910000+00:00,DEV_0437,normal,unknown,unknown,XGBoost ML Classifier
ea3b674b-75b8-4825-bab5-a7c524e28bde,2026-05-08 00:20:29+00:00,DEV_0279,normal,unknown,unknown,XGBoost ML Classifier
48753339-46d4-4737-91b8-04a09338d616,2026-05-08 01:28:16+00:00,SRV_0819,normal,unknown,unknown,XGBoost ML Classifier
341425a0-0cd4-4555-a598-a1df29be0afd,2026-05-08 01:57:19+00:00,USR_0411,low_slow_exfil,low_slow_exfil,low_slow_exfil,XGBoost ML Classifier
e03f81bc-50fd-4667-bbf9-07904d55c77c,2026-05-08 01:58:41+00:00,USR_0331,low_slow_exfil,low_slow_exfil,low_slow_exfil,XGBoost ML Classifier
60c36e3d-7186-4d5c-b603-68271547a541,2026-05-08 02:10:58+00:00,USR_0206,low_slow_exfil,low_slow_exfil,low_slow_exfil,XGBoost ML Classifier
1fe6bc2f-4cbf-4530-b50d-7ad85645958f,2026-05-08 02:25:07+00:00,USR_0386,low_slow_exfil,low_slow_exfil,low_slow_exfil,XGBoost ML Classifier
ee90884e-15b0-4f00-913f-7f0d79f551d5,2026-05-08 02:46:17+00:00,USR_0331,low_slow_exfil,low_slow_exfil,low_slow_exfil,XGBoost ML Classifier
4c54cdbd-cf96-420f-875d-506798292417,2026-05-08 02:56:23+00:00,DEV_0164,normal,unknown,unknown,XGBoost ML Classifier
07569018-22f7-4ca5-8c7a-68e112010830,2026-05-08 03:01:27+00:00,USR_0949,low_slow_exfil,low_slow_exfil,low_slow_exfil,XGBoost ML Classifier
960375a7-c1fd-473f-b40f-528d99ccaa76,2026-05-08 03:10:57+00:00,DEV_0233,normal,unknown,unknown,XGBoost ML Classifier
5524dd37-fe36-4c5e-b2f9-b803c60c3287,2026-05-08 03:38:30+00:00,USR_0411,low_slow_exfil,low_slow_exfil,low_slow_exfil,XGBoost ML Classifier
e1c6c8c3-f6f0-42bc-b548-2ceb937904e4,2026-05-08 03:44:20+00:00,DEV_0837,normal,unknown,unknown,XGBoost ML Classifier
65796c15-a851-48a1-80e5-4627549233ae,2026-05-08 04:24:45+00:00,DEV_0593,normal,unknown,unknown,XGBoost ML Classifier
f4a1afbf-4bf0-412d-b192-83fa4ea5d67a,2026-05-08 04:35:14+00:00,USR_0976,normal,unknown,unknown,XGBoost ML Classifier
02bf2174-03c8-47f4-a84e-1157374e5c3c,2026-05-08 04:43:38+00:00,SRV_0301,normal,unknown,unknown,XGBoost ML Classifier
ecc917e4-67a3-476e-ab47-bf5de7f2c0c9,2026-05-08 07:09:51+00:00,DEV_0368,normal,unknown,unknown,XGBoost ML Classifier
68862792-3f36-48fa-b98f-511bf9070492,2026-05-08 07:18:49+00:00,USR_0720,impossible_travel,impossible_travel,impossible_travel,Rule Override: geo_velocity_kmh > 900 km/h AND geo_distance > 500 km
508d04df-7884-46d5-97f9-cc92a9060038,2026-05-08 08:04:35+00:00,DEV_0799,normal,unknown,unknown,XGBoost ML Classifier
36c7a007-192f-4820-b1c9-caf70786fe0a,2026-05-08 08:22:00+00:00,SRV_0162,normal,unknown,unknown,XGBoost ML Classifier
78c43667-6b38-4c42-a26a-7f73034d853f,2026-05-08 08:22:09+00:00,USR_0134,impossible_travel,impossible_travel,impossible_travel,Rule Override: geo_velocity_kmh > 900 km/h AND geo_distance > 500 km
946b8646-5ed4-45e5-93f0-554e64422b92,2026-05-08 08:32:14+00:00,DEV_0537,normal,unknown,unknown,XGBoost ML Classifier
517631b1-db23-42d5-b71d-3c9bf1f0d41e,2026-05-08 08:42:35+00:00,USR_0282,normal,unknown,unknown,XGBoost ML Classifier
a69690f4-2622-45ac-84de-e71e326d6cb7,2026-05-08 08:47:48+00:00,SRV_0645,normal,unknown,unknown,XGBoost ML Classifier
705dd7e8-33b9-4cde-a253-16dd3fc99660,2026-05-08 08:51:38+00:00,SRV_0698,normal,unknown,unknown,XGBoost ML Classifier
cc9d7aea-419e-4896-b2c9-f66495420a97,2026-05-08 09:13:54+00:00,DEV_0669,normal,unknown,unknown,XGBoost ML Classifier
60873ca0-5838-4bbb-abb6-9efe54d45d03,2026-05-08 09:14:06+00:00,DEV_0326,normal,unknown,unknown,XGBoost ML Classifier
1cb9dfce-6e6b-4e06-9068-89eb44406c66,2026-05-08 09:16:20+00:00,DEV_0026,normal,unknown,unknown,XGBoost ML Classifier
0668ba90-0a78-4e6c-9bc8-9e56fc95b2e2,2026-05-08 09:46:09+00:00,DEV_0135,normal,unknown,unknown,XGBoost ML Classifier
fe85c5a9-396b-4a42-8781-5a2dc8473c33,2026-05-08 09:57:14+00:00,USR_0802,normal,unknown,insider_drift,XGBoost ML Classifier
af2f045d-f31d-4c56-8b46-17e59d5dee01,2026-05-08 10:13:27+00:00,USR_0246,impossible_travel,impossible_travel,impossible_travel,Rule Override: geo_velocity_kmh > 900 km/h AND geo_distance > 500 km
d654d2dd-2feb-4261-b50f-c3fcedfb1318,2026-05-08 10:16:21+00:00,SRV_0919,normal,unknown,unknown,XGBoost ML Classifier
f93cf923-7e19-43e3-adb6-58878750607e,2026-05-08 10:32:23+00:00,DEV_0876,normal,unknown,unknown,XGBoost ML Classifier
b9054800-401f-46ef-92bc-9c8b81dac9b8,2026-05-08 11:02:57+00:00,DEV_0685,normal,unknown,unknown,XGBoost ML Classifier
88fe576a-f24a-4ab6-814d-921e107f5fe2,2026-05-08 11:14:42+00:00,USR_0258,impossible_travel,impossible_travel,impossible_travel,Rule Override: geo_velocity_kmh > 900 km/h AND geo_distance > 500 km
0b6e4e2c-a1ab-4647-b1a5-3497df13f721,2026-05-08 11:32:02+00:00,DEV_0237,normal,unknown,unknown,XGBoost ML Classifier
e4e91222-623f-46a6-b840-e8dec5c0cf5d,2026-05-08 11:54:08+00:00,SRV_0630,normal,unknown,unknown,XGBoost ML Classifier
5a9a0f1f-182b-4f37-9863-d4138e746018,2026-05-08 12:01:59+00:00,USR_0214,normal,unknown,unknown,XGBoost ML Classifier
cbf2ce81-078d-4e0f-984e-e7b5a4b73f48,2026-05-08 12:03:01+00:00,SRV_0329,normal,unknown,unknown,XGBoost ML Classifier
77413936-6db4-47a8-989c-f443d7cba11c,2026-05-08 12:31:08+00:00,USR_0234,normal,unknown,unknown,XGBoost ML Classifier
ef1da396-2c8d-48c0-829d-611187396114,2026-05-08 12:31:53+00:00,USR_0954,impossible_travel,impossible_travel,impossible_travel,Rule Override: geo_velocity_kmh > 900 km/h AND geo_distance > 500 km
67ce2203-715a-48fb-88a0-e9cf2ae855cf,2026-05-08 12:40:03+00:00,USR_0168,impossible_travel,impossible_travel,impossible_travel,Rule Override: geo_velocity_kmh > 900 km/h AND geo_distance > 500 km
34be4482-364a-4488-93f4-c949741aa3f0,2026-05-08 12:41:30+00:00,USR_0387,normal,unknown,unknown,XGBoost ML Classifier
02d66eb5-ec5f-42a2-acab-e53677e81f3d,2026-05-08 12:44:01+00:00,USR_0981,normal,unknown,unknown,XGBoost ML Classifier
f07f5c86-6ced-4e71-bc97-83d990dfd5bf,2026-05-08 13:00:11+00:00,USR_0643,impossible_travel,impossible_travel,impossible_travel,Rule Override: geo_velocity_kmh > 900 km/h AND geo_distance > 500 km
98302c98-8413-4711-898a-ddb9ae73b764,2026-05-08 13:20:21+00:00,DEV_0669,normal,unknown,unknown,XGBoost ML Classifier
538b2fcd-033b-4c81-b1f4-655a96b739c6,2026-05-08 13:38:23+00:00,DEV_0788,normal,unknown,unknown,XGBoost ML Classifier
d303fe56-f124-4fb6-b5dc-8930307b231b,2026-05-08 13:38:51+00:00,DEV_0164,impossible_travel,impossible_travel,impossible_travel,Rule Override: geo_velocity_kmh > 900 km/h AND geo_distance > 500 km
fef3511b-b2cf-4a0c-82bb-b996ab49aaea,2026-05-08 14:14:08+00:00,USR_0388,impossible_travel,impossible_travel,impossible_travel,Rule Override: geo_velocity_kmh > 900 km/h AND geo_distance > 500 km
d34cab0f-3419-4870-9670-ac3e0c21e229,2026-05-08 14:43:53+00:00,USR_0140,normal,unknown,unknown,XGBoost ML Classifier
5f50f7ad-c898-44d4-b926-2d300eab4914,2026-05-08 14:46:06+00:00,USR_0324,impossible_travel,impossible_travel,impossible_travel,Rule Override: geo_velocity_kmh > 900 km/h AND geo_distance > 500 km
d8cfe0dc-ccf0-4fe5-a203-0aac8c731142,2026-05-08 15:04:50+00:00,SRV_0480,normal,unknown,unknown,XGBoost ML Classifier
1a0b362c-2998-4f73-ad9e-f0e5140c6a5f,2026-05-08 15:18:26+00:00,USR_0208,impossible_travel,impossible_travel,impossible_travel,Rule Override: geo_velocity_kmh > 900 km/h AND geo_distance > 500 km
64dd0547-8c43-4e1f-8581-62feddcf9e2c,2026-05-08 15:35:34+00:00,USR_0916,impossible_travel,impossible_travel,impossible_travel,Rule Override: geo_velocity_kmh > 900 km/h AND geo_distance > 500 km
29017612-4035-4121-abc4-8488df32cf21,2026-05-08 16:09:34+00:00,DEV_0084,device_spoofing,device_spoofing,device_spoofing,XGBoost ML Classifier
92ece58e-efd0-43f8-8603-3038c5c80150,2026-05-08 17:03:42+00:00,DEV_0009,normal,unknown,unknown,XGBoost ML Classifier
5f074bc9-1bb2-4b21-8ff5-db77e551f323,2026-05-08 17:04:31+00:00,SRV_0078,normal,unknown,unknown,XGBoost ML Classifier
1dec2b73-d96d-497b-abba-ffb6c00caf6e,2026-05-08 17:11:45+00:00,USR_0270,normal,unknown,unknown,XGBoost ML Classifier
2ae360b9-c94f-4729-9c9a-bc45fb4659f1,2026-05-08 17:49:17+00:00,DEV_0877,normal,unknown,unknown,XGBoost ML Classifier
a2335328-9982-4743-b710-e84504370986,2026-05-08 17:55:55+00:00,USR_0387,device_spoofing,device_spoofing,device_spoofing,XGBoost ML Classifier
f91e90d7-400c-4e0d-b712-2f98b79d3dc6,2026-05-08 18:44:39+00:00,USR_0949,device_spoofing,device_spoofing,device_spoofing,XGBoost ML Classifier
d610eb6c-5601-4a9b-972d-b2090147a136,2026-05-08 18:57:16+00:00,SRV_0182,normal,unknown,unknown,XGBoost ML Classifier
df7f6626-8a0e-49f4-a7ae-3264f1022496,2026-05-08 19:03:01+00:00,USR_0166,impossible_travel,impossible_travel,impossible_travel,Rule Override: geo_velocity_kmh > 900 km/h AND geo_distance > 500 km
b7274431-5b3d-47fc-a958-9e11890f645d,2026-05-08 19:17:22+00:00,SRV_0348,normal,unknown,unknown,XGBoost ML Classifier
d8320ea1-5913-48e0-829b-9b3af6e7ad11,2026-05-08 19:19:33+00:00,DEV_0384,normal,unknown,unknown,XGBoost ML Classifier
1eed1118-3f62-4a73-ba2a-061e1be2688c,2026-05-08 19:21:44+00:00,DEV_0237,normal,unknown,unknown,XGBoost ML Classifier
950d35f3-d13d-46a2-a7c7-1e70c92dbe44,2026-05-08 19:28:29+00:00,USR_0003,impossible_travel,impossible_travel,impossible_travel,Rule Override: geo_velocity_kmh > 900 km/h AND geo_distance > 500 km
040b6331-986b-4851-bcfd-a00a2dc98903,2026-05-08 20:00:23+00:00,DEV_0768,normal,unknown,unknown,XGBoost ML Classifier
710d360b-ff04-4402-a2af-2f9ce40b5ba1,2026-05-08 20:49:02+00:00,SRV_0670,normal,unknown,unknown,XGBoost ML Classifier
47731b7f-a3d3-4bd0-8a5d-464423ce5a16,2026-05-08 22:16:21+00:00,USR_0732,normal,unknown,insider_drift,XGBoost ML Classifier
f311066b-4808-4d09-9c9a-67a75ea651d2,2026-05-08 23:59:24+00:00,SRV_0283,normal,unknown,unknown,XGBoost ML Classifier
af585c92-b456-428b-864b-f4047ab796b1,2026-05-08 23:59:24+00:00,DEV_0537,normal,unknown,unknown,XGBoost ML Classifier
6fda41f0-14af-43be-93cd-1d01282e05cd,2026-05-08 23:59:24+00:00,DEV_0009,normal,unknown,unknown,XGBoost ML Classifier
e2eb0e89-93f5-49e3-982a-6cb2c462c7e8,2026-05-08 23:59:24+00:00,DEV_0311,normal,unknown,unknown,XGBoost ML Classifier
04553fb4-2556-4491-8802-9c832a38bd5c,2026-05-09 00:00:02.497000+00:00,DEV_0164,normal,unknown,unknown,XGBoost ML Classifier
9bd7530e-92ce-4a06-87a8-b8b5bdc52709,2026-05-09 00:19:00+00:00,DEV_0848,impossible_travel,impossible_travel,impossible_travel,Rule Override: geo_velocity_kmh > 900 km/h AND geo_distance > 500 km
d285d7f5-bd65-4645-bea5-b73e9d3d49c6,2026-05-09 00:47:25+00:00,SRV_0207,normal,unknown,unknown,XGBoost ML Classifier
1373bc6b-00ec-4d5b-bec3-117e3b572a03,2026-05-09 00:57:08+00:00,SRV_0587,impossible_travel,impossible_travel,impossible_travel,Rule Override: geo_velocity_kmh > 900 km/h AND geo_distance > 500 km
13190af2-fda8-43d6-891b-a5a2f41f010d,2026-05-09 01:10:05+00:00,USR_0364,low_slow_exfil,low_slow_exfil,low_slow_exfil,XGBoost ML Classifier
9e892922-fc46-4194-bdd2-50cd5da997c6,2026-05-09 01:10:14+00:00,USR_0331,low_slow_exfil,low_slow_exfil,low_slow_exfil,XGBoost ML Classifier
97915141-52cf-4589-bfd0-50ebc052cbbf,2026-05-09 01:38:12+00:00,USR_0411,low_slow_exfil,low_slow_exfil,low_slow_exfil,XGBoost ML Classifier
58f789c6-4297-489d-8a76-3de302285214,2026-05-09 01:48:15+00:00,DEV_0368,normal,unknown,unknown,XGBoost ML Classifier
bf4c8573-41b1-4a16-a8c9-4852981679e7,2026-05-09 01:52:02+00:00,USR_0206,low_slow_exfil,low_slow_exfil,low_slow_exfil,XGBoost ML Classifier
1f729c75-d9c8-4c8b-b81b-128b6326e9a0,2026-05-09 02:08:47+00:00,DEV_0011,impossible_travel,impossible_travel,impossible_travel,Rule Override: geo_velocity_kmh > 900 km/h AND geo_distance > 500 km
6947f21d-aac9-468e-ae23-e5e2e8105a21,2026-05-09 02:24:18+00:00,SRV_0314,normal,unknown,unknown,XGBoost ML Classifier
d55e3342-69bb-41cf-a439-36dd714f99c2,2026-05-09 02:47:52+00:00,USR_0386,low_slow_exfil,low_slow_exfil,low_slow_exfil,XGBoost ML Classifier
d9904cbd-00a2-4f20-a202-f835360699ab,2026-05-09 02:56:39+00:00,DEV_0862,normal,unknown,unknown,XGBoost ML Classifier
2e72910e-e575-4c30-9e01-58d207bae30f,2026-05-09 03:14:56+00:00,USR_0364,low_slow_exfil,low_slow_exfil,low_slow_exfil,XGBoost ML Classifier
2a85a5e7-8a2d-4d34-9188-1bdbc8a05547,2026-05-09 03:16:45.658101+00:00,USR_0291,lateral_movement,lateral_movement,lateral_movement,XGBoost ML Classifier
4a55aaec-a28d-450f-a1d6-a114a82124b9,2026-05-09 03:18:33.414596+00:00,USR_0291,lateral_movement,lateral_movement,lateral_movement,XGBoost ML Classifier
6f013311-c9ab-48ee-b746-f181a5d0b25a,2026-05-09 03:30:57+00:00,SRV_0731,normal,unknown,unknown,XGBoost ML Classifier
15fabd38-bd04-498e-85c1-e1f3d701ce6d,2026-05-09 03:50:42+00:00,USR_0364,low_slow_exfil,low_slow_exfil,low_slow_exfil,XGBoost ML Classifier
4d1740f0-2327-4bd1-a2ad-d332804ecf65,2026-05-09 03:58:51+00:00,SRV_0161,normal,unknown,unknown,XGBoost ML Classifier
d34542f5-5668-47ce-8355-7257930e8518,2026-05-09 04:25:51+00:00,SRV_0743,normal,unknown,unknown,XGBoost ML Classifier
7a5076cf-6cf9-4bf0-a1c6-6e9e1c881cd7,2026-05-09 04:45:43+00:00,SRV_0525,normal,unknown,unknown,XGBoost ML Classifier
d5ccca58-cacd-4388-b32d-2a90be28bfa2,2026-05-09 04:46:11+00:00,DEV_0543,normal,unknown,unknown,XGBoost ML Classifier
5065d09a-5e0a-4d30-84ba-37df55873be8,2026-05-09 05:15:41+00:00,SRV_0469,normal,unknown,unknown,XGBoost ML Classifier
8a4d993d-f060-4d50-8995-aa2518e72876,2026-05-09 05:19:31+00:00,DEV_0420,normal,unknown,unknown,XGBoost ML Classifier
37d5716d-090f-42e7-ac0f-0e1d45bb9dbf,2026-05-09 06:26:53+00:00,SRV_0698,normal,unknown,unknown,XGBoost ML Classifier
69bcba7a-7ffc-4e18-9df4-b7f22a628250,2026-05-09 06:37:45+00:00,DEV_0030,normal,unknown,unknown,XGBoost ML Classifier
3e31d3ef-bb3c-4e63-b12f-861759384adb,2026-05-09 07:22:36+00:00,SRV_0797,impossible_travel,impossible_travel,impossible_travel,Rule Override: geo_velocity_kmh > 900 km/h AND geo_distance > 500 km
d80f6859-800a-4441-aa5e-d637e69ffe67,2026-05-09 09:17:15+00:00,SRV_0591,normal,unknown,unknown,XGBoost ML Classifier
c586056d-f16a-447a-9121-630a97e78ef6,2026-05-09 09:22:13+00:00,USR_0681,device_spoofing,device_spoofing,device_spoofing,XGBoost ML Classifier
fa369d71-f68f-415a-a57b-dd19adf21d9a,2026-05-09 09:23:13+00:00,USR_0681,device_spoofing,device_spoofing,device_spoofing,XGBoost ML Classifier
920715df-51d9-49a0-8e3c-9dea55368450,2026-05-09 09:47:40+00:00,SRV_0841,normal,unknown,unknown,XGBoost ML Classifier
0e2b1ab4-9da9-491e-aceb-250d723a5126,2026-05-09 11:49:46+00:00,DEV_0700,normal,unknown,unknown,XGBoost ML Classifier
e08596b5-55d5-4dd6-92cb-81367666e75a,2026-05-09 11:58:39+00:00,SRV_0645,normal,unknown,unknown,XGBoost ML Classifier
8a08ea87-a6f0-456b-93bc-939e98dbc9cf,2026-05-09 12:15:22+00:00,SRV_0458,impossible_travel,impossible_travel,impossible_travel,Rule Override: geo_velocity_kmh > 900 km/h AND geo_distance > 500 km
0a113ba2-50e1-4af0-bced-8fa76a76e678,2026-05-09 12:47:06+00:00,SRV_0469,normal,unknown,unknown,XGBoost ML Classifier
16e085a3-aa00-49b7-bbf8-ddb7970637bc,2026-05-09 15:10:18+00:00,DEV_0416,normal,unknown,unknown,XGBoost ML Classifier
56870986-f4d8-4b8a-b6b7-be2ac6689255,2026-05-09 15:31:19+00:00,DEV_0837,normal,unknown,unknown,XGBoost ML Classifier
4a15faa6-3123-4fa9-835d-b5083b760112,2026-05-09 15:45:23+00:00,USR_0211,device_spoofing,device_spoofing,device_spoofing,XGBoost ML Classifier
f07aaafb-9e6f-4d5a-97db-bace01f479c1,2026-05-09 15:46:23+00:00,USR_0211,device_spoofing,device_spoofing,device_spoofing,XGBoost ML Classifier
6959f607-77f5-4003-88bc-fbe479049072,2026-05-09 15:47:52+00:00,DEV_0383,normal,unknown,unknown,XGBoost ML Classifier
559ab06f-1653-40b4-9fdc-1b873b03dc2d,2026-05-09 16:39:14+00:00,SRV_0083,normal,unknown,unknown,XGBoost ML Classifier
bf423cc8-fc77-49e3-906a-90bdf9e4fd2a,2026-05-09 17:00:55+00:00,DEV_0787,normal,unknown,unknown,XGBoost ML Classifier
8b6baef7-475a-45fb-bdc0-04db4e2153af,2026-05-09 17:44:47+00:00,DEV_0212,normal,unknown,unknown,XGBoost ML Classifier
952418f7-7b8a-48a4-97d5-e04723c26cd8,2026-05-09 17:46:56+00:00,DEV_0286,impossible_travel,impossible_travel,impossible_travel,Rule Override: geo_velocity_kmh > 900 km/h AND geo_distance > 500 km
c2a40b18-ea8a-46e5-adab-f2642344a367,2026-05-09 17:54:30+00:00,DEV_0394,normal,unknown,unknown,XGBoost ML Classifier
3e5cdee9-6716-44fc-8acb-418f10a612db,2026-05-09 17:58:49+00:00,DEV_0820,normal,unknown,unknown,XGBoost ML Classifier
5ced9776-8bec-40ab-88f2-b036938bd4d7,2026-05-09 18:16:58+00:00,DEV_0676,normal,unknown,unknown,XGBoost ML Classifier
4e6f1e1e-c38e-472f-ae02-a7e7e10df28f,2026-05-09 18:45:00+00:00,USR_0789,normal,unknown,unknown,XGBoost ML Classifier
84851223-8583-45a0-9ffe-803825c62b47,2026-05-09 18:48:28+00:00,DEV_0555,impossible_travel,impossible_travel,impossible_travel,Rule Override: geo_velocity_kmh > 900 km/h AND geo_distance > 500 km
3581fb55-e4bc-4fe2-aabb-7fb99c680e57,2026-05-09 19:07:02+00:00,SRV_0001,normal,unknown,unknown,XGBoost ML Classifier
00cd9fa2-4101-41e4-9bee-4b6309395c66,2026-05-09 19:22:12+00:00,DEV_0311,normal,unknown,unknown,XGBoost ML Classifier
9d91c8e0-0255-4dbb-8ffe-c976bcde46af,2026-05-09 19:22:31+00:00,DEV_0820,normal,unknown,unknown,XGBoost ML Classifier
8d38a372-3c83-48f8-a45d-e9bd5141ff31,2026-05-09 19:26:54+00:00,SRV_0630,normal,unknown,unknown,XGBoost ML Classifier
8816d48f-9dd8-48bf-81b7-1c905158a08d,2026-05-09 19:36:11+00:00,DEV_0371,normal,unknown,unknown,XGBoost ML Classifier
140db33e-161a-437f-9e46-97aefbea0d1a,2026-05-09 20:22:15+00:00,SRV_0159,normal,unknown,unknown,XGBoost ML Classifier
a031d421-92e2-4039-9b84-5616d879d139,2026-05-09 20:49:17+00:00,SRV_0182,normal,unknown,unknown,XGBoost ML Classifier
fe3431ef-2641-488b-8b59-c806accbd19f,2026-05-09 20:51:10+00:00,SRV_0283,normal,unknown,unknown,XGBoost ML Classifier
3eb46c09-bdd9-4330-96c4-d5ef914075e0,2026-05-09 22:06:34+00:00,DEV_0011,impossible_travel,impossible_travel,impossible_travel,Rule Override: geo_velocity_kmh > 900 km/h AND geo_distance > 500 km
e76e0f7f-4664-49f3-a61f-6346fc934dd2,2026-05-09 22:34:28+00:00,USR_0648,device_spoofing,device_spoofing,device_spoofing,XGBoost ML Classifier
55c5fed2-3f19-4087-b9ec-80889a7f8455,2026-05-09 22:35:28+00:00,USR_0648,device_spoofing,device_spoofing,device_spoofing,XGBoost ML Classifier
9b5b73a0-ab1b-43d6-a3ee-40a096aa62ae,2026-05-09 22:37:15+00:00,DEV_0873,impossible_travel,impossible_travel,impossible_travel,Rule Override: geo_velocity_kmh > 900 km/h AND geo_distance > 500 km
6dfb7ff8-0c44-48f7-9c56-5a9acb4bae29,2026-05-09 23:59:24+00:00,SRV_0004,normal,unknown,unknown,XGBoost ML Classifier
0500217c-baab-4c1a-a3f9-87b673fe9b12,2026-05-09 23:59:24+00:00,SRV_0570,normal,unknown,unknown,XGBoost ML Classifier
c476717f-d948-4745-87d7-163a0e169875,2026-05-09 23:59:24+00:00,SRV_0934,normal,unknown,unknown,XGBoost ML Classifier
863b70c0-3bbd-4d03-b3e3-1e1f996bd3de,2026-05-09 23:59:24+00:00,SRV_0550,normal,unknown,unknown,XGBoost ML Classifier
7ea5f374-3733-4bab-9d03-0dbaa08375cd,2026-05-10 00:19:29+00:00,DEV_0384,normal,unknown,unknown,XGBoost ML Classifier
fe1c72c1-f1d3-4a7f-af36-346ec5b9f5c2,2026-05-10 00:43:00+00:00,SRV_0898,impossible_travel,impossible_travel,impossible_travel,Rule Override: geo_velocity_kmh > 900 km/h AND geo_distance > 500 km
16e1b543-fa04-42d5-9ccb-cfb0fc506ca0,2026-05-10 01:10:17+00:00,USR_0386,low_slow_exfil,low_slow_exfil,low_slow_exfil,XGBoost ML Classifier
f9d27f53-171d-4532-96c9-82a6395fa9a4,2026-05-10 01:20:54+00:00,DEV_0212,normal,unknown,unknown,XGBoost ML Classifier
5b1655b9-e69f-42cc-9d67-0f10689d025b,2026-05-10 01:33:03+00:00,USR_0411,low_slow_exfil,low_slow_exfil,low_slow_exfil,XGBoost ML Classifier
298fa698-3ffb-4247-8b3a-70454ba3f30c,2026-05-10 01:55:03+00:00,USR_0364,low_slow_exfil,low_slow_exfil,low_slow_exfil,XGBoost ML Classifier
6333ac94-0a1b-4a15-9548-49ff3f6e0649,2026-05-10 02:11:30+00:00,USR_0206,low_slow_exfil,low_slow_exfil,low_slow_exfil,XGBoost ML Classifier
45c9be86-25e3-4a26-beea-29670a03cc0c,2026-05-10 02:21:49+00:00,DEV_0902,impossible_travel,impossible_travel,impossible_travel,Rule Override: geo_velocity_kmh > 900 km/h AND geo_distance > 500 km
2fc04528-b462-4118-8252-badfbe925d5c,2026-05-10 02:40:13+00:00,USR_0411,low_slow_exfil,low_slow_exfil,low_slow_exfil,XGBoost ML Classifier
201c9540-3a60-46b0-b0d8-0ab5bc65ec9d,2026-05-10 02:47:11+00:00,USR_0364,low_slow_exfil,low_slow_exfil,low_slow_exfil,XGBoost ML Classifier
c90b3bdb-c8f5-492d-b1fe-2bdcaf792421,2026-05-10 03:08:25+00:00,DEV_0635,normal,unknown,unknown,XGBoost ML Classifier
bf3ff04b-3907-45dc-9aed-f6d0856a4e3d,2026-05-10 03:10:24+00:00,USR_0793,low_slow_exfil,low_slow_exfil,low_slow_exfil,XGBoost ML Classifier
f2a0ff72-c824-4b0f-942d-071ebf0d54bb,2026-05-10 03:21:32+00:00,USR_0331,low_slow_exfil,low_slow_exfil,low_slow_exfil,XGBoost ML Classifier
738ee83e-0e50-4d27-a763-7ea9abdb84d4,2026-05-10 03:39:43+00:00,USR_0949,low_slow_exfil,low_slow_exfil,low_slow_exfil,XGBoost ML Classifier
abd64bd7-b958-4a8e-b1ee-4b2fd6517f0d,2026-05-10 03:46:17+00:00,DEV_0294,normal,unknown,unknown,XGBoost ML Classifier
69f029f6-ffd0-4e9a-8fff-1f7e4783f552,2026-05-10 03:49:46+00:00,USR_0331,low_slow_exfil,low_slow_exfil,low_slow_exfil,XGBoost ML Classifier
636849f2-529a-4471-bad6-2f9bec24324c,2026-05-10 03:57:56+00:00,SRV_0908,normal,unknown,unknown,XGBoost ML Classifier
d7257ffd-e769-481b-aff7-7180e1e5b168,2026-05-10 04:17:05+00:00,DEV_0877,normal,unknown,unknown,XGBoost ML Classifier
0bd9f6c0-4015-475b-ac61-9b90d8f12ba7,2026-05-10 06:06:17+00:00,DEV_0332,normal,unknown,unknown,XGBoost ML Classifier
6a587d79-75b4-4b12-b104-f6374a20eec4,2026-05-10 06:08:32+00:00,DEV_0947,normal,unknown,unknown,XGBoost ML Classifier
1e8b9084-98f1-48e8-89f5-63a9278fb1ab,2026-05-10 06:21:03+00:00,DEV_0507,impossible_travel,impossible_travel,impossible_travel,Rule Override: geo_velocity_kmh > 900 km/h AND geo_distance > 500 km
ba09d4df-0d3c-4460-9c1b-acf426a9f4d1,2026-05-10 06:59:42+00:00,DEV_0084,normal,unknown,unknown,XGBoost ML Classifier
1e0d3802-3093-49d9-9579-be58860d1aa0,2026-05-10 07:01:59+00:00,SRV_0161,normal,unknown,unknown,XGBoost ML Classifier
f4b48114-88de-4ebd-becd-0767c44cbd79,2026-05-10 07:04:20+00:00,DEV_0311,normal,unknown,unknown,XGBoost ML Classifier
70609888-6f24-401b-84ea-ba3ddadf9ab3,2026-05-10 07:41:57+00:00,DEV_0703,normal,unknown,unknown,XGBoost ML Classifier
e8387059-5937-4ae9-85eb-d646a41288f7,2026-05-10 07:42:03+00:00,SRV_0619,impossible_travel,impossible_travel,impossible_travel,Rule Override: geo_velocity_kmh > 900 km/h AND geo_distance > 500 km
4e3b7bfc-0724-4c6c-aea1-72d403051a68,2026-05-10 08:00:25+00:00,SRV_0058,normal,unknown,unknown,XGBoost ML Classifier
1742aece-4f52-48cc-9aeb-2fa2498c9325,2026-05-10 08:05:52+00:00,SRV_0797,normal,unknown,unknown,XGBoost ML Classifier
6e8ad959-8238-48aa-a5bd-9e8bd68037c7,2026-05-10 08:08:29.274812+00:00,DEV_0493,lateral_movement,lateral_movement,lateral_movement,XGBoost ML Classifier
0c5f396f-0ec6-4e1a-8fdd-516e9642179d,2026-05-10 08:09:39.329515+00:00,DEV_0493,lateral_movement,lateral_movement,lateral_movement,XGBoost ML Classifier
635c13ce-c87a-4d29-9d64-88c82ab87b18,2026-05-10 08:09:40.339338+00:00,DEV_0493,lateral_movement,lateral_movement,lateral_movement,XGBoost ML Classifier
867a04e6-fd04-4469-8365-3db836cf854d,2026-05-10 08:50:51+00:00,SRV_0693,impossible_travel,impossible_travel,impossible_travel,Rule Override: geo_velocity_kmh > 900 km/h AND geo_distance > 500 km
4a5e4374-9b9a-4b1b-a04b-6ae99306b91f,2026-05-10 08:51:18+00:00,SRV_0128,normal,unknown,unknown,XGBoost ML Classifier
4547c5a4-3398-4ad9-96f5-e2a93d6b01aa,2026-05-10 09:26:12+00:00,DEV_0013,normal,unknown,unknown,XGBoost ML Classifier
e2060a46-fdcb-4c23-a47e-c487da9f9a6d,2026-05-10 09:33:51+00:00,DEV_0820,normal,unknown,unknown,XGBoost ML Classifier
a7bcd8f7-3531-41f3-ad41-cd124ab02ce1,2026-05-10 09:42:49.581117+00:00,DEV_0537,credential_stuffing,credential_stuffing,credential_stuffing,XGBoost ML Classifier
26c29ea6-6493-482e-b044-da948f46bfc6,2026-05-10 09:42:51.556032+00:00,USR_0071,credential_stuffing,credential_stuffing,credential_stuffing,XGBoost ML Classifier
bcebb446-26a3-4cbb-869c-e6ae724c3b41,2026-05-10 09:42:52.678951+00:00,USR_0357,credential_stuffing,credential_stuffing,credential_stuffing,XGBoost ML Classifier
b0c77e59-1f79-4381-9e65-b06921bbde95,2026-05-10 09:42:53.893636+00:00,USR_0243,credential_stuffing,credential_stuffing,credential_stuffing,XGBoost ML Classifier
3e1535a8-2774-415b-b5db-0d8f0968dd38,2026-05-10 09:42:57.159180+00:00,SRV_0550,credential_stuffing,credential_stuffing,credential_stuffing,XGBoost ML Classifier
f9bbfc5a-936e-472c-93b3-cfb552b483cf,2026-05-10 09:42:57.581983+00:00,USR_0689,credential_stuffing,credential_stuffing,credential_stuffing,XGBoost ML Classifier
b68ea111-63f0-4f10-b600-eaa756c3d945,2026-05-10 09:43:03.008136+00:00,USR_0398,credential_stuffing,credential_stuffing,credential_stuffing,XGBoost ML Classifier
8969ff56-bfb1-462e-9243-b2be009f9714,2026-05-10 09:48:09+00:00,SRV_0702,normal,unknown,unknown,XGBoost ML Classifier
8a243662-f592-4f36-8e33-10de1e4540df,2026-05-10 10:13:00+00:00,DEV_0685,normal,unknown,unknown,XGBoost ML Classifier
05f51a64-4632-4097-8419-d504caa98287,2026-05-10 10:18:50+00:00,SRV_0461,normal,unknown,unknown,XGBoost ML Classifier
befbd1e6-1292-4772-8645-1f62dce31462,2026-05-10 10:31:00+00:00,SRV_0693,normal,unknown,impossible_travel,Rule Override: geo_velocity_kmh > 900 km/h AND geo_distance > 500 km
e30c48b6-8a28-4f69-bfac-0ac209a2dda6,2026-05-10 12:09:46+00:00,SRV_0805,normal,unknown,unknown,XGBoost ML Classifier
bcbae883-938f-44f1-9711-0ec471906c55,2026-05-10 12:16:53+00:00,DEV_0429,normal,unknown,unknown,XGBoost ML Classifier
e525a879-313e-4003-b4a2-4e5feb6d3cb0,2026-05-10 12:22:19+00:00,SRV_0083,normal,unknown,unknown,XGBoost ML Classifier
a12f96fb-f13e-411a-be3e-18733819dcf2,2026-05-10 13:09:48+00:00,DEV_0245,normal,unknown,unknown,XGBoost ML Classifier
5d81ca4c-8d68-4a02-b2c0-b8442d3bcf3f,2026-05-10 13:34:47+00:00,SRV_0457,normal,unknown,unknown,XGBoost ML Classifier
514e998c-c0b3-4cb6-a3a3-ab62a6586e67,2026-05-10 13:47:50+00:00,USR_0626,device_spoofing,device_spoofing,device_spoofing,XGBoost ML Classifier
4b88680d-4dae-4cd9-9c9b-c9eb974423e9,2026-05-10 15:16:32+00:00,DEV_0420,normal,unknown,unknown,XGBoost ML Classifier
83bd3e50-36c1-4840-a753-bd24c6733f23,2026-05-10 15:22:09+00:00,DEV_0394,normal,unknown,unknown,XGBoost ML Classifier
ebf2841a-a3d4-4fd5-81f1-2eb6559203ca,2026-05-10 15:30:26+00:00,DEV_0685,normal,unknown,unknown,XGBoost ML Classifier
a1bc969a-eb78-434d-8997-1571615e2f22,2026-05-10 15:57:38.878545+00:00,USR_0334,lateral_movement,lateral_movement,lateral_movement,XGBoost ML Classifier
9836627e-ab98-438e-82bd-0f4b20b1aeb5,2026-05-10 15:58:09.099634+00:00,USR_0334,lateral_movement,lateral_movement,lateral_movement,XGBoost ML Classifier
6be30059-d057-41d9-88ee-d7d173214fa0,2026-05-10 15:59:24.825314+00:00,USR_0334,lateral_movement,lateral_movement,lateral_movement,XGBoost ML Classifier
05184783-584b-4e97-8d71-95b0604d087c,2026-05-10 16:02:39.800514+00:00,USR_0334,lateral_movement,lateral_movement,lateral_movement,XGBoost ML Classifier
11a50249-caa7-4658-9ed4-18557d9c4149,2026-05-10 16:12:29+00:00,SRV_0621,normal,unknown,unknown,XGBoost ML Classifier
fefc6c2d-daf1-4305-98f9-2462ff7e9ba1,2026-05-10 17:30:09+00:00,DEV_0279,normal,unknown,unknown,XGBoost ML Classifier
989ec388-e003-4b73-9846-9059bc6d7131,2026-05-10 17:35:41+00:00,DEV_0632,normal,unknown,unknown,XGBoost ML Classifier
d9b59031-de20-4d00-9079-7f88c0bb5811,2026-05-10 18:38:31+00:00,SRV_0469,normal,unknown,unknown,XGBoost ML Classifier
b026dd9c-5f41-491b-b12b-ae1fbb14c400,2026-05-10 18:39:07+00:00,DEV_0326,normal,unknown,unknown,XGBoost ML Classifier
cceb3227-3d75-433d-97bd-a10897e0f446,2026-05-10 19:10:20+00:00,SRV_0129,normal,unknown,brute_force,XGBoost ML Classifier
2c40bf29-760a-4a72-9dc5-0fee6816c4f0,2026-05-10 19:21:47+00:00,SRV_0767,normal,unknown,unknown,XGBoost ML Classifier
01fbbfe3-9c77-4c02-8bf3-40a38e5f874d,2026-05-10 20:05:23+00:00,DEV_0437,normal,unknown,unknown,XGBoost ML Classifier
ede85b82-f21f-46ce-bea9-babf8287b269,2026-05-10 20:55:51+00:00,DEV_0873,normal,unknown,unknown,XGBoost ML Classifier
d2260d99-394a-4052-b699-ff3cbf2f1fd8,2026-05-10 22:01:25+00:00,SRV_0301,normal,unknown,unknown,XGBoost ML Classifier
c3f83f12-b95c-4c98-af1a-d86a048642aa,2026-05-10 22:04:08+00:00,DEV_0343,normal,unknown,unknown,XGBoost ML Classifier
17adb767-ffd4-445d-a811-c4e370ec6ef2,2026-05-10 22:05:26+00:00,DEV_0902,normal,unknown,unknown,XGBoost ML Classifier
53cae10a-d398-4448-a779-8674ec1a43ab,2026-05-10 22:20:54+00:00,DEV_0009,normal,unknown,unknown,XGBoost ML Classifier
fb19766a-77e6-4d75-8d49-d75f98fb9dba,2026-05-10 22:32:07+00:00,SRV_0908,normal,unknown,unknown,XGBoost ML Classifier
987ab1ff-0a5b-4404-81c6-14072a27d0ae,2026-05-10 22:56:44+00:00,DEV_0311,normal,unknown,unknown,XGBoost ML Classifier
dc07099f-db6f-4905-b2bb-1e2bf7f7553d,2026-05-10 23:25:42+00:00,DEV_0593,normal,unknown,unknown,XGBoost ML Classifier
54d22d38-575c-4167-b8e2-6f218593926d,2026-05-10 23:55:23+00:00,SRV_0729,normal,unknown,unknown,XGBoost ML Classifier
7868392b-b638-4554-9c78-c34a6a59eabb,2026-05-10 23:59:26.379000+00:00,SRV_0461,normal,unknown,unknown,XGBoost ML Classifier
f99523d4-6f40-402b-a604-7178823c2c04,2026-05-10 23:59:27.925000+00:00,SRV_0358,normal,unknown,unknown,XGBoost ML Classifier
96ecc274-544d-4b21-b021-8bfd97f12ec6,2026-05-11 00:00:00+00:00,SRV_0731,normal,unknown,unknown,XGBoost ML Classifier
c932e19b-950e-486f-baca-a0122645003c,2026-05-11 00:00:00+00:00,SRV_0358,normal,unknown,unknown,XGBoost ML Classifier
5913498a-c0f0-4e5b-8b9c-0189ef3cd7be,2026-05-11 00:00:00.997000+00:00,SRV_0731,normal,unknown,unknown,XGBoost ML Classifier
ab7820fa-3c0f-458e-bdc9-0f8651e2590b,2026-05-11 00:00:03.532000+00:00,DEV_0632,normal,unknown,unknown,XGBoost ML Classifier
4d4e7bfb-d4f6-4965-849e-c4f5c19374f2,2026-05-11 00:18:00+00:00,DEV_0089,impossible_travel,impossible_travel,impossible_travel,Rule Override: geo_velocity_kmh > 900 km/h AND geo_distance > 500 km
5a0dacec-21de-47cf-a6e2-d79aa7d784ee,2026-05-11 00:28:52+00:00,SRV_0637,impossible_travel,impossible_travel,impossible_travel,Rule Override: geo_velocity_kmh > 900 km/h AND geo_distance > 500 km
2ab43916-0e19-4a5c-8280-09bb3e7902c0,2026-05-11 01:25:15+00:00,USR_0949,low_slow_exfil,low_slow_exfil,low_slow_exfil,XGBoost ML Classifier
90a62580-0ef4-4edb-b20f-cb61298b642b,2026-05-11 01:28:59+00:00,USR_0364,low_slow_exfil,low_slow_exfil,low_slow_exfil,XGBoost ML Classifier
2aeeba9b-119b-433a-ab57-1ece517112c6,2026-05-11 01:41:08+00:00,USR_0411,low_slow_exfil,low_slow_exfil,low_slow_exfil,XGBoost ML Classifier
2599f1f2-f807-4421-9a2b-42596b8f46f5,2026-05-11 01:44:35+00:00,USR_0364,low_slow_exfil,low_slow_exfil,low_slow_exfil,XGBoost ML Classifier
8e209782-9481-459a-aaca-518e4f2838ec,2026-05-11 01:53:10+00:00,USR_0206,low_slow_exfil,low_slow_exfil,low_slow_exfil,XGBoost ML Classifier
a42c9d0f-4810-45c0-8e39-c3277de2cd82,2026-05-11 02:06:16.872498+00:00,USR_0651,lateral_movement,lateral_movement,lateral_movement,XGBoost ML Classifier
d0642155-4e10-44d4-ad84-79dd45446d50,2026-05-11 02:07:17.348176+00:00,USR_0651,lateral_movement,lateral_movement,lateral_movement,XGBoost ML Classifier
a3e5a3ae-8d85-4517-a3cf-e62aebfae0fd,2026-05-11 02:18:13+00:00,SRV_0182,normal,unknown,unknown,XGBoost ML Classifier
7b751e7f-eb9c-476a-a866-93d4574f9b52,2026-05-11 02:23:42+00:00,USR_0364,low_slow_exfil,low_slow_exfil,low_slow_exfil,XGBoost ML Classifier
3595e2f0-2681-450e-bf01-014066bbc862,2026-05-11 02:34:12+00:00,USR_0331,low_slow_exfil,low_slow_exfil,low_slow_exfil,XGBoost ML Classifier
5dbcb117-df33-4d17-976a-1bee60f30d43,2026-05-11 02:41:05+00:00,USR_0331,low_slow_exfil,low_slow_exfil,low_slow_exfil,XGBoost ML Classifier
03d4ef0b-c872-4aff-a7de-3b3a1bc9a4fd,2026-05-11 02:54:46+00:00,SRV_0843,normal,unknown,unknown,XGBoost ML Classifier
0c177f70-448f-47d7-8ac4-fb2bcd98e940,2026-05-11 03:04:31+00:00,USR_0793,low_slow_exfil,low_slow_exfil,low_slow_exfil,XGBoost ML Classifier
cff1c275-273a-4c1c-9519-83745f1512a2,2026-05-11 03:33:38+00:00,USR_0141,device_spoofing,device_spoofing,device_spoofing,XGBoost ML Classifier
594fe870-22f7-4b7f-b6d1-d8a22d87b658,2026-05-11 03:34:38+00:00,USR_0141,device_spoofing,device_spoofing,device_spoofing,XGBoost ML Classifier
b4aee2a6-a9be-425a-bee1-225a0492ba03,2026-05-11 03:42:50+00:00,DEV_0368,normal,unknown,unknown,XGBoost ML Classifier
2fa640b6-5640-48bc-adec-79f8b683731a,2026-05-11 03:49:26+00:00,USR_0386,low_slow_exfil,low_slow_exfil,low_slow_exfil,XGBoost ML Classifier
9cc4a474-68cd-4ddb-9cf6-3d9c36ef2adc,2026-05-11 04:04:35+00:00,USR_0597,impossible_travel,impossible_travel,impossible_travel,Rule Override: geo_velocity_kmh > 900 km/h AND geo_distance > 500 km
dec76286-1a61-4e8e-b1fd-70b81875e7ae,2026-05-11 04:31:49+00:00,USR_0503,normal,unknown,unknown,XGBoost ML Classifier
7b5e95c9-d598-4dfc-859d-c687cb34e437,2026-05-11 04:50:27.391547+00:00,USR_0653,lateral_movement,lateral_movement,lateral_movement,XGBoost ML Classifier
b47cb42b-506e-491b-a0f2-20770be16a83,2026-05-11 04:50:31.712891+00:00,USR_0653,lateral_movement,lateral_movement,lateral_movement,XGBoost ML Classifier
6276cec9-db2d-40ff-bf7b-b656049b37cc,2026-05-11 05:28:31+00:00,SRV_0693,normal,unknown,unknown,XGBoost ML Classifier
412357b9-1fb9-437e-98b4-ab7366763f50,2026-05-11 05:42:31+00:00,USR_0198,normal,unknown,unknown,XGBoost ML Classifier
961988ac-0200-4d8f-a0c2-7d91e5b5e518,2026-05-11 05:43:44+00:00,DEV_0294,normal,unknown,unknown,XGBoost ML Classifier
f7edf66d-90d6-409c-8ca4-ee4edfe7c1a4,2026-05-11 05:48:30+00:00,USR_0827,impossible_travel,impossible_travel,impossible_travel,Rule Override: geo_velocity_kmh > 900 km/h AND geo_distance > 500 km
c78d16da-45b1-4b70-8ea7-3085030ddd66,2026-05-11 06:04:32+00:00,DEV_0632,normal,unknown,unknown,XGBoost ML Classifier
9c1457b9-126f-4fb9-90a5-44bd823fd596,2026-05-11 07:02:26+00:00,DEV_0164,normal,unknown,unknown,XGBoost ML Classifier
54f57192-dd13-4f5c-b6b3-a25ed86c111b,2026-05-11 07:19:21+00:00,USR_0041,normal,unknown,unknown,XGBoost ML Classifier
a49908b8-af19-431f-bfa1-16393d198a7b,2026-05-11 07:21:41+00:00,SRV_0232,normal,unknown,unknown,XGBoost ML Classifier
1a4dfb1f-187d-4df7-84d9-011d053a392a,2026-05-11 07:38:53+00:00,SRV_0004,normal,unknown,unknown,XGBoost ML Classifier
7c25431e-381e-4e16-b622-cf216a7636cc,2026-05-11 08:16:46+00:00,SRV_0934,normal,unknown,unknown,XGBoost ML Classifier
62d263b5-6446-42ed-9ac8-1cfa4c323f11,2026-05-11 08:22:29+00:00,DEV_0850,normal,unknown,unknown,XGBoost ML Classifier
d91d615b-d3ed-4ae9-8c7d-ebe75a62cb2e,2026-05-11 08:33:21+00:00,DEV_0212,normal,unknown,unknown,XGBoost ML Classifier
e4d1eb62-f924-490a-ad77-ee0e5b53e843,2026-05-11 08:53:55+00:00,SRV_0129,normal,unknown,unknown,XGBoost ML Classifier
27006e60-8b9e-4647-9ed0-cb8484d9b17d,2026-05-11 09:06:53+00:00,DEV_0260,normal,unknown,unknown,XGBoost ML Classifier
4d8bf66b-0fae-4438-b74c-d6306396c647,2026-05-11 09:43:08+00:00,SRV_0293,normal,unknown,unknown,XGBoost ML Classifier
b198473c-84c0-4034-92c1-00a776b65787,2026-05-11 09:53:57+00:00,DEV_0274,normal,unknown,unknown,XGBoost ML Classifier
a3644d1b-8440-4cbc-b4c8-c2df5bf2f527,2026-05-11 10:18:12+00:00,USR_0189,impossible_travel,impossible_travel,impossible_travel,Rule Override: geo_velocity_kmh > 900 km/h AND geo_distance > 500 km
3265fc00-32b5-4edb-ab9c-ef54d3db9c9d,2026-05-11 10:30:21+00:00,DEV_0676,normal,unknown,unknown,XGBoost ML Classifier
cd033495-f045-427b-a682-c62d4376dbeb,2026-05-11 10:35:52+00:00,USR_0148,impossible_travel,impossible_travel,impossible_travel,Rule Override: geo_velocity_kmh > 900 km/h AND geo_distance > 500 km
8953cb65-8fdc-4abf-af56-2e499793f895,2026-05-11 10:44:53+00:00,USR_0288,impossible_travel,impossible_travel,impossible_travel,Rule Override: geo_velocity_kmh > 900 km/h AND geo_distance > 500 km
297068df-e684-4bb6-9027-89a972cfffff,2026-05-11 11:42:02+00:00,USR_0360,impossible_travel,impossible_travel,impossible_travel,Rule Override: geo_velocity_kmh > 900 km/h AND geo_distance > 500 km
a1c3e24e-cc13-4862-bb6d-e7a0bde36902,2026-05-11 11:47:13+00:00,DEV_0420,normal,unknown,unknown,XGBoost ML Classifier
493ba99e-b509-4d0d-9b8e-a54cf96cef08,2026-05-11 11:55:23+00:00,USR_0620,normal,unknown,unknown,XGBoost ML Classifier
8e873d38-eb6c-42a9-875d-65ddb10282ce,2026-05-11 12:00:40+00:00,SRV_0550,normal,unknown,unknown,XGBoost ML Classifier
2c1c6630-e0ed-4021-81a2-ba939f9cd6f6,2026-05-11 12:04:55+00:00,USR_0341,impossible_travel,impossible_travel,impossible_travel,Rule Override: geo_velocity_kmh > 900 km/h AND geo_distance > 500 km
40056cff-dafc-486d-9f1f-304e83e3e278,2026-05-11 12:05:32+00:00,USR_0337,impossible_travel,impossible_travel,impossible_travel,Rule Override: geo_velocity_kmh > 900 km/h AND geo_distance > 500 km
e7908579-ef3a-4a01-ba05-846af62f9f2f,2026-05-11 12:10:59+00:00,USR_0157,impossible_travel,impossible_travel,impossible_travel,Rule Override: geo_velocity_kmh > 900 km/h AND geo_distance > 500 km
51a60a7f-21a7-420d-86b0-a128ea1663ab,2026-05-11 12:21:41+00:00,DEV_0711,normal,unknown,unknown,XGBoost ML Classifier
dfa4fc79-bea4-49f9-b0d2-3346de298f8f,2026-05-11 12:30:05+00:00,USR_0889,device_spoofing,device_spoofing,device_spoofing,XGBoost ML Classifier
ce747150-a73a-4367-8c49-3edc8b295138,2026-05-11 12:45:16+00:00,USR_0443,impossible_travel,impossible_travel,impossible_travel,Rule Override: geo_velocity_kmh > 900 km/h AND geo_distance > 500 km
e19c535c-a538-42f9-a245-6a3c78b3fb94,2026-05-11 13:08:01+00:00,SRV_0207,normal,unknown,unknown,XGBoost ML Classifier
975d6388-4c95-432a-bba5-87fedf5ced68,2026-05-11 13:23:14+00:00,USR_0488,normal,unknown,unknown,XGBoost ML Classifier
8d0a3376-10e0-4065-85fa-e83c526d44ce,2026-05-11 13:23:43+00:00,USR_0276,impossible_travel,impossible_travel,impossible_travel,Rule Override: geo_velocity_kmh > 900 km/h AND geo_distance > 500 km
9ae90e4b-34a2-41dc-a7de-c73965d8726a,2026-05-11 13:38:42+00:00,SRV_0184,normal,unknown,unknown,XGBoost ML Classifier
313d6c20-ceb3-418e-9b30-1e17d4f1b4ab,2026-05-11 13:41:24+00:00,USR_0203,impossible_travel,impossible_travel,impossible_travel,Rule Override: geo_velocity_kmh > 900 km/h AND geo_distance > 500 km
1082b798-6ad2-40b9-bb13-195f63845336,2026-05-11 13:47:15+00:00,USR_0400,normal,unknown,unknown,XGBoost ML Classifier
29aae44a-dba4-4ebe-9209-45db4dda7522,2026-05-11 14:08:34+00:00,USR_0959,device_spoofing,device_spoofing,device_spoofing,XGBoost ML Classifier
a9c701df-11f5-4cf2-b174-75ed208d7077,2026-05-11 14:08:54+00:00,DEV_0837,normal,unknown,unknown,XGBoost ML Classifier
8c8a6139-e7e1-491b-8f9c-e1df5262d896,2026-05-11 14:58:40+00:00,USR_0509,impossible_travel,impossible_travel,impossible_travel,Rule Override: geo_velocity_kmh > 900 km/h AND geo_distance > 500 km
064d3d86-0731-49f2-b662-61344c9b902f,2026-05-11 15:05:00+00:00,DEV_0290,normal,unknown,unknown,XGBoost ML Classifier
9ab2b8a6-a261-4ae3-88e5-2c19664498fb,2026-05-11 15:25:17+00:00,SRV_0191,normal,unknown,unknown,XGBoost ML Classifier
054a342a-5507-4861-a6f3-f4d27c7105d0,2026-05-11 15:29:30+00:00,USR_0249,impossible_travel,impossible_travel,impossible_travel,Rule Override: geo_velocity_kmh > 900 km/h AND geo_distance > 500 km
c71e4b0f-4a18-4cd7-a0ad-6803848c7997,2026-05-11 16:09:22+00:00,USR_0830,impossible_travel,impossible_travel,impossible_travel,Rule Override: geo_velocity_kmh > 900 km/h AND geo_distance > 500 km
e0dd2289-6205-4203-8b05-f0aaee6f64b3,2026-05-11 16:27:24+00:00,SRV_0640,normal,unknown,unknown,XGBoost ML Classifier
bc5dd115-6eeb-4328-bdae-b7d3d990ab19,2026-05-11 17:00:33+00:00,DEV_0063,normal,unknown,unknown,XGBoost ML Classifier
92a50eb2-23ea-49e5-84dd-782972c66b7e,2026-05-11 17:04:08+00:00,USR_0964,impossible_travel,impossible_travel,impossible_travel,Rule Override: geo_velocity_kmh > 900 km/h AND geo_distance > 500 km
e8897199-20e4-4f0b-934d-dba2a79c1a1b,2026-05-11 17:25:55+00:00,USR_0917,impossible_travel,impossible_travel,impossible_travel,Rule Override: geo_velocity_kmh > 900 km/h AND geo_distance > 500 km
10d821ea-d685-433a-985d-bc2ac86ca7e8,2026-05-11 17:40:33+00:00,SRV_0477,normal,unknown,unknown,XGBoost ML Classifier
0031914e-c9a5-498b-9871-85d2cb22ac40,2026-05-11 18:27:44+00:00,USR_0552,device_spoofing,device_spoofing,device_spoofing,XGBoost ML Classifier
8c5c74ad-95f6-4626-968c-8b172572a316,2026-05-11 19:20:43+00:00,SRV_0081,normal,unknown,unknown,XGBoost ML Classifier
5766760d-c3d7-405c-b583-7a586456df6c,2026-05-11 19:33:19+00:00,USR_0836,normal,unknown,unknown,XGBoost ML Classifier
b328e70d-0652-43cd-b2bd-27bb8c704250,2026-05-11 19:47:55+00:00,DEV_0947,normal,unknown,unknown,XGBoost ML Classifier
7f844ba0-9b64-4077-9b66-2df5043bad00,2026-05-11 20:11:43+00:00,DEV_0311,normal,unknown,unknown,XGBoost ML Classifier
7018cbc8-39c3-43bc-a126-6ec9fd5e5ee1,2026-05-11 20:14:00+00:00,DEV_0009,normal,unknown,unknown,XGBoost ML Classifier
7c82b563-f3be-48c7-903f-2628b4de064d,2026-05-11 20:34:52+00:00,SRV_0018,normal,unknown,unknown,XGBoost ML Classifier
a38b5a23-f553-48e7-9ee0-42177819bd6a,2026-05-11 21:16:01+00:00,SRV_0923,normal,unknown,unknown,XGBoost ML Classifier
79bccde2-9b8b-40a0-bf86-2ba9c1fd7099,2026-05-11 21:45:15+00:00,DEV_0294,normal,unknown,unknown,XGBoost ML Classifier
9c0deadf-93bf-440f-9fc3-462ca20113c5,2026-05-11 22:07:44+00:00,SRV_0228,normal,unknown,unknown,XGBoost ML Classifier
d623bddc-54c6-4753-9055-d48a7890ca42,2026-05-11 23:44:15+00:00,SRV_0936,normal,unknown,unknown,XGBoost ML Classifier
a3a31fc2-7ea1-4128-8ac4-1c2345b688cd,2026-05-11 23:59:24+00:00,DEV_0850,normal,unknown,unknown,XGBoost ML Classifier
96fce4d3-44e9-40fe-b235-a57262681871,2026-05-11 23:59:25.167000+00:00,SRV_0923,normal,unknown,unknown,XGBoost ML Classifier
728d78fb-4144-4080-a4e8-8148161a7c29,2026-05-11 23:59:26.619000+00:00,DEV_0543,normal,unknown,unknown,XGBoost ML Classifier
52d905b3-881e-4f89-ad7f-8847b7a1a58d,2026-05-11 23:59:26.905000+00:00,SRV_0372,normal,unknown,unknown,XGBoost ML Classifier
a633095e-869f-4c2e-914a-9ff4ddc9819a,2026-05-11 23:59:28.302000+00:00,SRV_0228,normal,unknown,unknown,XGBoost ML Classifier
00185110-3955-433d-b8b0-43d80a15e387,2026-05-12 00:00:00+00:00,DEV_0420,normal,unknown,low_slow_exfil,XGBoost ML Classifier
641c4c40-ff3d-452f-bf5c-57c00b8455c1,2026-05-12 00:00:00+00:00,SRV_0630,normal,unknown,unknown,XGBoost ML Classifier
c02a6eb9-733c-481b-a48e-574fafd51788,2026-05-12 00:05:24+00:00,SRV_0950,impossible_travel,impossible_travel,impossible_travel,Rule Override: geo_velocity_kmh > 900 km/h AND geo_distance > 500 km
4122b957-7e02-4fd3-8670-18470814b4af,2026-05-12 00:13:24+00:00,DEV_0593,impossible_travel,impossible_travel,impossible_travel,Rule Override: geo_velocity_kmh > 900 km/h AND geo_distance > 500 km
f6059fb3-f98a-4838-be0e-895a77eea906,2026-05-12 00:32:50+00:00,DEV_0632,normal,unknown,unknown,XGBoost ML Classifier
74d0f76b-2e5d-44fe-9c06-2e5d39b94906,2026-05-12 01:04:06+00:00,DEV_0873,normal,unknown,unknown,XGBoost ML Classifier
44a5035c-5e29-4505-ae7e-3e16ac4c671b,2026-05-12 01:07:12+00:00,SRV_0919,normal,unknown,unknown,XGBoost ML Classifier
e5b8c948-eadb-4c72-9be1-d3f53b6d607c,2026-05-12 01:29:15+00:00,USR_0364,low_slow_exfil,low_slow_exfil,low_slow_exfil,XGBoost ML Classifier
e75a90d0-21db-4637-b562-3b98df20d89c,2026-05-12 01:41:12+00:00,USR_0364,low_slow_exfil,low_slow_exfil,low_slow_exfil,XGBoost ML Classifier
4948c607-ebd3-4ba1-aea6-c2e4b59f766a,2026-05-12 01:48:57.170644+00:00,USR_0763,lateral_movement,lateral_movement,low_slow_exfil,XGBoost ML Classifier
637141e2-e122-4970-8808-0c6822792c75,2026-05-12 01:52:05.240225+00:00,USR_0763,lateral_movement,lateral_movement,lateral_movement,XGBoost ML Classifier
361aa8c1-8402-4234-9f46-33f4df0c6f71,2026-05-12 01:52:49.526180+00:00,USR_0763,lateral_movement,lateral_movement,lateral_movement,XGBoost ML Classifier
9446a8aa-0faa-4445-849d-202e287b7e36,2026-05-12 01:54:06.205279+00:00,USR_0763,lateral_movement,lateral_movement,lateral_movement,XGBoost ML Classifier
dd53986b-511d-4419-87ca-0689b736788c,2026-05-12 02:10:10+00:00,USR_0793,low_slow_exfil,low_slow_exfil,low_slow_exfil,XGBoost ML Classifier
1769094a-7101-40ec-9646-fc00597edaa2,2026-05-12 02:11:52+00:00,DEV_0394,normal,unknown,unknown,XGBoost ML Classifier
689d8b3a-15e6-4a9a-9ea6-03d9561cb7a0,2026-05-12 02:33:47.007402+00:00,SRV_0352,lateral_movement,lateral_movement,low_slow_exfil,XGBoost ML Classifier
1a80d9b6-36fa-442c-a8fc-435196e1cf80,2026-05-12 02:35:03.986191+00:00,SRV_0352,lateral_movement,lateral_movement,lateral_movement,XGBoost ML Classifier
6ba1c207-671f-4d50-9df6-567141c7b641,2026-05-12 02:37:33.755232+00:00,SRV_0352,lateral_movement,lateral_movement,lateral_movement,XGBoost ML Classifier
0938df25-113e-4b9f-bb14-052faa8a7c70,2026-05-12 02:38:36+00:00,USR_0793,low_slow_exfil,low_slow_exfil,low_slow_exfil,XGBoost ML Classifier
1134536a-1718-4d63-922f-7ba163d76572,2026-05-12 02:43:03+00:00,USR_0386,low_slow_exfil,low_slow_exfil,low_slow_exfil,XGBoost ML Classifier
ff561cf8-13ed-47c0-b131-2011f7a49656,2026-05-12 02:59:27+00:00,USR_0172,low_slow_exfil,low_slow_exfil,low_slow_exfil,XGBoost ML Classifier
d26a6554-91d2-4d23-bd9b-8b9cc861b0c4,2026-05-12 03:02:57+00:00,USR_0172,low_slow_exfil,low_slow_exfil,low_slow_exfil,XGBoost ML Classifier
8b2662d8-6817-4390-a872-a621341f2a49,2026-05-12 03:09:03+00:00,USR_0331,low_slow_exfil,low_slow_exfil,low_slow_exfil,XGBoost ML Classifier
3a2c2bdf-5785-4dfb-ba87-db48b2a7a339,2026-05-12 03:14:09+00:00,USR_0411,low_slow_exfil,low_slow_exfil,low_slow_exfil,XGBoost ML Classifier
d63eb062-d129-4382-817a-bbb048b38b34,2026-05-12 03:21:29+00:00,DEV_0371,normal,unknown,unknown,XGBoost ML Classifier
9638bd86-826d-4c42-a77d-9b9c6e6c0d48,2026-05-12 03:52:38.377521+00:00,USR_0220,lateral_movement,lateral_movement,low_slow_exfil,XGBoost ML Classifier
76a1d34b-70fb-49d1-9b8f-03a311f81068,2026-05-12 04:49:56+00:00,DEV_0233,normal,unknown,unknown,XGBoost ML Classifier
26e92632-b584-45ec-ac09-528b8bf7ca17,2026-05-12 05:09:32+00:00,DEV_0279,normal,unknown,unknown,XGBoost ML Classifier
4eb1af3c-a9ad-4702-ab3f-e0ebb695d320,2026-05-12 05:11:23+00:00,DEV_0326,impossible_travel,impossible_travel,impossible_travel,Rule Override: geo_velocity_kmh > 900 km/h AND geo_distance > 500 km
85f15a87-bc0d-4c2f-87e1-adaf82db687c,2026-05-12 05:42:19+00:00,SRV_0153,normal,unknown,unknown,XGBoost ML Classifier
f748aaf4-075d-4e0f-90ba-0bfb7c06051b,2026-05-12 06:00:37+00:00,USR_0835,normal,unknown,unknown,XGBoost ML Classifier
f924f175-2f28-4e9c-b636-2de6df75e34f,2026-05-12 06:27:42+00:00,DEV_0279,normal,unknown,unknown,XGBoost ML Classifier
2d2e22a7-ee8a-4ff8-8e5f-4b2bbb864e59,2026-05-12 06:34:30+00:00,SRV_0458,normal,unknown,unknown,XGBoost ML Classifier
3f83074d-bcbd-4813-a535-8ac7c8110333,2026-05-12 06:51:16+00:00,DEV_0534,normal,unknown,unknown,XGBoost ML Classifier
ec64c3af-9308-423b-bd6d-6907b4ccb4f5,2026-05-12 07:17:03+00:00,DEV_0013,normal,unknown,unknown,XGBoost ML Classifier
73356a08-e034-4af0-9d79-e916356fb55b,2026-05-12 07:23:29+00:00,SRV_0693,normal,unknown,unknown,XGBoost ML Classifier
e3bb1b2c-347e-4eb1-992a-c424cf202364,2026-05-12 07:27:20+00:00,DEV_0265,normal,unknown,unknown,XGBoost ML Classifier
f2384fa5-5c20-499b-b224-cb70138610c9,2026-05-12 07:45:32+00:00,USR_0306,impossible_travel,impossible_travel,impossible_travel,Rule Override: geo_velocity_kmh > 900 km/h AND geo_distance > 500 km
61759246-c7f5-422b-96f7-462250a73fbf,2026-05-12 08:00:31+00:00,USR_0889,impossible_travel,impossible_travel,impossible_travel,Rule Override: geo_velocity_kmh > 900 km/h AND geo_distance > 500 km
a5987ae2-67bf-43db-9e3b-3edd9007edaf,2026-05-12 08:36:27+00:00,SRV_0698,normal,unknown,unknown,XGBoost ML Classifier
41af8718-5460-4f0a-8437-2ea1c5156b1c,2026-05-12 08:37:32+00:00,USR_0299,impossible_travel,impossible_travel,impossible_travel,Rule Override: geo_velocity_kmh > 900 km/h AND geo_distance > 500 km
0526caa9-08ec-41c1-ada1-62ccc372f9e4,2026-05-12 09:00:06+00:00,DEV_0332,normal,unknown,unknown,XGBoost ML Classifier
590f644f-4f4e-4a40-babb-492f9aeb29df,2026-05-12 09:22:33+00:00,USR_0742,impossible_travel,impossible_travel,impossible_travel,Rule Override: geo_velocity_kmh > 900 km/h AND geo_distance > 500 km
750b1c1e-3160-45df-980d-6e83892a857e,2026-05-12 10:05:26+00:00,USR_0771,impossible_travel,impossible_travel,impossible_travel,Rule Override: geo_velocity_kmh > 900 km/h AND geo_distance > 500 km
b357f427-a374-4438-95f5-d695937bc904,2026-05-12 10:07:49+00:00,USR_0140,normal,unknown,insider_drift,XGBoost ML Classifier
a75bcfcf-8d20-4187-9f97-864ed48bb60c,2026-05-12 10:25:53.985711+00:00,USR_0186,lateral_movement,lateral_movement,lateral_movement,XGBoost ML Classifier
9fff3a95-f154-44a7-b8ec-7085bbdbc1fd,2026-05-12 10:25:58+00:00,USR_0259,impossible_travel,impossible_travel,impossible_travel,Rule Override: geo_velocity_kmh > 900 km/h AND geo_distance > 500 km
78658a2e-e91e-4fbc-98a0-129790d6f985,2026-05-12 10:27:13.595737+00:00,USR_0186,lateral_movement,lateral_movement,lateral_movement,XGBoost ML Classifier
2459d51c-08e7-4f1d-bcd1-b2060c670b0e,2026-05-12 10:35:29+00:00,SRV_0630,normal,unknown,unknown,XGBoost ML Classifier
cae4064e-251b-4ebe-9382-c86fe344459c,2026-05-12 10:38:45+00:00,SRV_0153,normal,unknown,unknown,XGBoost ML Classifier
e20dccdd-0817-41a0-a282-f48deeaee63d,2026-05-12 10:51:17+00:00,DEV_0043,impossible_travel,impossible_travel,impossible_travel,Rule Override: geo_velocity_kmh > 900 km/h AND geo_distance > 500 km
4d4272f4-7311-4bea-89ce-84788d3253f0,2026-05-12 11:14:15+00:00,SRV_0702,normal,unknown,unknown,XGBoost ML Classifier
cf95d3d4-1185-4e80-b751-3b1a31950216,2026-05-12 11:27:35+00:00,SRV_0202,normal,unknown,unknown,XGBoost ML Classifier
089c56b5-624f-445f-8678-715aeb0450d6,2026-05-12 11:31:23+00:00,SRV_0697,normal,unknown,unknown,XGBoost ML Classifier
96b8cd94-b301-41fa-8492-f3c6f7c06edc,2026-05-12 11:43:40+00:00,USR_0684,normal,unknown,unknown,XGBoost ML Classifier
fc091ea3-05a3-4f22-870a-839b6b5959dd,2026-05-12 11:58:40+00:00,DEV_0877,normal,unknown,unknown,XGBoost ML Classifier
a88141e9-2918-4889-85e6-41530265a500,2026-05-12 12:46:57+00:00,USR_0023,device_spoofing,device_spoofing,device_spoofing,XGBoost ML Classifier
a01e127d-1baa-4d7b-a971-6d4fd34b7a48,2026-05-12 12:51:50+00:00,USR_0722,impossible_travel,impossible_travel,impossible_travel,Rule Override: geo_velocity_kmh > 900 km/h AND geo_distance > 500 km
f81d6514-49b2-49ea-871d-84e60c77439d,2026-05-12 13:08:56+00:00,DEV_0993,normal,unknown,unknown,XGBoost ML Classifier
be5954f9-e0eb-4b5d-bc0b-f389f98d88c1,2026-05-12 13:40:55+00:00,USR_0875,impossible_travel,impossible_travel,impossible_travel,Rule Override: geo_velocity_kmh > 900 km/h AND geo_distance > 500 km
693b07ed-e48e-4bcf-b66e-6dce2847fc9b,2026-05-12 13:44:14+00:00,USR_0220,impossible_travel,impossible_travel,impossible_travel,Rule Override: geo_velocity_kmh > 900 km/h AND geo_distance > 500 km
57063fa6-9a3c-4713-899b-b9b3f0db03fc,2026-05-12 13:51:57+00:00,DEV_0788,normal,unknown,unknown,XGBoost ML Classifier
af520820-3b54-4595-915e-01ea9705d3a5,2026-05-12 14:19:23+00:00,DEV_0890,normal,unknown,unknown,XGBoost ML Classifier
10c7c220-d843-4b07-aa06-7475ab2defc4,2026-05-12 15:05:12+00:00,USR_0298,normal,unknown,unknown,XGBoost ML Classifier
8dfd4341-4766-4be8-ad36-b70686553423,2026-05-12 15:06:56+00:00,SRV_0457,normal,unknown,unknown,XGBoost ML Classifier
93d4858c-78b8-4205-9e80-2eb166ca6f2e,2026-05-12 15:54:22+00:00,USR_0778,impossible_travel,impossible_travel,impossible_travel,Rule Override: geo_velocity_kmh > 900 km/h AND geo_distance > 500 km
bb3aa314-0153-4771-b03a-a5ed79ea0e74,2026-05-12 15:54:51+00:00,SRV_0329,normal,unknown,unknown,XGBoost ML Classifier
30cefbdb-4891-49a9-88be-8a7d77185c2d,2026-05-12 16:00:21+00:00,DEV_0327,impossible_travel,impossible_travel,impossible_travel,Rule Override: geo_velocity_kmh > 900 km/h AND geo_distance > 500 km
5607ad7b-f1a2-4ad4-9e67-31651be6ad69,2026-05-12 16:07:13+00:00,USR_0596,impossible_travel,impossible_travel,impossible_travel,Rule Override: geo_velocity_kmh > 900 km/h AND geo_distance > 500 km
afb1b813-92db-4539-ab88-df44bf4aca1d,2026-05-12 16:34:32+00:00,USR_0421,impossible_travel,impossible_travel,impossible_travel,Rule Override: geo_velocity_kmh > 900 km/h AND geo_distance > 500 km
1c23ee05-a232-47a1-b4dc-107fbe1046de,2026-05-12 16:36:11+00:00,USR_0510,normal,unknown,unknown,XGBoost ML Classifier
fa7aedcf-95a3-4776-987f-94f0d270c98b,2026-05-12 16:38:57+00:00,DEV_0237,normal,unknown,unknown,XGBoost ML Classifier
04e6486a-0c59-4edb-858d-5c362509f7d1,2026-05-12 16:45:47+00:00,DEV_0084,normal,unknown,unknown,XGBoost ML Classifier
14c5c20d-8051-4ad4-a604-1a87c2e63655,2026-05-12 16:59:41+00:00,DEV_0420,normal,unknown,unknown,XGBoost ML Classifier
aca6f7fe-8d4f-4fcb-a5e5-f9cbd3c7fc76,2026-05-12 17:40:19+00:00,SRV_0591,normal,unknown,unknown,XGBoost ML Classifier
63c208a8-d5e0-4dcb-8c44-2c32b7c3c0c6,2026-05-12 18:04:35+00:00,SRV_0729,normal,unknown,unknown,XGBoost ML Classifier
0433cc4e-69db-4089-9129-c8e9f17ca649,2026-05-12 18:10:04+00:00,USR_0634,device_spoofing,device_spoofing,device_spoofing,XGBoost ML Classifier
2ecf8596-1523-4c3c-8fa8-99a515b93542,2026-05-12 18:13:49+00:00,SRV_0202,normal,unknown,unknown,XGBoost ML Classifier
da7640c2-aa41-4c26-8f7e-09843ddbf9eb,2026-05-12 18:28:03+00:00,SRV_0591,normal,unknown,unknown,XGBoost ML Classifier
2e69dd00-fa13-4af9-b969-68666eb33e13,2026-05-12 18:28:10+00:00,USR_0815,normal,unknown,unknown,XGBoost ML Classifier
7bd07048-55cb-44fe-b61d-29010d9bbb5b,2026-05-12 18:29:45+00:00,DEV_0453,impossible_travel,impossible_travel,impossible_travel,Rule Override: geo_velocity_kmh > 900 km/h AND geo_distance > 500 km
2ed89512-ee56-4729-a214-8561395e1c12,2026-05-12 18:30:30+00:00,USR_0590,normal,unknown,insider_drift,XGBoost ML Classifier
8db42982-b68f-4b5b-b464-ab56776e4906,2026-05-12 18:59:41+00:00,USR_0780,device_spoofing,device_spoofing,device_spoofing,XGBoost ML Classifier
4dcc45a6-955b-4164-a7d2-5a970ba12ce8,2026-05-12 19:00:41+00:00,USR_0780,device_spoofing,device_spoofing,device_spoofing,XGBoost ML Classifier
2003cf08-e2f6-40cb-aec2-6c18ff8c6f6b,2026-05-12 19:19:08+00:00,USR_0201,normal,unknown,unknown,XGBoost ML Classifier
aef26c15-c09a-4719-ac41-dfa0b70da7a1,2026-05-12 19:34:35+00:00,SRV_0079,normal,unknown,unknown,XGBoost ML Classifier
74aa05a6-5a14-4915-9efc-41c54086c692,2026-05-12 20:00:48+00:00,USR_0278,impossible_travel,impossible_travel,impossible_travel,Rule Override: geo_velocity_kmh > 900 km/h AND geo_distance > 500 km
a4c2873b-bad4-4aa0-858a-2434c1b23a09,2026-05-12 20:13:17+00:00,DEV_0164,normal,unknown,unknown,XGBoost ML Classifier
0a7ea944-7bd0-4037-bc1b-59168101ef35,2026-05-12 20:16:45+00:00,SRV_0697,device_spoofing,device_spoofing,device_spoofing,XGBoost ML Classifier
b428ea65-1584-4ce8-80da-79d19e0dae17,2026-05-12 20:22:44+00:00,SRV_0284,impossible_travel,impossible_travel,impossible_travel,Rule Override: geo_velocity_kmh > 900 km/h AND geo_distance > 500 km
646970f1-c7c8-4078-a812-07fbba85465a,2026-05-12 20:53:54+00:00,DEV_0539,impossible_travel,impossible_travel,impossible_travel,Rule Override: geo_velocity_kmh > 900 km/h AND geo_distance > 500 km
eb02225b-0ad0-48d8-a903-01ea81921904,2026-05-12 21:01:22+00:00,SRV_0923,normal,unknown,unknown,XGBoost ML Classifier
c039d965-d310-49e2-8e93-3e57dd3bb059,2026-05-12 21:25:39+00:00,DEV_0294,normal,unknown,unknown,XGBoost ML Classifier
fc17d1cb-674a-4d97-af1b-2bb0889a0892,2026-05-12 21:53:27.291208+00:00,USR_0763,credential_stuffing,credential_stuffing,credential_stuffing,XGBoost ML Classifier
235f77c3-0401-4113-8945-f0e3e9d938d4,2026-05-12 21:53:27.845388+00:00,USR_0445,credential_stuffing,credential_stuffing,credential_stuffing,XGBoost ML Classifier
0d309954-e342-46fe-98b0-09ed256b7d68,2026-05-12 21:53:31.943726+00:00,SRV_0284,credential_stuffing,credential_stuffing,impossible_travel,Rule Override: geo_velocity_kmh > 900 km/h AND geo_distance > 500 km
e47b831d-284a-46ca-87be-da8aeaf4e606,2026-05-12 21:53:33.416326+00:00,USR_0205,credential_stuffing,credential_stuffing,credential_stuffing,XGBoost ML Classifier
f0b49de7-7a5d-4e8d-9a0a-8acf67b87f82,2026-05-12 21:53:35.072733+00:00,USR_0206,credential_stuffing,credential_stuffing,credential_stuffing,XGBoost ML Classifier
fccfe4f7-e438-4e8a-8656-96770ec88c97,2026-05-12 21:53:38.181991+00:00,USR_0136,credential_stuffing,credential_stuffing,credential_stuffing,XGBoost ML Classifier
af1d6397-4046-414e-ac9b-f32d0ddfcfa3,2026-05-12 21:53:39.868753+00:00,USR_0920,credential_stuffing,credential_stuffing,credential_stuffing,XGBoost ML Classifier
5ada08c6-7d3b-456c-95ac-9f215601a3b4,2026-05-12 21:53:41.093237+00:00,USR_0639,credential_stuffing,credential_stuffing,credential_stuffing,XGBoost ML Classifier
9e3b6bf8-ee17-461a-9cab-1c70cb45327c,2026-05-12 21:53:41.273472+00:00,USR_0041,credential_stuffing,credential_stuffing,credential_stuffing,XGBoost ML Classifier
0fd37e18-f146-487c-a8ee-5ed364919717,2026-05-12 21:53:43.828115+00:00,SRV_0372,credential_stuffing,credential_stuffing,credential_stuffing,XGBoost ML Classifier
9fd7c357-534b-4acb-985a-1cf9f420e735,2026-05-12 21:53:43.839291+00:00,USR_0605,credential_stuffing,credential_stuffing,credential_stuffing,XGBoost ML Classifier
ad4a7949-be57-4cfa-bf59-1e3c8921ba22,2026-05-12 21:53:43.926688+00:00,SRV_0698,credential_stuffing,credential_stuffing,credential_stuffing,XGBoost ML Classifier
00414ebf-95d5-4edc-801a-be7e9091f44a,2026-05-12 21:53:43.947081+00:00,USR_0650,credential_stuffing,credential_stuffing,credential_stuffing,XGBoost ML Classifier
7c38a105-183f-475a-97ec-8f156b2b3369,2026-05-12 21:53:44.748519+00:00,USR_0722,credential_stuffing,credential_stuffing,credential_stuffing,XGBoost ML Classifier
0684f59f-c67a-4ae5-b216-e3e4b54f410a,2026-05-12 21:53:48.538895+00:00,USR_0017,credential_stuffing,credential_stuffing,credential_stuffing,XGBoost ML Classifier
ef27338a-e3ac-475b-aa3a-55ca52c626d4,2026-05-12 21:53:49.032923+00:00,USR_0450,credential_stuffing,credential_stuffing,credential_stuffing,XGBoost ML Classifier
cf8bac46-0765-4d64-bfc1-f711650aca2b,2026-05-12 21:53:50.737183+00:00,USR_0866,credential_stuffing,credential_stuffing,credential_stuffing,XGBoost ML Classifier
639648c5-5537-4523-95d0-9aa3c7bd7c58,2026-05-12 21:53:50.929424+00:00,USR_0925,credential_stuffing,credential_stuffing,credential_stuffing,XGBoost ML Classifier
ed373b21-dcb5-4130-84cd-172d1d5f9b38,2026-05-12 21:53:51.859217+00:00,USR_0280,credential_stuffing,credential_stuffing,credential_stuffing,XGBoost ML Classifier
13249262-ff5f-4ae6-a18b-3a346088b9eb,2026-05-12 21:53:54.315492+00:00,USR_0600,credential_stuffing,credential_stuffing,credential_stuffing,XGBoost ML Classifier
74028c70-0403-4278-9cc1-cebfeea662d9,2026-05-12 21:53:54.428302+00:00,USR_0403,credential_stuffing,credential_stuffing,credential_stuffing,XGBoost ML Classifier
647679b8-5187-4668-8031-91f292098e51,2026-05-12 21:53:55.163921+00:00,USR_0763,credential_stuffing,credential_stuffing,credential_stuffing,XGBoost ML Classifier
f7ac54d3-cf93-40a8-8cea-24d52adee009,2026-05-12 21:53:57.429792+00:00,USR_0608,credential_stuffing,credential_stuffing,credential_stuffing,XGBoost ML Classifier
630b2016-3926-41ea-880b-32adda4a0507,2026-05-12 21:53:57.924593+00:00,DEV_0834,credential_stuffing,credential_stuffing,credential_stuffing,XGBoost ML Classifier
e9f81241-5fca-43fd-9af9-782f0cb15bc9,2026-05-12 21:54:00.742917+00:00,SRV_0587,credential_stuffing,credential_stuffing,credential_stuffing,XGBoost ML Classifier
8d93ef46-b0d8-48dd-ace5-210ff0cf05e1,2026-05-12 21:54:02.839568+00:00,SRV_0228,credential_stuffing,credential_stuffing,credential_stuffing,XGBoost ML Classifier
56d353e3-adc3-42c4-a4c4-239e337ac07c,2026-05-12 21:54:02.893156+00:00,USR_0448,credential_stuffing,credential_stuffing,credential_stuffing,XGBoost ML Classifier
1c7c3fbd-94ce-45ab-9f4c-fc864598bc9d,2026-05-12 21:54:03.985906+00:00,SRV_0301,credential_stuffing,credential_stuffing,credential_stuffing,XGBoost ML Classifier
f5f68d12-2b16-4f81-8c73-551400e6b1b2,2026-05-12 21:54:04.010602+00:00,USR_0596,credential_stuffing,credential_stuffing,credential_stuffing,XGBoost ML Classifier
bbe53325-e7f7-4394-9500-06d5ed079166,2026-05-12 21:54:04.343705+00:00,DEV_0655,credential_stuffing,credential_stuffing,credential_stuffing,XGBoost ML Classifier
79724e0b-cca6-48fd-a9f5-c7123652820a,2026-05-12 21:54:07.473602+00:00,SRV_0550,credential_stuffing,credential_stuffing,credential_stuffing,XGBoost ML Classifier
7282b0e0-ddd9-4244-a992-fd53a0b98a28,2026-05-12 21:54:07.494509+00:00,DEV_0368,credential_stuffing,credential_stuffing,credential_stuffing,XGBoost ML Classifier
44e2ca34-e6b3-49c6-aec7-d2abbe5414fe,2026-05-12 21:54:07.613097+00:00,USR_0774,credential_stuffing,credential_stuffing,credential_stuffing,XGBoost ML Classifier
413cd2e5-4ee0-42ed-82db-78b3eb2b860b,2026-05-12 21:54:08.501962+00:00,USR_0211,credential_stuffing,credential_stuffing,credential_stuffing,XGBoost ML Classifier
fca24490-956c-4585-9b5f-b0c0e94731ac,2026-05-12 21:54:11.105510+00:00,SRV_0693,credential_stuffing,credential_stuffing,credential_stuffing,XGBoost ML Classifier
f7b2736a-c1f5-4251-966d-ce058ef6b533,2026-05-12 21:54:12.785500+00:00,USR_0842,credential_stuffing,credential_stuffing,credential_stuffing,XGBoost ML Classifier
1f9c65ee-32a4-4aac-aebe-4c7bc4e49362,2026-05-12 21:54:13.610987+00:00,USR_0626,credential_stuffing,credential_stuffing,credential_stuffing,XGBoost ML Classifier
c9e60646-c7cc-407b-bd66-f5c4d3658453,2026-05-12 21:54:13.995162+00:00,SRV_0226,credential_stuffing,credential_stuffing,credential_stuffing,XGBoost ML Classifier
7d0f6789-2a25-4462-a7cd-41f3eeda7b58,2026-05-12 21:54:17.486286+00:00,USR_0629,credential_stuffing,credential_stuffing,credential_stuffing,XGBoost ML Classifier
df8dcf9c-5b36-421c-87bd-87b803d95def,2026-05-12 21:54:18.897065+00:00,USR_0568,credential_stuffing,credential_stuffing,credential_stuffing,XGBoost ML Classifier
10134886-75c0-4cf3-a617-9a94597c3b94,2026-05-12 21:54:19.405501+00:00,DEV_0904,credential_stuffing,credential_stuffing,credential_stuffing,XGBoost ML Classifier
372f59d2-f935-4a55-934c-3cea1aec2785,2026-05-12 21:54:19.614026+00:00,DEV_0371,credential_stuffing,credential_stuffing,credential_stuffing,XGBoost ML Classifier
ddca827a-fdb4-46e0-b35a-4dbc94efff2f,2026-05-12 21:54:21.858090+00:00,DEV_0332,credential_stuffing,credential_stuffing,credential_stuffing,XGBoost ML Classifier
37517b48-e718-43d3-bd32-06e70fc02d79,2026-05-12 21:54:23.900246+00:00,USR_0421,credential_stuffing,credential_stuffing,credential_stuffing,XGBoost ML Classifier
079204bd-ae87-491d-85e0-ecc7fc97e613,2026-05-12 21:54:29.866432+00:00,USR_0103,credential_stuffing,credential_stuffing,credential_stuffing,XGBoost ML Classifier
4fb3addc-febb-47ac-af69-bce0d23d008f,2026-05-12 21:54:30.790423+00:00,SRV_0645,credential_stuffing,credential_stuffing,credential_stuffing,XGBoost ML Classifier
aa7f0259-b746-4f65-b1c6-5de6ca08b263,2026-05-12 21:54:40.429687+00:00,USR_0445,credential_stuffing,credential_stuffing,credential_stuffing,XGBoost ML Classifier
9e0eee5b-6fdc-406b-adc0-a7d500fd23a2,2026-05-12 21:54:41.196373+00:00,USR_0995,credential_stuffing,credential_stuffing,credential_stuffing,XGBoost ML Classifier
97cd539b-75be-4cd2-92f7-bfe5ad8f4af0,2026-05-12 21:54:43.168349+00:00,USR_0438,credential_stuffing,credential_stuffing,credential_stuffing,XGBoost ML Classifier
e500a71d-a1b8-4205-a3f6-3410efa99dfc,2026-05-12 21:54:44.524278+00:00,USR_0100,credential_stuffing,credential_stuffing,credential_stuffing,XGBoost ML Classifier
d5d2f3f9-951d-4f48-8fc6-f32bc083afa8,2026-05-12 21:54:46.333657+00:00,DEV_0555,credential_stuffing,credential_stuffing,credential_stuffing,XGBoost ML Classifier
036f5992-1e1e-41f1-84b4-9444ce5e5848,2026-05-12 21:54:49.290336+00:00,USR_0344,credential_stuffing,credential_stuffing,credential_stuffing,XGBoost ML Classifier
ffbbb968-751c-47f9-ac6f-670918119a9a,2026-05-12 21:54:50.097667+00:00,USR_0223,credential_stuffing,credential_stuffing,credential_stuffing,XGBoost ML Classifier
0b795491-230f-4ec7-9c4c-8c6a18c65211,2026-05-12 21:54:51.379041+00:00,USR_0976,credential_stuffing,credential_stuffing,credential_stuffing,XGBoost ML Classifier
03552cb4-61d3-4224-b2f3-e4958d2fcd5a,2026-05-12 21:54:51.705258+00:00,USR_0330,credential_stuffing,credential_stuffing,credential_stuffing,XGBoost ML Classifier
f428ad7e-4ac3-45fa-9ad0-ca73b7655395,2026-05-12 21:54:52.239647+00:00,USR_0452,credential_stuffing,credential_stuffing,credential_stuffing,XGBoost ML Classifier
0d88ff8f-f6be-4af4-aff1-75336b694a72,2026-05-12 21:54:59.280341+00:00,USR_0270,credential_stuffing,credential_stuffing,credential_stuffing,XGBoost ML Classifier
75dcd192-7100-4302-a6f5-4188fe2f1456,2026-05-12 21:55:01.435859+00:00,SRV_0731,credential_stuffing,credential_stuffing,credential_stuffing,XGBoost ML Classifier
9a1e09dd-a65c-47fd-9b79-ec1ab7b43cb4,2026-05-12 21:55:03.387564+00:00,USR_0048,credential_stuffing,credential_stuffing,credential_stuffing,XGBoost ML Classifier
5bebc9f3-e947-46be-8f55-274caaa6cebd,2026-05-12 21:55:10.604717+00:00,SRV_0283,credential_stuffing,credential_stuffing,credential_stuffing,XGBoost ML Classifier
6750a29c-8553-4237-92ba-98bf3187cc92,2026-05-12 21:55:15.441532+00:00,USR_0222,credential_stuffing,credential_stuffing,credential_stuffing,XGBoost ML Classifier
35d03081-5884-4714-b49a-0793a30e8f5a,2026-05-12 21:55:18.359628+00:00,USR_0901,credential_stuffing,credential_stuffing,credential_stuffing,XGBoost ML Classifier
065c2c8c-1ba4-413b-8ae8-0f35df8b524c,2026-05-12 21:55:19.202756+00:00,DEV_0394,credential_stuffing,credential_stuffing,credential_stuffing,XGBoost ML Classifier
4dd0fbd6-eb48-49fc-9f47-b45a33c8eff1,2026-05-12 21:55:22.785367+00:00,SRV_0548,credential_stuffing,credential_stuffing,credential_stuffing,XGBoost ML Classifier
1f674dc5-5158-420c-8b8d-e08d3ce1b1d3,2026-05-12 21:55:30.418488+00:00,USR_0720,credential_stuffing,credential_stuffing,credential_stuffing,XGBoost ML Classifier
03f12cb0-2702-4823-b578-bffabfe3fad5,2026-05-12 21:55:31.105572+00:00,USR_0720,credential_stuffing,credential_stuffing,credential_stuffing,XGBoost ML Classifier
fc73e88d-616e-4d54-b276-c0e3f2eeb814,2026-05-12 21:55:31.785798+00:00,SRV_0192,credential_stuffing,credential_stuffing,credential_stuffing,XGBoost ML Classifier
6a8c3e18-c7c8-416e-9108-58f4d641044f,2026-05-12 21:55:33.922498+00:00,SRV_0131,credential_stuffing,credential_stuffing,credential_stuffing,XGBoost ML Classifier
e44af543-04a1-44d7-8832-e0f187698f35,2026-05-12 21:55:35.863389+00:00,USR_0957,credential_stuffing,credential_stuffing,credential_stuffing,XGBoost ML Classifier
63f4b94f-e232-45a3-aa7f-5d5a31caa52e,2026-05-12 21:55:35.980141+00:00,DEV_0065,credential_stuffing,credential_stuffing,credential_stuffing,XGBoost ML Classifier
df24bbda-6cb6-41a5-8e35-ea935e726a7f,2026-05-12 21:55:39.299493+00:00,USR_0718,credential_stuffing,credential_stuffing,credential_stuffing,XGBoost ML Classifier
ee56cb36-47a2-49c9-b8f0-758b7c77f5e7,2026-05-12 21:55:39.336265+00:00,DEV_0493,credential_stuffing,credential_stuffing,credential_stuffing,XGBoost ML Classifier
e8b0c03f-b72f-4cf3-bcf9-b0089b4fdcd9,2026-05-12 21:55:40.720258+00:00,DEV_0765,credential_stuffing,credential_stuffing,credential_stuffing,XGBoost ML Classifier
1ff89cb1-11dd-489f-9116-f97f09a01525,2026-05-12 21:55:46.082131+00:00,USR_0158,credential_stuffing,credential_stuffing,credential_stuffing,XGBoost ML Classifier
f0fdcf11-d534-46d6-ac0d-e6dfefddc964,2026-05-12 21:55:51.345913+00:00,USR_0211,credential_stuffing,credential_stuffing,credential_stuffing,XGBoost ML Classifier
d34f9661-0c4a-44d4-b375-99e1999d4246,2026-05-12 21:55:59.036491+00:00,USR_0208,credential_stuffing,credential_stuffing,credential_stuffing,XGBoost ML Classifier
99250a15-8b16-4f25-8247-1400cc3ddf96,2026-05-12 21:56:03.419577+00:00,DEV_0535,credential_stuffing,credential_stuffing,credential_stuffing,XGBoost ML Classifier
b227db01-1acf-4fcf-93c5-1736fb53468b,2026-05-12 21:56:03.736415+00:00,USR_0302,credential_stuffing,credential_stuffing,credential_stuffing,XGBoost ML Classifier
9ab93f87-2410-4737-89cf-e1b4f8dba9bd,2026-05-12 21:56:05.110712+00:00,USR_0716,credential_stuffing,credential_stuffing,credential_stuffing,XGBoost ML Classifier
db115a8c-0fc2-4dcf-a089-c837def8569c,2026-05-12 21:56:06.720747+00:00,USR_0939,credential_stuffing,credential_stuffing,credential_stuffing,XGBoost ML Classifier
306d7f61-0ff0-443e-95ff-ffd581f463e0,2026-05-12 21:56:12.095575+00:00,SRV_0785,credential_stuffing,credential_stuffing,credential_stuffing,XGBoost ML Classifier
064fae0b-f87c-4dc5-8d23-eacb1c60a43b,2026-05-12 21:56:14.951936+00:00,SRV_0641,credential_stuffing,credential_stuffing,credential_stuffing,XGBoost ML Classifier
f45dccce-7222-4e0f-aff1-50bfb7f3c3b3,2026-05-12 21:56:15.439118+00:00,USR_0222,credential_stuffing,credential_stuffing,credential_stuffing,XGBoost ML Classifier
da3f0f95-41a5-47e0-86c5-5007638ad820,2026-05-12 21:56:18.719065+00:00,USR_0608,credential_stuffing,credential_stuffing,credential_stuffing,XGBoost ML Classifier
46ea9491-d5dc-4d01-a890-95122b4a3236,2026-05-12 21:56:21.919799+00:00,SRV_0550,credential_stuffing,credential_stuffing,credential_stuffing,XGBoost ML Classifier
e34a2bd0-5ce7-4ffc-b594-baa5be4ca055,2026-05-12 21:56:21.939674+00:00,USR_0897,credential_stuffing,credential_stuffing,credential_stuffing,XGBoost ML Classifier
a08db14e-3f58-4d86-8752-8aa9655cdb38,2026-05-12 21:56:22.420687+00:00,DEV_0669,credential_stuffing,credential_stuffing,credential_stuffing,XGBoost ML Classifier
e9dbf50f-1982-45b7-9a70-f3bb9712cb9b,2026-05-12 21:56:22.581384+00:00,USR_0288,credential_stuffing,credential_stuffing,credential_stuffing,XGBoost ML Classifier
d3947e96-b6f8-4e6e-ae08-4324fdaeb0b2,2026-05-12 21:56:28.333053+00:00,USR_0204,credential_stuffing,credential_stuffing,credential_stuffing,XGBoost ML Classifier
e1578a40-2107-44c9-a7dd-e9cd63731d82,2026-05-12 21:56:29.756546+00:00,USR_0074,credential_stuffing,credential_stuffing,credential_stuffing,XGBoost ML Classifier
23b8c16b-0d87-4e4d-9b58-c6b59c799279,2026-05-12 21:56:30.590403+00:00,USR_0678,credential_stuffing,credential_stuffing,credential_stuffing,XGBoost ML Classifier
bfac46f8-fbeb-4e01-bb1e-0254651f9c62,2026-05-12 21:56:31.267907+00:00,SRV_0819,credential_stuffing,credential_stuffing,credential_stuffing,XGBoost ML Classifier
619a4587-810e-4e5d-b343-3ea4c1560f02,2026-05-12 21:56:40.471224+00:00,DEV_0425,credential_stuffing,credential_stuffing,credential_stuffing,XGBoost ML Classifier
6ed617f8-647a-4faf-bd4b-43dfa7185761,2026-05-12 21:56:46.390090+00:00,USR_0038,credential_stuffing,credential_stuffing,credential_stuffing,XGBoost ML Classifier
f7d99007-22c6-42cd-9e30-6f457a1e4183,2026-05-12 21:56:47.099206+00:00,USR_0509,credential_stuffing,credential_stuffing,credential_stuffing,XGBoost ML Classifier
41d26a89-d403-48a0-9f1e-ee1bacf7423a,2026-05-12 21:56:48.111507+00:00,USR_0123,credential_stuffing,credential_stuffing,credential_stuffing,XGBoost ML Classifier
076ed5ce-d47a-4d54-81a1-fef06f25d714,2026-05-12 21:56:53.749567+00:00,USR_0317,credential_stuffing,credential_stuffing,credential_stuffing,XGBoost ML Classifier
98a705c4-c679-49dd-aca3-effa83a89a52,2026-05-12 21:56:54.107163+00:00,USR_0516,credential_stuffing,credential_stuffing,credential_stuffing,XGBoost ML Classifier
7604e1ee-129b-4844-afe6-3e5057b2b1d7,2026-05-12 21:57:03.129784+00:00,USR_0421,credential_stuffing,credential_stuffing,credential_stuffing,XGBoost ML Classifier
2782a6da-d0a9-4937-aad1-47f8609f7d3c,2026-05-12 21:57:35.594853+00:00,USR_0415,credential_stuffing,credential_stuffing,credential_stuffing,XGBoost ML Classifier
1b5f9d38-64f3-4906-ae19-0d2e3418c21a,2026-05-12 21:57:38.522332+00:00,USR_0115,credential_stuffing,credential_stuffing,credential_stuffing,XGBoost ML Classifier
0723abb5-4490-4a66-bddb-9f2ae921a5e5,2026-05-12 21:57:52.183335+00:00,USR_0938,credential_stuffing,credential_stuffing,credential_stuffing,XGBoost ML Classifier
5632cac4-02f7-48c9-98fa-fd701298330e,2026-05-12 21:57:53.241832+00:00,USR_0257,credential_stuffing,credential_stuffing,credential_stuffing,XGBoost ML Classifier
8f98088d-924a-462d-ba9e-c6236546327a,2026-05-12 21:58:01+00:00,SRV_0004,normal,unknown,unknown,XGBoost ML Classifier
fe50e0c7-4fcb-446c-809c-2a49df0bff96,2026-05-12 21:58:29.581553+00:00,USR_0568,credential_stuffing,credential_stuffing,credential_stuffing,XGBoost ML Classifier
20d49e45-79f4-4886-ae9c-c1881fe038bf,2026-05-12 21:58:45.145406+00:00,USR_0786,credential_stuffing,credential_stuffing,credential_stuffing,XGBoost ML Classifier
0ef2b445-c086-4d59-9cc8-589002538342,2026-05-12 22:03:32+00:00,DEV_0444,normal,unknown,unknown,XGBoost ML Classifier
61ca6977-fae8-4ee2-9a95-57448c9784c3,2026-05-12 22:19:38+00:00,USR_0032,normal,unknown,unknown,XGBoost ML Classifier
1d3d5ff2-dd5a-46b9-b5d2-a841cc4c3721,2026-05-12 23:03:59+00:00,DEV_0135,normal,unknown,unknown,XGBoost ML Classifier
43ac34a8-a2a1-46df-80b4-9c31c6c671d4,2026-05-12 23:59:24+00:00,SRV_0729,normal,unknown,unknown,XGBoost ML Classifier
3f8f9df1-fe6d-4f72-97cc-22b48bbc15ba,2026-05-12 23:59:24+00:00,DEV_0164,normal,unknown,unknown,XGBoost ML Classifier
00ce7613-cc42-440c-9b16-cfb801503a44,2026-05-12 23:59:24+00:00,DEV_0951,normal,unknown,unknown,XGBoost ML Classifier
7bdb1b31-e42c-4ae0-86a6-138641f20a39,2026-05-12 23:59:26.418000+00:00,SRV_0462,normal,unknown,unknown,XGBoost ML Classifier
8fec647e-57f2-4776-b798-edd382574531,2026-05-13 00:00:00+00:00,SRV_0314,normal,unknown,unknown,XGBoost ML Classifier
9230cd80-dc1b-4e9c-a122-923d3d8bd18d,2026-05-13 00:00:00+00:00,DEV_0873,normal,unknown,lateral_movement,XGBoost ML Classifier
15e9a0b2-0aa9-4d94-97d1-1274bacda7d8,2026-05-13 00:00:00+00:00,SRV_0161,normal,unknown,unknown,XGBoost ML Classifier
b4622c23-8c2b-47c8-b532-05017e011edc,2026-05-13 01:18:43+00:00,USR_0793,low_slow_exfil,low_slow_exfil,low_slow_exfil,XGBoost ML Classifier
2484b553-d763-40d4-b371-e51fec4c387e,2026-05-13 01:42:41+00:00,SRV_0714,impossible_travel,impossible_travel,impossible_travel,Rule Override: geo_velocity_kmh > 900 km/h AND geo_distance > 500 km
66f32bbe-f5ce-4629-aa91-fb4e2f00334a,2026-05-13 01:55:26+00:00,USR_0386,low_slow_exfil,low_slow_exfil,low_slow_exfil,XGBoost ML Classifier
bc8eb890-c3df-4e0f-9672-48d0b928741e,2026-05-13 02:02:49+00:00,SRV_0131,normal,unknown,unknown,XGBoost ML Classifier
8278bcbe-475b-4c55-9b68-e502ab400cf7,2026-05-13 02:11:23+00:00,USR_0411,low_slow_exfil,low_slow_exfil,low_slow_exfil,XGBoost ML Classifier
666a3d86-8ffd-490c-b0a2-8099a3478fba,2026-05-13 02:18:41+00:00,USR_0331,low_slow_exfil,low_slow_exfil,low_slow_exfil,XGBoost ML Classifier
955ac8ff-e0b8-4c2d-aad9-248d82aab4dc,2026-05-13 02:23:52+00:00,DEV_0669,normal,unknown,unknown,XGBoost ML Classifier
632ca514-34f3-45ad-aa7a-4e4ade3c8664,2026-05-13 02:25:35+00:00,DEV_0429,normal,unknown,unknown,XGBoost ML Classifier
51af2ca8-b9da-4e8e-9a22-030a99d7d2ea,2026-05-13 02:43:20+00:00,USR_0411,low_slow_exfil,low_slow_exfil,low_slow_exfil,XGBoost ML Classifier
05cb216c-ed11-43a9-afc2-f67f6d47a820,2026-05-13 03:03:47+00:00,DEV_0876,normal,unknown,unknown,XGBoost ML Classifier
f22f58b8-5ed2-4360-9f15-d37891699779,2026-05-13 03:06:11+00:00,DEV_0260,normal,unknown,unknown,XGBoost ML Classifier
84fef7af-d9ba-4501-a6cf-f39096eb4c93,2026-05-13 03:16:12+00:00,USR_0364,low_slow_exfil,low_slow_exfil,low_slow_exfil,XGBoost ML Classifier
fe18ed57-0b26-4727-959e-f109b4a2949a,2026-05-13 03:16:33+00:00,USR_0364,low_slow_exfil,low_slow_exfil,low_slow_exfil,XGBoost ML Classifier
7afa74ee-1613-4209-8388-631716513d77,2026-05-13 03:18:50+00:00,USR_0949,low_slow_exfil,low_slow_exfil,low_slow_exfil,XGBoost ML Classifier
89bc2901-c829-444f-ac5c-fd6ccd067938,2026-05-13 03:19:06+00:00,USR_0206,low_slow_exfil,low_slow_exfil,low_slow_exfil,XGBoost ML Classifier
014101a4-9d10-4a74-8d50-fd6730a373bd,2026-05-13 03:25:35+00:00,USR_0331,low_slow_exfil,low_slow_exfil,low_slow_exfil,XGBoost ML Classifier
036e4307-66a7-4d8e-a1c4-98f2dccbdf78,2026-05-13 03:45:24+00:00,DEV_0030,normal,unknown,unknown,XGBoost ML Classifier
fffef2be-83ac-4c3e-8030-4e183084d81c,2026-05-13 03:51:23+00:00,USR_0172,low_slow_exfil,low_slow_exfil,low_slow_exfil,XGBoost ML Classifier
08b3aa87-a6e4-49c3-908b-017360090466,2026-05-13 04:35:54+00:00,DEV_0703,normal,unknown,unknown,XGBoost ML Classifier
90245317-ea12-4835-a05f-c83020d20fa9,2026-05-13 04:41:31+00:00,DEV_0485,normal,unknown,unknown,XGBoost ML Classifier
9a65235b-3aca-40df-89d3-99dafc92eecf,2026-05-13 04:43:36+00:00,SRV_0293,normal,unknown,unknown,XGBoost ML Classifier
b658d585-4195-4f6e-8909-7adaf7b38193,2026-05-13 04:58:46+00:00,SRV_0131,normal,unknown,unknown,XGBoost ML Classifier
58c822b9-fd26-4d77-855f-c46157f7a212,2026-05-13 05:12:49+00:00,USR_0225,device_spoofing,device_spoofing,device_spoofing,XGBoost ML Classifier
8da510e5-b932-4308-9f86-9ef96537c7f7,2026-05-13 05:13:49+00:00,USR_0225,device_spoofing,device_spoofing,device_spoofing,XGBoost ML Classifier
066d5b7e-78bb-4ad1-ad0d-985ee145e602,2026-05-13 05:16:05+00:00,USR_0696,impossible_travel,impossible_travel,impossible_travel,Rule Override: geo_velocity_kmh > 900 km/h AND geo_distance > 500 km
33553551-2372-4634-8e84-9b2440b807f1,2026-05-13 05:24:40+00:00,DEV_0951,normal,unknown,unknown,XGBoost ML Classifier
c0dc6655-8bc7-4d69-bbdb-5b831b15d63e,2026-05-13 05:31:17+00:00,SRV_0541,normal,unknown,unknown,XGBoost ML Classifier
570c7900-22e9-45d4-9eea-6502577d54b4,2026-05-13 05:53:25+00:00,DEV_0343,normal,unknown,unknown,XGBoost ML Classifier
75d2ae2a-d0e3-4258-a7aa-1b9df2566ea6,2026-05-13 06:02:18+00:00,USR_0035,impossible_travel,impossible_travel,impossible_travel,Rule Override: geo_velocity_kmh > 900 km/h AND geo_distance > 500 km
7f7b5c56-7f34-4708-8b92-bd8f52da587a,2026-05-13 06:32:47+00:00,SRV_0228,normal,unknown,unknown,XGBoost ML Classifier
f60423a4-6dd4-4311-bb4b-c3a651fcc8f7,2026-05-13 06:51:35+00:00,DEV_0279,normal,unknown,unknown,XGBoost ML Classifier
66970d05-f62a-43f5-99aa-d1676c21215d,2026-05-13 07:01:46+00:00,USR_0751,impossible_travel,impossible_travel,impossible_travel,Rule Override: geo_velocity_kmh > 900 km/h AND geo_distance > 500 km
5ed75b2b-d7f4-4e99-b54a-29fdf884b293,2026-05-13 07:18:19+00:00,DEV_0862,normal,unknown,unknown,XGBoost ML Classifier
69409f15-7208-4bb0-9455-1e1796b9869f,2026-05-13 07:34:06+00:00,USR_0513,impossible_travel,impossible_travel,impossible_travel,Rule Override: geo_velocity_kmh > 900 km/h AND geo_distance > 500 km
853d4f0e-3c78-4e99-abc3-db15252f760e,2026-05-13 07:51:38+00:00,DEV_0326,normal,unknown,unknown,XGBoost ML Classifier
81f4b9ed-e548-48ae-b7c0-297dd89836c5,2026-05-13 07:59:56+00:00,USR_0953,impossible_travel,impossible_travel,impossible_travel,Rule Override: geo_velocity_kmh > 900 km/h AND geo_distance > 500 km
43d8b411-640d-4ff7-8009-90664b5c1d09,2026-05-13 08:40:38+00:00,SRV_0898,normal,unknown,unknown,XGBoost ML Classifier
c848f8fd-6dcc-451e-9e1c-1f2f2d97e26a,2026-05-13 09:03:09+00:00,SRV_0184,normal,unknown,unknown,XGBoost ML Classifier
3be6d03c-b805-4371-93c9-8f074051cb2f,2026-05-13 09:04:46+00:00,DEV_0890,normal,unknown,unknown,XGBoost ML Classifier
6c0996a2-1d7c-484a-9d20-23c9d28ef5fd,2026-05-13 09:27:20+00:00,USR_0351,impossible_travel,impossible_travel,impossible_travel,Rule Override: geo_velocity_kmh > 900 km/h AND geo_distance > 500 km
f312e2e9-753d-47a0-a7c3-9dc890aa300b,2026-05-13 09:39:57+00:00,SRV_0159,normal,unknown,unknown,XGBoost ML Classifier
6f0c7628-2336-420b-bb99-56f07c8fd9ea,2026-05-13 09:46:37+00:00,DEV_0274,normal,unknown,unknown,XGBoost ML Classifier
4a3ddfd7-152c-4127-b610-4790afcca338,2026-05-13 09:55:31+00:00,SRV_0729,normal,unknown,unknown,XGBoost ML Classifier
96ebde4b-189f-4943-bb7f-a3822fd64ab4,2026-05-13 09:56:00+00:00,SRV_0797,normal,unknown,unknown,XGBoost ML Classifier
29e45c51-16d5-4b6d-95a1-04ce45e7acc2,2026-05-13 10:09:49+00:00,SRV_0750,normal,unknown,unknown,XGBoost ML Classifier
6eef4aaa-2719-43cd-8f3a-7b242702d0fd,2026-05-13 10:10:17+00:00,USR_0195,impossible_travel,impossible_travel,impossible_travel,Rule Override: geo_velocity_kmh > 900 km/h AND geo_distance > 500 km
6aa01fe1-9ab8-4101-847e-e3becd641e78,2026-05-13 11:01:20+00:00,SRV_0461,normal,unknown,unknown,XGBoost ML Classifier
ad26133f-b664-475f-8ad7-0382eaef3991,2026-05-13 11:34:09+00:00,SRV_0970,normal,unknown,unknown,XGBoost ML Classifier
3a0f4739-4840-4cdf-923c-010e2f4c08c8,2026-05-13 11:36:44+00:00,USR_0796,impossible_travel,impossible_travel,impossible_travel,Rule Override: geo_velocity_kmh > 900 km/h AND geo_distance > 500 km
f2c1f025-d40d-4bcb-8099-a5836a818132,2026-05-13 11:44:40+00:00,SRV_0314,normal,unknown,unknown,XGBoost ML Classifier
7e7c1f65-880e-43fe-8548-fe86d3a2b56a,2026-05-13 11:59:57+00:00,DEV_0837,normal,unknown,unknown,XGBoost ML Classifier
2aa217b0-6cc4-49e2-88f8-ca012c592935,2026-05-13 12:20:08+00:00,DEV_0063,normal,unknown,unknown,XGBoost ML Classifier
47c6491e-469c-45cb-80c9-a2661e0994be,2026-05-13 12:28:53.103041+00:00,USR_0802,credential_stuffing,credential_stuffing,credential_stuffing,XGBoost ML Classifier
1d73e065-50b8-46a5-977e-368dc2cfbaaf,2026-05-13 12:28:53.621355+00:00,USR_0259,credential_stuffing,credential_stuffing,impossible_travel,XGBoost ML Classifier
34a3dd0c-bb17-491d-addc-f8293b9d2ed5,2026-05-13 12:28:55.122047+00:00,SRV_0743,credential_stuffing,credential_stuffing,credential_stuffing,XGBoost ML Classifier
5dbf52fc-e065-4850-99a8-6db7d913f6fc,2026-05-13 12:28:55.560302+00:00,DEV_0429,credential_stuffing,credential_stuffing,credential_stuffing,XGBoost ML Classifier
e4bd5ac6-867c-475e-9b64-10d0049ae088,2026-05-13 12:28:57.485998+00:00,USR_0928,credential_stuffing,credential_stuffing,credential_stuffing,XGBoost ML Classifier
62500273-a85e-4eed-a06c-a07cfb84cdff,2026-05-13 12:29:00.378536+00:00,USR_0175,credential_stuffing,credential_stuffing,credential_stuffing,XGBoost ML Classifier
e79a9e6f-59bf-45b0-b0e2-52fa24cdc171,2026-05-13 12:29:00.397471+00:00,SRV_0162,credential_stuffing,credential_stuffing,credential_stuffing,XGBoost ML Classifier
4e0e0030-b0cb-4bae-943a-14199dcfb8a0,2026-05-13 12:29:02.292900+00:00,SRV_0489,credential_stuffing,credential_stuffing,credential_stuffing,XGBoost ML Classifier
5e292a56-a37f-4a5a-8fb7-c3ad13bd3e95,2026-05-13 12:29:04.757648+00:00,USR_0309,credential_stuffing,credential_stuffing,credential_stuffing,XGBoost ML Classifier
cc8cdadc-7227-433a-b735-d962248de675,2026-05-13 12:29:06.215271+00:00,SRV_0506,credential_stuffing,credential_stuffing,credential_stuffing,XGBoost ML Classifier
40520156-8968-4f62-848e-3a78285953e3,2026-05-13 12:29:08.722000+00:00,USR_0794,credential_stuffing,credential_stuffing,credential_stuffing,XGBoost ML Classifier
c02ac943-763f-40c3-9a63-90e7c69d28ed,2026-05-13 12:29:10.545717+00:00,USR_0927,credential_stuffing,credential_stuffing,credential_stuffing,XGBoost ML Classifier
f00abce1-c943-4c2a-8fbd-9c4c3ccd99d5,2026-05-13 12:29:10.818370+00:00,USR_0392,credential_stuffing,credential_stuffing,credential_stuffing,XGBoost ML Classifier
9387d763-c9ab-4d97-be4a-a80629a5dcba,2026-05-13 12:29:11.722648+00:00,USR_0370,credential_stuffing,credential_stuffing,credential_stuffing,XGBoost ML Classifier
ff318eae-7b7d-4bc7-8361-2a99e350f9eb,2026-05-13 12:29:14.826542+00:00,SRV_0791,credential_stuffing,credential_stuffing,credential_stuffing,XGBoost ML Classifier
b705d18f-c201-4eb9-996c-59ea876be373,2026-05-13 12:29:15.490628+00:00,USR_0101,credential_stuffing,credential_stuffing,credential_stuffing,XGBoost ML Classifier
74b0d610-0776-475d-9c9b-a29844af5449,2026-05-13 12:29:15.724516+00:00,SRV_0361,credential_stuffing,credential_stuffing,credential_stuffing,XGBoost ML Classifier
01fc11e2-9647-4859-b922-ae8c36fb9b3f,2026-05-13 12:29:18.089335+00:00,USR_0784,credential_stuffing,credential_stuffing,credential_stuffing,XGBoost ML Classifier
7dea23c2-0310-4d3b-863a-cb88a2b927eb,2026-05-13 12:29:21.406975+00:00,SRV_0823,credential_stuffing,credential_stuffing,credential_stuffing,XGBoost ML Classifier
6e82ab17-b0c0-4018-9599-929390a3ebfc,2026-05-13 12:29:21.433585+00:00,USR_0074,credential_stuffing,credential_stuffing,credential_stuffing,XGBoost ML Classifier
658e455d-f20f-47bd-9bd6-af5013028f8d,2026-05-13 12:29:22.660691+00:00,SRV_0587,credential_stuffing,credential_stuffing,credential_stuffing,XGBoost ML Classifier
613ab90a-7f04-434f-920b-8b55f6146bcc,2026-05-13 12:29:22.798949+00:00,SRV_0271,credential_stuffing,credential_stuffing,credential_stuffing,XGBoost ML Classifier
9bfc854e-57f2-4b71-8663-3b90f5695b94,2026-05-13 12:29:23.403011+00:00,USR_0708,credential_stuffing,credential_stuffing,credential_stuffing,XGBoost ML Classifier
c47179b7-90a6-4115-bd4e-35ab81a9814f,2026-05-13 12:29:24.911838+00:00,USR_0157,credential_stuffing,credential_stuffing,credential_stuffing,XGBoost ML Classifier
0595c046-ae43-4bf6-8ccc-95ad3d622a6c,2026-05-13 12:29:27.074041+00:00,SRV_0548,credential_stuffing,credential_stuffing,credential_stuffing,XGBoost ML Classifier
5c53d917-080b-40c2-b69d-fa76adf3e5dd,2026-05-13 12:29:32.585174+00:00,USR_0789,credential_stuffing,credential_stuffing,credential_stuffing,XGBoost ML Classifier
1ce02e48-6166-48c4-a31c-47726439e719,2026-05-13 12:29:32.753343+00:00,USR_0238,credential_stuffing,credential_stuffing,credential_stuffing,XGBoost ML Classifier
0631d146-eaf4-4751-85a7-06754c03ab0e,2026-05-13 12:29:33.437141+00:00,DEV_0274,credential_stuffing,credential_stuffing,credential_stuffing,XGBoost ML Classifier
e78617d3-977c-43b2-9537-9e7cd29d0eeb,2026-05-13 12:29:33.571963+00:00,USR_0225,credential_stuffing,credential_stuffing,credential_stuffing,XGBoost ML Classifier
03e8658d-3daf-406f-80e9-70e831d63aa7,2026-05-13 12:29:35.303539+00:00,USR_0098,credential_stuffing,credential_stuffing,credential_stuffing,XGBoost ML Classifier
125c8022-4f0a-438b-9e3a-9fa25451d1e6,2026-05-13 12:29:35.391387+00:00,DEV_0586,credential_stuffing,credential_stuffing,credential_stuffing,XGBoost ML Classifier
642182fe-6738-4607-8135-5d2044d2b47f,2026-05-13 12:29:38.374736+00:00,USR_0035,credential_stuffing,credential_stuffing,credential_stuffing,XGBoost ML Classifier
9763a3e4-17a8-4e0b-86b3-8617123056c1,2026-05-13 12:29:40.711493+00:00,SRV_0232,credential_stuffing,credential_stuffing,credential_stuffing,XGBoost ML Classifier
8e5c070b-7140-438c-add9-cb6ffd2b5171,2026-05-13 12:29:41.290783+00:00,USR_0564,credential_stuffing,credential_stuffing,credential_stuffing,XGBoost ML Classifier
3a960260-b000-4df9-bd95-4b9c94c2df6c,2026-05-13 12:29:42.681927+00:00,DEV_0487,credential_stuffing,credential_stuffing,credential_stuffing,XGBoost ML Classifier
4c3354b6-3279-468d-bcf6-3c36e71475dc,2026-05-13 12:29:43.008489+00:00,USR_0195,credential_stuffing,credential_stuffing,credential_stuffing,XGBoost ML Classifier
b02de24c-ae0b-4ce8-9659-d98d14383a67,2026-05-13 12:29:45.472047+00:00,USR_0760,credential_stuffing,credential_stuffing,credential_stuffing,XGBoost ML Classifier
2f3334e2-1320-4118-8d3d-47e6483663bc,2026-05-13 12:29:47.836738+00:00,USR_0778,credential_stuffing,credential_stuffing,credential_stuffing,XGBoost ML Classifier
3b9e401f-fc92-4b9e-88a7-38c355e0dc90,2026-05-13 12:29:50.605616+00:00,USR_0792,credential_stuffing,credential_stuffing,credential_stuffing,XGBoost ML Classifier
d71474c7-ed85-4108-8c4a-c6cb44536b1a,2026-05-13 12:29:51.888541+00:00,DEV_0857,credential_stuffing,credential_stuffing,credential_stuffing,XGBoost ML Classifier
246bc363-1b91-4f29-aa4d-8644638e7732,2026-05-13 12:29:54.471241+00:00,USR_0374,credential_stuffing,credential_stuffing,credential_stuffing,XGBoost ML Classifier
300e6fe3-c629-4890-9bbe-958955020eb4,2026-05-13 12:30:00.971523+00:00,SRV_0050,credential_stuffing,credential_stuffing,credential_stuffing,XGBoost ML Classifier
5dc3be4d-f971-411d-9775-a484c9729a1e,2026-05-13 12:30:06.677750+00:00,SRV_0840,credential_stuffing,credential_stuffing,credential_stuffing,XGBoost ML Classifier
471d7e58-09f2-40ba-b823-ff86b56f25f6,2026-05-13 12:30:08.766865+00:00,SRV_0004,credential_stuffing,credential_stuffing,credential_stuffing,XGBoost ML Classifier
9450f7e7-d68c-4be7-8fc8-318e04197a51,2026-05-13 12:30:09.518833+00:00,USR_0512,credential_stuffing,credential_stuffing,credential_stuffing,XGBoost ML Classifier
f8fa9405-789a-4630-ad54-e3005f80dfc0,2026-05-13 12:30:14.777689+00:00,USR_0471,credential_stuffing,credential_stuffing,credential_stuffing,XGBoost ML Classifier
b9c4deef-6196-4b02-9757-1c707d5b240f,2026-05-13 12:30:16.049785+00:00,USR_0231,credential_stuffing,credential_stuffing,credential_stuffing,XGBoost ML Classifier
2b1d05b2-2f36-4a82-b9a7-313a59d1bdf3,2026-05-13 12:30:20.465477+00:00,SRV_0462,credential_stuffing,credential_stuffing,credential_stuffing,XGBoost ML Classifier
98990653-581c-4baa-9567-2b78cddbc5cd,2026-05-13 12:30:21.634059+00:00,DEV_0947,credential_stuffing,credential_stuffing,credential_stuffing,XGBoost ML Classifier
9676fa94-aa6f-4534-b134-c6937fb08c9d,2026-05-13 12:30:21.898563+00:00,USR_0411,credential_stuffing,credential_stuffing,credential_stuffing,XGBoost ML Classifier
d5875b98-1a7e-41b3-81b5-28f1d87fe5d7,2026-05-13 12:30:22.957132+00:00,USR_0432,credential_stuffing,credential_stuffing,credential_stuffing,XGBoost ML Classifier
60b7d5f7-e6ba-4023-a5bc-4efa29a58bac,2026-05-13 12:30:23.180955+00:00,DEV_0114,credential_stuffing,credential_stuffing,credential_stuffing,XGBoost ML Classifier
56c51b7d-bc5c-4d92-bfc7-5ee141fdb44e,2026-05-13 12:30:23.643877+00:00,USR_0251,credential_stuffing,credential_stuffing,credential_stuffing,XGBoost ML Classifier
7ee0e655-ceac-4824-a183-12a177cc082a,2026-05-13 12:30:26.469739+00:00,USR_0811,credential_stuffing,credential_stuffing,credential_stuffing,XGBoost ML Classifier
ee67934a-4ad2-4821-9561-5ec1fb2fac6e,2026-05-13 12:30:27.916310+00:00,DEV_0474,credential_stuffing,credential_stuffing,credential_stuffing,XGBoost ML Classifier
60ae8479-0477-4ed0-84b8-afbc855e7e66,2026-05-13 12:30:30.859229+00:00,USR_0357,credential_stuffing,credential_stuffing,credential_stuffing,XGBoost ML Classifier
0895cc74-f7ea-411c-9fbc-e14b3efcafa5,2026-05-13 12:30:31.142242+00:00,DEV_0857,credential_stuffing,credential_stuffing,credential_stuffing,XGBoost ML Classifier
809630ff-e514-4d7b-9949-ca3a45c90fad,2026-05-13 12:30:32.648397+00:00,USR_0073,credential_stuffing,credential_stuffing,credential_stuffing,XGBoost ML Classifier
e0ce84cd-b343-49b4-b5a4-6685b57675e9,2026-05-13 12:30:36.201824+00:00,USR_0532,credential_stuffing,credential_stuffing,credential_stuffing,XGBoost ML Classifier
18036955-8105-42ea-a4ec-a11230968115,2026-05-13 12:30:37.263678+00:00,DEV_0850,credential_stuffing,credential_stuffing,credential_stuffing,XGBoost ML Classifier
8a5ab85b-bfed-4cc8-9b85-a6872fc45015,2026-05-13 12:30:38.539497+00:00,DEV_0453,credential_stuffing,credential_stuffing,credential_stuffing,XGBoost ML Classifier
11a86a05-8277-4549-b549-8d947830d67f,2026-05-13 12:30:40.081715+00:00,USR_0822,credential_stuffing,credential_stuffing,credential_stuffing,XGBoost ML Classifier
bda04945-cfee-41f9-8ce5-84b0812ce4b9,2026-05-13 12:30:42.757079+00:00,USR_0578,credential_stuffing,credential_stuffing,credential_stuffing,XGBoost ML Classifier
e08e5873-fcda-4383-a580-981775e14119,2026-05-13 12:30:43.548243+00:00,USR_0832,credential_stuffing,credential_stuffing,credential_stuffing,XGBoost ML Classifier
81cd9a29-389c-4905-bea2-4d54579e0a16,2026-05-13 12:30:46.117575+00:00,DEV_0848,credential_stuffing,credential_stuffing,credential_stuffing,XGBoost ML Classifier
6d3006ba-d84d-4d3d-9dc3-69fb9acec1d5,2026-05-13 12:30:46.716277+00:00,USR_0540,credential_stuffing,credential_stuffing,credential_stuffing,XGBoost ML Classifier
56dd460f-5d45-48fc-8c6f-9fdffea67390,2026-05-13 12:30:47.292002+00:00,SRV_0548,credential_stuffing,credential_stuffing,credential_stuffing,XGBoost ML Classifier
11802f79-cd31-4245-bb0a-41303c994242,2026-05-13 12:30:48.398839+00:00,DEV_0248,credential_stuffing,credential_stuffing,credential_stuffing,XGBoost ML Classifier
7e7cd66c-54d2-46aa-b0f9-753056419177,2026-05-13 12:30:48.642461+00:00,SRV_0963,credential_stuffing,credential_stuffing,credential_stuffing,XGBoost ML Classifier
148a3cac-e3a2-4b7b-8a3a-fefa3ba12a94,2026-05-13 12:30:49.189248+00:00,USR_0208,credential_stuffing,credential_stuffing,credential_stuffing,XGBoost ML Classifier
04f366f0-fbf9-4813-9e9a-cd27e12c3acb,2026-05-13 12:30:49.948663+00:00,USR_0683,credential_stuffing,credential_stuffing,credential_stuffing,XGBoost ML Classifier
3816d0ca-0dc2-45fb-a929-5c442a748b60,2026-05-13 12:30:50.867694+00:00,SRV_0861,credential_stuffing,credential_stuffing,credential_stuffing,XGBoost ML Classifier
9d604f31-c789-424e-b4eb-8115cc3c47a8,2026-05-13 12:30:51.089359+00:00,SRV_0767,credential_stuffing,credential_stuffing,credential_stuffing,XGBoost ML Classifier
a00b4e7f-2ec6-49c9-b3a5-9dce02336574,2026-05-13 12:30:51.927564+00:00,USR_0968,credential_stuffing,credential_stuffing,credential_stuffing,XGBoost ML Classifier
9ce6d758-6e21-4e7d-927e-22b540478ce1,2026-05-13 12:30:52.003656+00:00,USR_0041,credential_stuffing,credential_stuffing,credential_stuffing,XGBoost ML Classifier
c2338dac-099c-4465-a7ad-ef66277f13be,2026-05-13 12:30:52.409472+00:00,DEV_0143,credential_stuffing,credential_stuffing,credential_stuffing,XGBoost ML Classifier
bc47e3b8-7f8b-4a40-926b-25d06ab6dd31,2026-05-13 12:30:53.142539+00:00,USR_0585,credential_stuffing,credential_stuffing,credential_stuffing,XGBoost ML Classifier
0f2c0792-f6b9-4898-89bc-43e9e2feb47e,2026-05-13 12:30:58.747749+00:00,USR_0494,credential_stuffing,credential_stuffing,credential_stuffing,XGBoost ML Classifier
b6e78834-fcc8-4a87-8e25-c7c2c5302023,2026-05-13 12:30:58.751449+00:00,DEV_0013,credential_stuffing,credential_stuffing,credential_stuffing,XGBoost ML Classifier
f470540b-a235-4c02-b6c4-f48d2a42c481,2026-05-13 12:30:59.746290+00:00,USR_0680,credential_stuffing,credential_stuffing,credential_stuffing,XGBoost ML Classifier
3b025f25-3fe5-4d27-92ab-7ffc54815f9a,2026-05-13 12:31:05.758281+00:00,SRV_0616,credential_stuffing,credential_stuffing,credential_stuffing,XGBoost ML Classifier
5f5fe596-4777-49b2-bcdb-8db33135788c,2026-05-13 12:31:11.621594+00:00,USR_0856,credential_stuffing,credential_stuffing,credential_stuffing,XGBoost ML Classifier
fafe9aec-c373-4701-982d-16a2f0fc1718,2026-05-13 12:31:24.070474+00:00,USR_0940,credential_stuffing,credential_stuffing,credential_stuffing,XGBoost ML Classifier
934adf45-5934-47cd-a1b1-d617a2890144,2026-05-13 12:31:27.223986+00:00,USR_0607,credential_stuffing,credential_stuffing,credential_stuffing,XGBoost ML Classifier
36ca1b59-e023-41cd-8208-6d312e5c5480,2026-05-13 12:31:29.362164+00:00,USR_0564,credential_stuffing,credential_stuffing,credential_stuffing,XGBoost ML Classifier
c0f765e3-164a-4b37-b3bf-5e72e74bc23e,2026-05-13 12:31:33.582088+00:00,SRV_0740,credential_stuffing,credential_stuffing,credential_stuffing,XGBoost ML Classifier
7d27abfe-7fea-40d1-a8f5-36492e1641b7,2026-05-13 12:31:34.686600+00:00,USR_0625,credential_stuffing,credential_stuffing,credential_stuffing,XGBoost ML Classifier
81defe1e-3d9f-4dec-9350-715a47059c0c,2026-05-13 12:31:38.270959+00:00,SRV_0018,credential_stuffing,credential_stuffing,credential_stuffing,XGBoost ML Classifier
be9c01d8-18c4-4285-82a2-aa6a85053c3e,2026-05-13 12:31:43.469900+00:00,USR_0365,credential_stuffing,credential_stuffing,credential_stuffing,XGBoost ML Classifier
3758eab8-0ecd-4a5f-bdf2-db2424fedde8,2026-05-13 12:31:47.915580+00:00,SRV_0731,credential_stuffing,credential_stuffing,credential_stuffing,XGBoost ML Classifier
3e211b88-9948-4052-a085-01b443734361,2026-05-13 12:31:57.940651+00:00,USR_0680,credential_stuffing,credential_stuffing,credential_stuffing,XGBoost ML Classifier
559df420-1198-42a5-92c6-2e38ea9b429d,2026-05-13 12:31:58.925920+00:00,USR_0954,credential_stuffing,credential_stuffing,credential_stuffing,XGBoost ML Classifier
a9546476-720d-4217-bc78-6d6d14c5a7ca,2026-05-13 12:32:03.135951+00:00,USR_0978,credential_stuffing,credential_stuffing,credential_stuffing,XGBoost ML Classifier
41d75a49-13ae-4816-baec-1502ad5f1550,2026-05-13 12:32:06.389665+00:00,SRV_0129,credential_stuffing,credential_stuffing,credential_stuffing,XGBoost ML Classifier
af05c188-6e5b-49db-bb2a-822ce5d88826,2026-05-13 12:32:07.531057+00:00,USR_0888,credential_stuffing,credential_stuffing,credential_stuffing,XGBoost ML Classifier
e3c7af7f-8a9e-4461-b2dd-446b28d91811,2026-05-13 12:32:11.701923+00:00,USR_0793,credential_stuffing,credential_stuffing,credential_stuffing,XGBoost ML Classifier
4ce5f6ca-063b-449c-a096-8244df8b9ffa,2026-05-13 12:32:11.962314+00:00,USR_0836,credential_stuffing,credential_stuffing,credential_stuffing,XGBoost ML Classifier
ffd9f4ed-5308-401a-9998-5ebb7989a453,2026-05-13 12:32:15.435782+00:00,DEV_0685,credential_stuffing,credential_stuffing,credential_stuffing,XGBoost ML Classifier
bd450a34-06e5-48dc-b3fe-12851f94138f,2026-05-13 12:32:15.878663+00:00,USR_0211,credential_stuffing,credential_stuffing,credential_stuffing,XGBoost ML Classifier
25c913fd-1a6b-482a-8277-a05878ba98d5,2026-05-13 12:32:23.046466+00:00,USR_0152,credential_stuffing,credential_stuffing,credential_stuffing,XGBoost ML Classifier
986a1c51-e954-4bae-90f2-0f3441559b13,2026-05-13 12:32:24.359658+00:00,DEV_0951,credential_stuffing,credential_stuffing,credential_stuffing,XGBoost ML Classifier
721fd8e2-eb41-44c6-8fac-9d280869105e,2026-05-13 12:32:28.447018+00:00,USR_0391,credential_stuffing,credential_stuffing,credential_stuffing,XGBoost ML Classifier
141869d8-f510-48b3-b6bb-db995cc9cc9f,2026-05-13 12:32:32.551105+00:00,USR_0795,credential_stuffing,credential_stuffing,credential_stuffing,XGBoost ML Classifier
3ee3a182-d3a2-41fb-a207-6906b94fda6b,2026-05-13 12:32:39.227601+00:00,USR_0125,credential_stuffing,credential_stuffing,credential_stuffing,XGBoost ML Classifier
ffd4a068-18f8-4a64-bd90-f86aa8ce0e34,2026-05-13 12:32:42.530003+00:00,USR_0524,credential_stuffing,credential_stuffing,credential_stuffing,XGBoost ML Classifier
8bbddd96-0e5b-4a62-a3df-9dd7d135816a,2026-05-13 12:32:43.304247+00:00,USR_0392,credential_stuffing,credential_stuffing,credential_stuffing,XGBoost ML Classifier
d5e046dc-dead-49fb-b28d-c688e78eab07,2026-05-13 12:32:44.815504+00:00,USR_0315,credential_stuffing,credential_stuffing,credential_stuffing,XGBoost ML Classifier
6ce5e269-869c-4080-98c8-9c5b3218e6db,2026-05-13 12:32:46.240874+00:00,USR_0833,credential_stuffing,credential_stuffing,credential_stuffing,XGBoost ML Classifier
5deb3c6e-2b68-4afa-a458-01f8acaa73b3,2026-05-13 12:32:56.924118+00:00,USR_0171,credential_stuffing,credential_stuffing,credential_stuffing,XGBoost ML Classifier
84e0f527-15ec-4d10-a8e3-abc0e5b139c9,2026-05-13 12:32:59.761129+00:00,USR_0499,credential_stuffing,credential_stuffing,credential_stuffing,XGBoost ML Classifier
8ee36674-1ea6-4728-9ba4-ea6583b04ffc,2026-05-13 12:32:59.928654+00:00,SRV_0457,credential_stuffing,credential_stuffing,credential_stuffing,XGBoost ML Classifier
875d6d09-8a31-4d7c-a621-8227142d0610,2026-05-13 12:33:02.131595+00:00,USR_0722,credential_stuffing,credential_stuffing,credential_stuffing,XGBoost ML Classifier
3c21ed28-b1f3-4340-b5cf-a991d9ef1ab9,2026-05-13 12:33:03.367315+00:00,DEV_0384,credential_stuffing,credential_stuffing,credential_stuffing,XGBoost ML Classifier
36e5a9f5-3085-4251-95dc-849091fbc521,2026-05-13 12:33:12.595080+00:00,USR_0150,credential_stuffing,credential_stuffing,credential_stuffing,XGBoost ML Classifier
c9a1a044-febf-4f6c-9704-55f6e2fde02c,2026-05-13 12:33:14.692833+00:00,USR_0504,credential_stuffing,credential_stuffing,credential_stuffing,XGBoost ML Classifier
fb64dd2c-b8fc-4d95-b52a-0bb7528f5335,2026-05-13 12:33:21.936245+00:00,SRV_0979,credential_stuffing,credential_stuffing,credential_stuffing,XGBoost ML Classifier
6e7200cb-97f7-44ce-b5e8-1151faa32df8,2026-05-13 12:33:22.704005+00:00,SRV_0401,credential_stuffing,credential_stuffing,credential_stuffing,XGBoost ML Classifier
caa1f087-8e82-48b8-b3ce-ffd0aeecd93e,2026-05-13 12:33:25.883610+00:00,USR_0278,credential_stuffing,credential_stuffing,credential_stuffing,XGBoost ML Classifier
b62c7852-882a-4888-8fbe-cf8b9dc6ed0d,2026-05-13 12:33:25.905860+00:00,USR_0223,credential_stuffing,credential_stuffing,credential_stuffing,XGBoost ML Classifier
14ba2125-4742-474f-a070-d377cb0f47ed,2026-05-13 12:33:29.994294+00:00,USR_0475,credential_stuffing,credential_stuffing,credential_stuffing,XGBoost ML Classifier
a1a82364-8480-4c56-8811-a652a28d3a06,2026-05-13 12:33:30+00:00,DEV_0343,impossible_travel,impossible_travel,impossible_travel,Rule Override: geo_velocity_kmh > 900 km/h AND geo_distance > 500 km
da3eede6-e3d5-464a-ae6d-431db98ae214,2026-05-13 12:33:39.324977+00:00,USR_0370,credential_stuffing,credential_stuffing,credential_stuffing,XGBoost ML Classifier
aa592e2b-c5b7-4aec-a3e3-8c38de284050,2026-05-13 12:33:40.198224+00:00,SRV_0293,credential_stuffing,credential_stuffing,credential_stuffing,XGBoost ML Classifier
4f0b945b-1d41-40d2-9a56-c314d8a7787a,2026-05-13 12:33:45.203531+00:00,USR_0148,credential_stuffing,credential_stuffing,credential_stuffing,XGBoost ML Classifier
b76b65cf-b9c2-41c0-b331-1842f1b68846,2026-05-13 12:33:45.569033+00:00,USR_0536,credential_stuffing,credential_stuffing,credential_stuffing,XGBoost ML Classifier
4e5f3bc5-b6c5-446a-b8fd-2fe272514914,2026-05-13 12:33:51.306570+00:00,SRV_0005,credential_stuffing,credential_stuffing,credential_stuffing,XGBoost ML Classifier
25e5d5ce-5c52-418b-8a39-660fa9d2f445,2026-05-13 12:33:56.823796+00:00,USR_0817,credential_stuffing,credential_stuffing,credential_stuffing,XGBoost ML Classifier
b980c89e-be5b-462f-820b-97b98a5a319f,2026-05-13 12:33:58.295738+00:00,SRV_0616,credential_stuffing,credential_stuffing,credential_stuffing,XGBoost ML Classifier
08f0a330-90c6-4f21-8e30-ef519bf0c772,2026-05-13 12:33:59.952522+00:00,USR_0363,credential_stuffing,credential_stuffing,credential_stuffing,XGBoost ML Classifier
f19d74d8-7dbc-45c6-a524-c4efbca30a84,2026-05-13 12:34:15.247926+00:00,USR_0581,credential_stuffing,credential_stuffing,credential_stuffing,XGBoost ML Classifier
746cc787-25da-46de-81d9-96631b77451f,2026-05-13 12:34:25+00:00,USR_0646,impossible_travel,impossible_travel,impossible_travel,Rule Override: geo_velocity_kmh > 900 km/h AND geo_distance > 500 km
1910f4a5-50f6-41bf-acb5-e8241284f984,2026-05-13 12:34:27.607918+00:00,SRV_0051,credential_stuffing,credential_stuffing,credential_stuffing,XGBoost ML Classifier
46ce2280-5e5e-44b8-be81-4fab06294c4d,2026-05-13 12:34:31.543175+00:00,USR_0636,credential_stuffing,credential_stuffing,credential_stuffing,XGBoost ML Classifier
a15daa82-d9b2-42b2-a073-820adda34c1d,2026-05-13 12:34:33.319519+00:00,USR_0853,credential_stuffing,credential_stuffing,credential_stuffing,XGBoost ML Classifier
968524e0-b607-41c3-b06a-961fb3dd6ede,2026-05-13 12:34:39.528267+00:00,SRV_0354,credential_stuffing,credential_stuffing,credential_stuffing,XGBoost ML Classifier
266ef9df-54de-4e3b-823a-13fc50d27c7c,2026-05-13 12:34:49.394666+00:00,USR_0853,credential_stuffing,credential_stuffing,credential_stuffing,XGBoost ML Classifier
eb6fa941-941e-400a-b159-380165326fb0,2026-05-13 12:34:49.938480+00:00,USR_0494,credential_stuffing,credential_stuffing,credential_stuffing,XGBoost ML Classifier
58c3822b-90c4-4177-b0b5-7707e1d8d3f3,2026-05-13 12:34:55.884501+00:00,DEV_0090,credential_stuffing,credential_stuffing,credential_stuffing,XGBoost ML Classifier
be880ecd-01c5-4008-adb1-5d34c791d3a5,2026-05-13 12:35:15.025175+00:00,USR_0853,credential_stuffing,credential_stuffing,credential_stuffing,XGBoost ML Classifier
364187e8-a65e-4492-8f59-8de91177f7ac,2026-05-13 12:35:21.551206+00:00,USR_0282,credential_stuffing,credential_stuffing,credential_stuffing,XGBoost ML Classifier
c535627a-12b7-448b-bdb9-d8686b3cca5c,2026-05-13 12:35:21.973698+00:00,USR_0166,credential_stuffing,credential_stuffing,credential_stuffing,XGBoost ML Classifier
c69cba13-4856-4d32-ab24-2485df91fcb8,2026-05-13 12:35:22.453945+00:00,SRV_0965,credential_stuffing,credential_stuffing,credential_stuffing,XGBoost ML Classifier
078b681d-574b-4532-adc4-febc8e910c0f,2026-05-13 12:35:28.733599+00:00,SRV_0767,credential_stuffing,credential_stuffing,credential_stuffing,XGBoost ML Classifier
0b691aba-6773-4d07-8a76-ef20671021f8,2026-05-13 12:35:47.516120+00:00,USR_0708,credential_stuffing,credential_stuffing,credential_stuffing,XGBoost ML Classifier
290462ce-7024-42e3-ae36-a263498db8d8,2026-05-13 12:36:03.653481+00:00,DEV_0378,credential_stuffing,credential_stuffing,credential_stuffing,XGBoost ML Classifier
353129c3-7304-42d7-85f5-6be5336e4a49,2026-05-13 12:36:07.338419+00:00,USR_0386,credential_stuffing,credential_stuffing,credential_stuffing,XGBoost ML Classifier
8458fe25-48a2-4286-a4a9-0c861cf440d0,2026-05-13 12:36:29.677385+00:00,USR_0554,credential_stuffing,credential_stuffing,credential_stuffing,XGBoost ML Classifier
e3f8a446-02c6-4bcc-95b2-25a0e256506e,2026-05-13 12:36:34.803747+00:00,DEV_0868,credential_stuffing,credential_stuffing,credential_stuffing,XGBoost ML Classifier
a0257c2e-0423-4d84-886b-6047bb294447,2026-05-13 12:36:52.275703+00:00,SRV_0457,credential_stuffing,credential_stuffing,credential_stuffing,XGBoost ML Classifier
549fe1cc-2cda-411e-ae1e-4281e08b69fb,2026-05-13 12:36:59.080083+00:00,USR_0614,credential_stuffing,credential_stuffing,credential_stuffing,XGBoost ML Classifier
a9c2bb26-d1c0-4fb4-a28c-3b8e51687959,2026-05-13 12:36:59.734538+00:00,USR_0402,credential_stuffing,credential_stuffing,credential_stuffing,XGBoost ML Classifier
c929bfa8-9a57-4c17-bf12-cbb244b3394a,2026-05-13 12:37:26.768355+00:00,SRV_0192,credential_stuffing,credential_stuffing,credential_stuffing,XGBoost ML Classifier
31ce50d9-924c-436e-acc6-639c41c79268,2026-05-13 12:37:50.866176+00:00,USR_0713,credential_stuffing,credential_stuffing,credential_stuffing,XGBoost ML Classifier
adde6e1a-ac08-4d54-82f3-b32f34b2c107,2026-05-13 12:40:07+00:00,SRV_0153,normal,unknown,unknown,XGBoost ML Classifier
2f284676-da2a-4e0a-a89d-0f5066dfc654,2026-05-13 13:17:18+00:00,USR_0214,normal,unknown,insider_drift,XGBoost ML Classifier
f79aea9b-de9c-4297-9965-3ea41e36f5b5,2026-05-13 13:24:37+00:00,SRV_0728,normal,unknown,unknown,XGBoost ML Classifier
2ea6736e-dc40-4928-bec4-a94b16947633,2026-05-13 13:33:23+00:00,SRV_0572,impossible_travel,impossible_travel,impossible_travel,Rule Override: geo_velocity_kmh > 900 km/h AND geo_distance > 500 km
c62e02a9-6455-408d-bfc1-bc08c59dab92,2026-05-13 13:38:42+00:00,USR_0730,normal,unknown,insider_drift,XGBoost ML Classifier
dd348672-3f27-4f73-aab7-f4022bff7331,2026-05-13 13:40:56+00:00,DEV_0514,normal,unknown,unknown,XGBoost ML Classifier
7f42b266-4a20-4c18-b0ea-becd45ea17a5,2026-05-13 14:00:45+00:00,USR_0724,normal,unknown,unknown,XGBoost ML Classifier
1e2419a1-c700-475b-b37c-c8eb1e6ff5e5,2026-05-13 14:16:53+00:00,USR_0964,normal,unknown,unknown,XGBoost ML Classifier
378a1a33-6416-42d2-a4e9-b013510aa4e4,2026-05-13 14:33:58+00:00,DEV_0902,normal,unknown,unknown,XGBoost ML Classifier
8fd3b9b5-dac7-44c2-b1d8-81d5d5b979a5,2026-05-13 14:36:08+00:00,USR_0696,impossible_travel,impossible_travel,impossible_travel,Rule Override: geo_velocity_kmh > 900 km/h AND geo_distance > 500 km
977f73e9-4e8c-4a9b-a049-a3c8d7403e08,2026-05-13 14:37:50+00:00,USR_0623,normal,unknown,unknown,XGBoost ML Classifier
e6ad148b-2a48-4ef4-ab79-7cd6cde90f15,2026-05-13 15:08:14+00:00,USR_0333,impossible_travel,impossible_travel,impossible_travel,Rule Override: geo_velocity_kmh > 900 km/h AND geo_distance > 500 km
474d5b03-cd28-406a-a76b-ee4de989de35,2026-05-13 15:09:04+00:00,DEV_0063,normal,unknown,unknown,XGBoost ML Classifier
5fab32a0-f85c-4476-876d-e2ed439a69df,2026-05-13 15:14:11+00:00,USR_0845,impossible_travel,impossible_travel,impossible_travel,Rule Override: geo_velocity_kmh > 900 km/h AND geo_distance > 500 km
e6b56ef6-f818-4444-994e-fd373f64d1f1,2026-05-13 15:41:59+00:00,SRV_0591,normal,unknown,unknown,XGBoost ML Classifier
18a41167-73cb-45ab-aa5d-aad7b828948e,2026-05-13 15:45:57+00:00,SRV_0693,normal,unknown,unknown,XGBoost ML Classifier
1182fd9f-cbfb-4b44-8b90-fda2964a7984,2026-05-13 15:47:49+00:00,SRV_0645,normal,unknown,unknown,XGBoost ML Classifier
3f6a6981-a278-4077-9a01-0d34ad71a1ce,2026-05-13 15:54:08+00:00,DEV_0327,normal,unknown,unknown,XGBoost ML Classifier
ce143983-c4f2-45ba-97fe-0248c79910d9,2026-05-13 15:55:10+00:00,DEV_0274,normal,unknown,unknown,XGBoost ML Classifier
ffd4d408-96f7-439b-8c58-95ba9370ace9,2026-05-13 16:27:30+00:00,DEV_0837,normal,unknown,unknown,XGBoost ML Classifier
186c2341-70dd-41c9-99f7-5b035ec6df0f,2026-05-13 16:38:25+00:00,SRV_0461,normal,unknown,unknown,XGBoost ML Classifier
c885c571-bf85-41e4-83de-be06fd880c5e,2026-05-13 16:48:51+00:00,DEV_0632,normal,unknown,unknown,XGBoost ML Classifier
6cd35f9b-424e-4fcb-9280-cdb72f1db229,2026-05-13 17:05:27+00:00,SRV_0841,impossible_travel,impossible_travel,impossible_travel,Rule Override: geo_velocity_kmh > 900 km/h AND geo_distance > 500 km
ea30e823-2924-4506-91a1-815c8b944798,2026-05-13 17:05:36+00:00,USR_0696,normal,unknown,impossible_travel,Rule Override: geo_velocity_kmh > 900 km/h AND geo_distance > 500 km
c1762d82-8e8a-46b6-b88b-71f5eaa37c38,2026-05-13 17:09:36+00:00,USR_0000,impossible_travel,impossible_travel,impossible_travel,Rule Override: geo_velocity_kmh > 900 km/h AND geo_distance > 500 km
ec785dcb-bcce-46bc-9254-685a81639e99,2026-05-13 17:24:09+00:00,SRV_0462,normal,unknown,unknown,XGBoost ML Classifier
d04128be-8ffa-4e7f-9dd6-0edd9a6a5c54,2026-05-13 17:44:10+00:00,DEV_0787,normal,unknown,unknown,XGBoost ML Classifier
add4eeea-e8d1-4f1b-987f-818fb61d0959,2026-05-13 17:51:11+00:00,USR_0077,impossible_travel,impossible_travel,impossible_travel,Rule Override: geo_velocity_kmh > 900 km/h AND geo_distance > 500 km
e6a5ae68-60ac-4b2b-a58c-90cf2e5c8cb3,2026-05-13 17:52:44+00:00,SRV_0336,impossible_travel,impossible_travel,impossible_travel,Rule Override: geo_velocity_kmh > 900 km/h AND geo_distance > 500 km
305420a4-48dd-4e16-b473-dde5ca708e2a,2026-05-13 18:03:08+00:00,SRV_0209,normal,unknown,unknown,XGBoost ML Classifier
195765d7-8157-436a-af9e-0d7e7388e2c4,2026-05-13 18:46:19+00:00,DEV_0902,normal,unknown,unknown,XGBoost ML Classifier
00700610-250c-42f6-9415-d6563d527b0f,2026-05-13 18:46:51+00:00,DEV_0274,normal,unknown,unknown,XGBoost ML Classifier
ca720e61-a97a-4f89-b448-64505dcad125,2026-05-13 18:53:11+00:00,SRV_0182,normal,unknown,unknown,XGBoost ML Classifier
84d4e9d5-666d-44ca-954b-247bac3e03ee,2026-05-13 18:59:53+00:00,DEV_0664,normal,unknown,unknown,XGBoost ML Classifier
f2a79eee-3464-4122-8dc1-bd78a31778c2,2026-05-13 19:11:05+00:00,USR_0964,insider_drift,insider_drift,insider_drift,XGBoost ML Classifier
b63f35af-ae54-4bd8-9638-e664e6a8d4be,2026-05-13 19:47:22+00:00,USR_0665,normal,unknown,unknown,XGBoost ML Classifier
d9fe96f1-eec2-444c-91f1-bea979c1d99e,2026-05-13 19:54:45+00:00,USR_0017,impossible_travel,impossible_travel,impossible_travel,Rule Override: geo_velocity_kmh > 900 km/h AND geo_distance > 500 km
d1ad6514-f510-49a9-b077-3a136797ddb7,2026-05-13 20:22:31+00:00,DEV_0768,normal,unknown,unknown,XGBoost ML Classifier
d76c2c0e-bf33-46d5-94bc-0dc79fe3c753,2026-05-13 20:53:25+00:00,USR_0948,normal,unknown,unknown,XGBoost ML Classifier
1f69d27b-aa50-4278-91f8-2725b3b5e3b2,2026-05-13 21:02:42.792831+00:00,USR_0559,lateral_movement,lateral_movement,lateral_movement,XGBoost ML Classifier
a935b7b6-7c70-4d32-a9df-e1bcb256d10c,2026-05-13 21:03:16.336787+00:00,USR_0559,lateral_movement,lateral_movement,lateral_movement,XGBoost ML Classifier
186e2292-2e88-4dbb-ab55-958b687e5878,2026-05-13 21:49:59+00:00,DEV_0265,normal,unknown,unknown,XGBoost ML Classifier
c469041f-1845-49c4-bda6-e58bbc2f5d2d,2026-05-13 22:28:04+00:00,DEV_0768,normal,unknown,unknown,XGBoost ML Classifier
a1e59d81-3fb6-4ff0-bbfe-398aa65f482c,2026-05-13 23:04:09+00:00,SRV_0962,impossible_travel,impossible_travel,impossible_travel,Rule Override: geo_velocity_kmh > 900 km/h AND geo_distance > 500 km
cb88dcd8-30ae-4062-9c53-7bd8c316ee97,2026-05-13 23:59:24+00:00,DEV_0416,normal,unknown,unknown,XGBoost ML Classifier
feb7bd56-f19d-4210-b0e1-c847c46908f9,2026-05-13 23:59:26.606000+00:00,DEV_0902,normal,unknown,unknown,XGBoost ML Classifier
2a3edf9c-ef20-4926-bf9d-9bca0ac7aa9b,2026-05-14 00:00:00+00:00,DEV_0371,normal,unknown,unknown,XGBoost ML Classifier
8bf71dfe-e180-4b08-895e-99d867cfdfbe,2026-05-14 00:00:00+00:00,SRV_0161,normal,unknown,unknown,XGBoost ML Classifier
0da7e58e-1736-429f-8e6c-61fd957b9e3f,2026-05-14 00:00:02.729000+00:00,DEV_0685,normal,unknown,unknown,XGBoost ML Classifier
36be2532-ab10-484b-b0f4-73f9a31e75cc,2026-05-14 00:08:24+00:00,DEV_0378,impossible_travel,impossible_travel,impossible_travel,Rule Override: geo_velocity_kmh > 900 km/h AND geo_distance > 500 km
686319b6-2346-4ad1-a18e-9d2123f31723,2026-05-14 00:13:24+00:00,DEV_0711,impossible_travel,impossible_travel,impossible_travel,Rule Override: geo_velocity_kmh > 900 km/h AND geo_distance > 500 km
a1fdd964-493b-40ff-aaa5-0f41f9855889,2026-05-14 00:16:00+00:00,DEV_0013,impossible_travel,impossible_travel,impossible_travel,Rule Override: geo_velocity_kmh > 900 km/h AND geo_distance > 500 km
c8d60ece-c8f4-4d8f-bf66-161dc7d18963,2026-05-14 01:07:16+00:00,DEV_0279,normal,unknown,unknown,XGBoost ML Classifier
905a5255-ac18-4c58-af11-e6bf04d8daf6,2026-05-14 01:11:51+00:00,USR_0411,low_slow_exfil,low_slow_exfil,low_slow_exfil,XGBoost ML Classifier
d3cc7de7-ef31-4aa8-a968-910a69b84c53,2026-05-14 01:14:08+00:00,DEV_0788,normal,unknown,unknown,XGBoost ML Classifier
15ad7c82-a27b-4fd8-95d2-c40707baad7a,2026-05-14 01:22:12+00:00,USR_0364,low_slow_exfil,low_slow_exfil,low_slow_exfil,XGBoost ML Classifier
c961e9c4-89cc-478d-a698-82e15e8a9aa2,2026-05-14 01:26:23+00:00,USR_0331,low_slow_exfil,low_slow_exfil,low_slow_exfil,XGBoost ML Classifier
e3966bad-3e13-4243-bd86-ddf1b1c2be15,2026-05-14 01:26:35+00:00,USR_0364,low_slow_exfil,low_slow_exfil,low_slow_exfil,XGBoost ML Classifier
9f4c5b1f-3430-49c3-95ab-fce8bba0e611,2026-05-14 01:36:37+00:00,DEV_0632,normal,unknown,unknown,XGBoost ML Classifier
2f89ac4a-3f09-4d1d-849a-0f84cf11b8aa,2026-05-14 01:43:25+00:00,SRV_0728,impossible_travel,impossible_travel,impossible_travel,Rule Override: geo_velocity_kmh > 900 km/h AND geo_distance > 500 km
862f0a46-d8a7-4720-9e40-2c0171c71b74,2026-05-14 01:45:16+00:00,USR_0206,low_slow_exfil,low_slow_exfil,low_slow_exfil,XGBoost ML Classifier
787d8f13-9f7c-46ac-b2f6-212417937b09,2026-05-14 01:56:19+00:00,USR_0793,low_slow_exfil,low_slow_exfil,low_slow_exfil,XGBoost ML Classifier
e638b104-dae5-4c63-acfa-004dffa7cfb8,2026-05-14 02:01:51+00:00,SRV_0851,normal,unknown,unknown,XGBoost ML Classifier
83f80718-4051-4ebb-947b-67b14d3bb68e,2026-05-14 02:15:16+00:00,SRV_0729,normal,unknown,unknown,XGBoost ML Classifier
810b69dd-44b4-41f3-9774-78db62dd05d6,2026-05-14 02:26:27+00:00,SRV_0640,normal,unknown,unknown,XGBoost ML Classifier
2f17a477-5ad8-4ad7-a04a-a8ddedc47ac2,2026-05-14 02:30:43+00:00,DEV_0437,normal,unknown,unknown,XGBoost ML Classifier
51488f99-d85b-4710-81c8-b49a2471137b,2026-05-14 03:03:15+00:00,USR_0172,low_slow_exfil,low_slow_exfil,low_slow_exfil,XGBoost ML Classifier
74d266f4-6037-45ed-b4bf-abd4b31ddab4,2026-05-14 03:09:59+00:00,USR_0386,low_slow_exfil,low_slow_exfil,low_slow_exfil,XGBoost ML Classifier
43825d8d-4f52-48ba-aecf-566c3fea73f8,2026-05-14 03:22:46+00:00,DEV_0248,normal,unknown,unknown,XGBoost ML Classifier
12fda9e8-bcce-4d0d-8efb-b3675077d81c,2026-05-14 03:26:37+00:00,USR_0331,low_slow_exfil,low_slow_exfil,low_slow_exfil,XGBoost ML Classifier
d3cd3e5e-985b-462f-a038-43fd21d78bdf,2026-05-14 03:33:13+00:00,USR_0754,normal,unknown,unknown,XGBoost ML Classifier
05edec50-ac93-44d9-a9b4-b6e13006ba73,2026-05-14 03:40:23+00:00,DEV_0332,normal,unknown,unknown,XGBoost ML Classifier
ebae1941-2d92-411a-b3e5-1a9a8606c939,2026-05-14 03:41:13+00:00,DEV_0571,impossible_travel,impossible_travel,impossible_travel,Rule Override: geo_velocity_kmh > 900 km/h AND geo_distance > 500 km
c6f3bce6-10d1-4f26-86de-1f66620da84e,2026-05-14 03:43:49+00:00,USR_0364,low_slow_exfil,low_slow_exfil,low_slow_exfil,XGBoost ML Classifier
f500ab5c-7ca7-4828-ad8d-759b6c97b75b,2026-05-14 03:46:13+00:00,DEV_0664,normal,unknown,unknown,XGBoost ML Classifier
4a236918-4a76-425f-be8f-fe484005dc57,2026-05-14 04:31:38+00:00,DEV_0593,normal,unknown,unknown,XGBoost ML Classifier
72b06bcf-1fb7-4cd0-9049-da9fd698a765,2026-05-14 04:31:49+00:00,SRV_0312,normal,unknown,unknown,XGBoost ML Classifier
5c611be4-777f-45da-b3a3-a9f8c9433928,2026-05-14 04:33:08+00:00,DEV_0669,normal,unknown,unknown,XGBoost ML Classifier
69478a4e-85ff-49e3-b3f2-1718e09ca272,2026-05-14 06:36:57+00:00,SRV_0819,normal,unknown,unknown,XGBoost ML Classifier
54b09c52-4e07-486b-8b96-a00b4c842baf,2026-05-14 07:01:39+00:00,DEV_0664,normal,unknown,unknown,XGBoost ML Classifier
1bbe78c8-b94b-4410-a970-8de6da4079d5,2026-05-14 07:26:15+00:00,USR_0620,impossible_travel,impossible_travel,impossible_travel,Rule Override: geo_velocity_kmh > 900 km/h AND geo_distance > 500 km
2734522c-d297-4dd5-8a12-77e6c96846da,2026-05-14 07:39:02+00:00,DEV_0632,normal,unknown,unknown,XGBoost ML Classifier
11ce325f-f866-4858-9941-8186f5782bf0,2026-05-14 07:52:09+00:00,DEV_0700,normal,unknown,unknown,XGBoost ML Classifier
e194d2f4-4ee0-4c3d-96a5-bf90ccfc85e5,2026-05-14 07:59:58+00:00,SRV_0538,normal,unknown,unknown,XGBoost ML Classifier
3413fe2f-ef5e-4aee-a8a0-d24fb8c5a165,2026-05-14 08:01:04+00:00,SRV_0693,normal,unknown,unknown,XGBoost ML Classifier
5783fbe5-4564-4b60-8e62-3fb3825e6548,2026-05-14 08:51:41+00:00,USR_0551,impossible_travel,impossible_travel,impossible_travel,Rule Override: geo_velocity_kmh > 900 km/h AND geo_distance > 500 km
b9df2131-fb68-45ba-8112-5dd1aea8a32c,2026-05-14 09:04:29+00:00,SRV_0908,normal,unknown,unknown,XGBoost ML Classifier
2edce472-f9af-4203-a62b-20e8585cc4b5,2026-05-14 10:03:34+00:00,DEV_0313,impossible_travel,impossible_travel,impossible_travel,Rule Override: geo_velocity_kmh > 900 km/h AND geo_distance > 500 km
0c8eea0e-2b1e-4764-87bd-7f02f9375626,2026-05-14 10:07:16+00:00,USR_0997,impossible_travel,impossible_travel,impossible_travel,Rule Override: geo_velocity_kmh > 900 km/h AND geo_distance > 500 km
fbc16df7-e989-409c-8ce3-283227ef7418,2026-05-14 10:22:02+00:00,SRV_0702,normal,unknown,unknown,XGBoost ML Classifier
3dcf0a9c-26f7-4005-a65c-000d11721801,2026-05-14 11:11:08+00:00,USR_0959,impossible_travel,impossible_travel,impossible_travel,Rule Override: geo_velocity_kmh > 900 km/h AND geo_distance > 500 km
b763bdc0-14fc-4749-b10b-5c158fe17812,2026-05-14 11:15:05+00:00,SRV_0055,normal,unknown,unknown,XGBoost ML Classifier
e0a76537-0760-4fb2-9d74-207e2eb9152a,2026-05-14 11:20:07+00:00,USR_0520,impossible_travel,impossible_travel,impossible_travel,Rule Override: geo_velocity_kmh > 900 km/h AND geo_distance > 500 km
37fed1b4-7f0d-4bc0-8bdc-bd276a9822dc,2026-05-14 11:27:08+00:00,SRV_0184,normal,unknown,unknown,XGBoost ML Classifier
2b0bd734-9713-440f-a002-1f86f232de7d,2026-05-14 11:32:56+00:00,USR_0278,impossible_travel,impossible_travel,impossible_travel,Rule Override: geo_velocity_kmh > 900 km/h AND geo_distance > 500 km
8baefb90-2ee3-4f21-980a-c5096af67208,2026-05-14 11:40:08+00:00,USR_0220,insider_drift,insider_drift,insider_drift,XGBoost ML Classifier
9c47ea61-ee2f-4c30-b5df-f9711805f5ca,2026-05-14 11:41:10+00:00,USR_0316,impossible_travel,impossible_travel,impossible_travel,Rule Override: geo_velocity_kmh > 900 km/h AND geo_distance > 500 km
992d74ba-1262-4180-8cea-b57689fe7bed,2026-05-14 12:14:32+00:00,DEV_0831,impossible_travel,impossible_travel,impossible_travel,Rule Override: geo_velocity_kmh > 900 km/h AND geo_distance > 500 km
8af98378-f17a-48e2-9488-4163c4e91fb7,2026-05-14 12:26:34+00:00,DEV_0279,normal,unknown,unknown,XGBoost ML Classifier
d5804e1d-b8de-4685-9ad6-4d362cd6c030,2026-05-14 12:37:53+00:00,USR_0007,impossible_travel,impossible_travel,impossible_travel,Rule Override: geo_velocity_kmh > 900 km/h AND geo_distance > 500 km
b80a32b6-4ee7-484a-83c9-ed1b0f40e7f9,2026-05-14 12:41:45+00:00,USR_0277,normal,unknown,unknown,XGBoost ML Classifier
e4ae23ff-9f83-4df4-bcf8-9cb6453f7fe5,2026-05-14 12:44:57+00:00,SRV_0898,normal,unknown,unknown,XGBoost ML Classifier
2e08e594-72dd-48c4-b294-a5c5edcb92df,2026-05-14 12:46:34+00:00,USR_0321,impossible_travel,impossible_travel,impossible_travel,Rule Override: geo_velocity_kmh > 900 km/h AND geo_distance > 500 km
ff5dfc5e-8ddb-4090-8859-24bd7a1294fa,2026-05-14 12:52:51+00:00,USR_0410,normal,unknown,unknown,XGBoost ML Classifier
bc1636b0-2d91-4e3a-9423-d902bba64183,2026-05-14 12:52:52+00:00,USR_0331,impossible_travel,impossible_travel,impossible_travel,Rule Override: geo_velocity_kmh > 900 km/h AND geo_distance > 500 km
97846265-5e38-402a-9aa3-9288e8070b8b,2026-05-14 13:44:59+00:00,USR_0363,normal,unknown,unknown,XGBoost ML Classifier
64f15c8b-bc2e-4f64-846e-a73626709a0a,2026-05-14 13:50:43+00:00,SRV_0709,normal,unknown,unknown,XGBoost ML Classifier
7a7a493f-e907-449a-84a2-17ad4bea28c9,2026-05-14 13:58:19+00:00,DEV_0279,normal,unknown,unknown,XGBoost ML Classifier
4b9aaf06-3a96-4d19-856b-d95a49cd4de0,2026-05-14 14:02:26+00:00,SRV_0702,normal,unknown,unknown,XGBoost ML Classifier
916b803f-6c2d-4796-b278-538453a6a41a,2026-05-14 14:03:45+00:00,DEV_0013,normal,unknown,unknown,XGBoost ML Classifier
65c78ad3-3b9c-44cf-b2ad-4d4e6463c933,2026-05-14 14:05:03+00:00,DEV_0902,normal,unknown,unknown,XGBoost ML Classifier
3370db3e-dd99-44a6-8387-4a93747dc2e8,2026-05-14 14:05:10+00:00,DEV_0429,normal,unknown,unknown,XGBoost ML Classifier
0b027341-03a6-403f-9367-1923d12b951c,2026-05-14 14:23:10+00:00,USR_0179,impossible_travel,impossible_travel,impossible_travel,Rule Override: geo_velocity_kmh > 900 km/h AND geo_distance > 500 km
735cc39f-c2f2-44b5-af58-83ba3d933803,2026-05-14 14:51:02+00:00,USR_0509,impossible_travel,impossible_travel,impossible_travel,Rule Override: geo_velocity_kmh > 900 km/h AND geo_distance > 500 km
dc3b5769-02a8-4359-a203-35a72a0883d2,2026-05-14 16:23:01+00:00,SRV_0709,normal,unknown,unknown,XGBoost ML Classifier
da104fa6-42c1-43b8-8cc7-8233ed0c4d98,2026-05-14 16:40:08+00:00,DEV_0063,normal,unknown,unknown,XGBoost ML Classifier
f12098d0-ab7e-42ab-8a1b-5b5fecdfdb19,2026-05-14 17:07:29+00:00,USR_0198,impossible_travel,impossible_travel,impossible_travel,Rule Override: geo_velocity_kmh > 900 km/h AND geo_distance > 500 km
eec89fe9-9628-4fb1-bc14-bd5c4a98d9ee,2026-05-14 17:18:24+00:00,USR_0853,impossible_travel,impossible_travel,impossible_travel,Rule Override: geo_velocity_kmh > 900 km/h AND geo_distance > 500 km
148a4e07-119e-4a24-8254-dc5e1982dbda,2026-05-14 17:37:28+00:00,SRV_0591,normal,unknown,unknown,XGBoost ML Classifier
687bf461-4a87-4606-9cb9-5c48567d83aa,2026-05-14 19:20:24+00:00,USR_0704,impossible_travel,impossible_travel,impossible_travel,Rule Override: geo_velocity_kmh > 900 km/h AND geo_distance > 500 km
ecb38dd8-50f6-4ebf-a598-fc914d98a3c4,2026-05-14 19:52:56+00:00,USR_0666,normal,unknown,unknown,XGBoost ML Classifier
55e2f7b7-b8e2-421c-aba9-4c0fd46d1fb6,2026-05-14 20:15:29+00:00,USR_0363,normal,unknown,insider_drift,XGBoost ML Classifier
575e87a7-c872-4781-a090-3ce9a1637c06,2026-05-14 20:22:46+00:00,DEV_0788,normal,unknown,unknown,XGBoost ML Classifier
6798237e-5a33-4110-8488-e362c27b05c0,2026-05-14 21:37:50+00:00,DEV_0237,normal,unknown,unknown,XGBoost ML Classifier
a3b33efe-92e6-4a47-9680-2ad87bb60548,2026-05-14 22:00:37+00:00,USR_0926,normal,unknown,unknown,XGBoost ML Classifier
130e1fd5-9b6a-44bf-a0ee-310f86e30ace,2026-05-14 22:38:15+00:00,DEV_0799,normal,unknown,unknown,XGBoost ML Classifier
7837b849-7569-420d-aab6-76b3e47ef92a,2026-05-14 23:55:04+00:00,SRV_0709,normal,unknown,unknown,XGBoost ML Classifier
c76e3a84-c2da-4176-917b-ee051bdff501,2026-05-14 23:59:24+00:00,SRV_0207,normal,unknown,unknown,XGBoost ML Classifier
c361194d-d04f-4735-92e3-c909c1d3c150,2026-05-14 23:59:26.595000+00:00,SRV_0670,normal,unknown,unknown,XGBoost ML Classifier
6f430613-9d5f-4a7a-8ea6-96e699f4932d,2026-05-15 00:00:00+00:00,DEV_0065,normal,unknown,unknown,XGBoost ML Classifier
60d038f1-84be-43d8-ac66-d6ab29883f9c,2026-05-15 00:00:02.895000+00:00,SRV_0712,normal,unknown,unknown,XGBoost ML Classifier
a575043c-13c4-4f59-8b14-c748b6b7c238,2026-05-15 00:00:04.419000+00:00,DEV_0009,normal,unknown,unknown,XGBoost ML Classifier
3eaefc0b-b851-49cc-8849-24c717782ba0,2026-05-15 00:06:24+00:00,DEV_0588,impossible_travel,impossible_travel,impossible_travel,Rule Override: geo_velocity_kmh > 900 km/h AND geo_distance > 500 km
ed0ac28f-4b82-4d91-8cd0-7dc586f33bc7,2026-05-15 00:07:24+00:00,DEV_0868,impossible_travel,impossible_travel,impossible_travel,Rule Override: geo_velocity_kmh > 900 km/h AND geo_distance > 500 km
40aaf4a5-c2e6-45cd-b2ad-66802d8dadd7,2026-05-15 00:12:00+00:00,SRV_0649,impossible_travel,impossible_travel,impossible_travel,Rule Override: geo_velocity_kmh > 900 km/h AND geo_distance > 500 km
bef46217-38ba-4c4d-b09b-27faaa7abd72,2026-05-15 00:15:00+00:00,DEV_0177,impossible_travel,impossible_travel,impossible_travel,Rule Override: geo_velocity_kmh > 900 km/h AND geo_distance > 500 km
73b66827-843c-4577-bac6-61d3992fa49c,2026-05-15 01:04:08+00:00,DEV_0799,normal,unknown,unknown,XGBoost ML Classifier
af381722-ee48-4f8c-865d-7d5bd278c1d1,2026-05-15 01:09:58+00:00,USR_0793,low_slow_exfil,low_slow_exfil,low_slow_exfil,XGBoost ML Classifier
4e4f28b2-86ef-408d-98eb-e87ace56825c,2026-05-15 01:15:08.819902+00:00,SRV_0498,lateral_movement,lateral_movement,lateral_movement,XGBoost ML Classifier
2afeb49c-6944-47b6-a17b-273c05a2ec5a,2026-05-15 01:15:28.913760+00:00,SRV_0498,lateral_movement,lateral_movement,lateral_movement,XGBoost ML Classifier
412f1e45-11b1-48ed-9007-26f236d215aa,2026-05-15 01:15:31.784668+00:00,SRV_0498,lateral_movement,lateral_movement,lateral_movement,XGBoost ML Classifier
0521d95b-3264-491d-ad78-a46c73dc4be0,2026-05-15 01:22:49+00:00,USR_0331,low_slow_exfil,low_slow_exfil,low_slow_exfil,XGBoost ML Classifier
748a5272-4a14-456b-b014-36defc9613b7,2026-05-15 01:54:06+00:00,USR_0206,low_slow_exfil,low_slow_exfil,low_slow_exfil,XGBoost ML Classifier
11d0a584-eb2e-4130-b680-be39bf7b7ce7,2026-05-15 02:00:12+00:00,SRV_0018,normal,unknown,unknown,XGBoost ML Classifier
b890b66e-84d5-450b-b939-7d135999a57a,2026-05-15 02:03:54+00:00,DEV_0164,normal,unknown,unknown,XGBoost ML Classifier
c00e6a0a-521b-4f19-9cbc-dbfadb830ee2,2026-05-15 02:28:30+00:00,USR_0364,low_slow_exfil,low_slow_exfil,low_slow_exfil,XGBoost ML Classifier
b4e63a62-3ff3-4c72-920d-7323d76f1ee5,2026-05-15 02:37:31+00:00,USR_0411,low_slow_exfil,low_slow_exfil,low_slow_exfil,XGBoost ML Classifier
e109f166-fe77-4293-afd5-47ab6dc789fe,2026-05-15 02:40:50+00:00,USR_0949,low_slow_exfil,low_slow_exfil,low_slow_exfil,XGBoost ML Classifier
3444647f-a646-499b-8010-7b1635d302b0,2026-05-15 02:47:11+00:00,USR_0206,low_slow_exfil,low_slow_exfil,low_slow_exfil,XGBoost ML Classifier
f0167a65-a7df-42e4-86cb-81c9a96a52f1,2026-05-15 02:58:02+00:00,USR_0172,low_slow_exfil,low_slow_exfil,low_slow_exfil,XGBoost ML Classifier
1a74eea0-bb4c-4796-b1a2-d81c759c3c4c,2026-05-15 02:58:24+00:00,USR_0364,low_slow_exfil,low_slow_exfil,low_slow_exfil,XGBoost ML Classifier
2f25ea6d-9a59-4656-a516-6a3a779391c4,2026-05-15 03:17:54+00:00,USR_0386,low_slow_exfil,low_slow_exfil,low_slow_exfil,XGBoost ML Classifier
556d8d9c-c898-4101-83ed-9470ce761728,2026-05-15 03:33:40+00:00,USR_0920,normal,unknown,unknown,XGBoost ML Classifier
9c5edbab-bf71-4719-9630-0b699a871943,2026-05-15 03:42:37+00:00,USR_0411,low_slow_exfil,low_slow_exfil,low_slow_exfil,XGBoost ML Classifier
33abdc83-bb96-49f6-b632-5640cf57ba2e,2026-05-15 03:49:05+00:00,USR_0172,low_slow_exfil,low_slow_exfil,low_slow_exfil,XGBoost ML Classifier
a4a28fc1-328e-45a2-bb39-2d8b7c9a1576,2026-05-15 04:37:15+00:00,DEV_0820,normal,unknown,unknown,XGBoost ML Classifier
7024a0c6-0a1e-431b-b52f-b0298458d1a7,2026-05-15 04:41:30+00:00,DEV_0669,normal,unknown,unknown,XGBoost ML Classifier
dad331df-6007-4edd-90af-9d9c5ec8a043,2026-05-15 05:26:38+00:00,DEV_0237,normal,unknown,unknown,XGBoost ML Classifier
8d99fdce-fe7c-4b1c-80ca-32a5f09d3734,2026-05-15 06:07:02+00:00,SRV_0372,normal,unknown,unknown,XGBoost ML Classifier
6f45b04a-a7a5-4ea5-bc63-259c06327320,2026-05-15 06:14:10+00:00,DEV_0368,normal,unknown,unknown,XGBoost ML Classifier
839b2f26-a610-490f-911a-bcb50830a1e4,2026-05-15 06:27:39+00:00,SRV_0078,normal,unknown,unknown,XGBoost ML Classifier
e7d9f8b3-c954-488f-a93c-b593cf198020,2026-05-15 06:57:52+00:00,USR_0220,insider_drift,insider_drift,insider_drift,XGBoost ML Classifier
1dc78411-db87-4b37-a8d7-4355f9978e67,2026-05-15 07:08:04+00:00,USR_0002,impossible_travel,impossible_travel,impossible_travel,Rule Override: geo_velocity_kmh > 900 km/h AND geo_distance > 500 km
15e6bea0-d0ed-49d7-af45-4d8cd732b4bf,2026-05-15 07:35:33+00:00,USR_0838,impossible_travel,impossible_travel,impossible_travel,Rule Override: geo_velocity_kmh > 900 km/h AND geo_distance > 500 km
9137cd43-a34d-42bb-9c76-1db60d65f3ba,2026-05-15 07:50:24+00:00,SRV_0677,normal,unknown,unknown,XGBoost ML Classifier
a4a9a2d9-b5bc-402e-9976-a1e7822d4f95,2026-05-15 07:52:13+00:00,DEV_0788,normal,unknown,unknown,XGBoost ML Classifier
6defa078-45a1-4582-8a33-4090ad0647e0,2026-05-15 08:39:16+00:00,DEV_0144,normal,unknown,unknown,XGBoost ML Classifier
a8ce8081-0558-4c63-b01a-f29f5b3f1c0b,2026-05-15 09:10:00+00:00,SRV_0702,normal,unknown,unknown,XGBoost ML Classifier
ac7f42b2-6963-4721-810e-133fdc4f27b8,2026-05-15 09:18:04+00:00,SRV_0640,normal,unknown,unknown,XGBoost ML Classifier
9690afce-dae5-458b-9f40-2bde929d323d,2026-05-15 09:33:32+00:00,USR_0859,impossible_travel,impossible_travel,impossible_travel,Rule Override: geo_velocity_kmh > 900 km/h AND geo_distance > 500 km
1934f234-e84c-4712-9b10-48b5a0e43865,2026-05-15 09:42:16+00:00,USR_0942,impossible_travel,impossible_travel,impossible_travel,Rule Override: geo_velocity_kmh > 900 km/h AND geo_distance > 500 km
efbe16c3-c00c-44cd-909a-5e62c096b3f9,2026-05-15 09:57:03+00:00,SRV_0058,normal,unknown,unknown,XGBoost ML Classifier
270ae7ef-8ad4-41f9-890f-c4e4ab296573,2026-05-15 10:08:53+00:00,DEV_0414,normal,unknown,unknown,XGBoost ML Classifier
f54f25ab-0d35-4b61-8f6c-4b0d890a4698,2026-05-15 10:13:08+00:00,USR_0194,normal,unknown,insider_drift,XGBoost ML Classifier
7c6023fa-2120-4ee9-bdb0-b97579a96e6c,2026-05-15 10:23:01+00:00,DEV_0311,normal,unknown,unknown,XGBoost ML Classifier
c4c57c97-6fdf-404e-b60d-925c6b699ebb,2026-05-15 10:34:23+00:00,USR_0467,impossible_travel,impossible_travel,impossible_travel,Rule Override: geo_velocity_kmh > 900 km/h AND geo_distance > 500 km
89382167-7c53-4758-b36f-ad9c02bbbcc6,2026-05-15 10:42:04+00:00,DEV_0877,normal,unknown,unknown,XGBoost ML Classifier
59bb56f9-dfda-43eb-8fc8-c65c0f2d56b1,2026-05-15 10:52:57+00:00,DEV_0676,normal,unknown,unknown,XGBoost ML Classifier
5c70d36a-4890-441d-b37e-41d973a91c43,2026-05-15 10:54:03+00:00,USR_0179,impossible_travel,impossible_travel,impossible_travel,Rule Override: geo_velocity_kmh > 900 km/h AND geo_distance > 500 km
26b5eca9-d230-40a6-a3cb-001fce514051,2026-05-15 11:03:24+00:00,DEV_0279,normal,unknown,unknown,XGBoost ML Classifier
08ce4517-b1e8-4e4d-b3df-46641d83d062,2026-05-15 11:04:41+00:00,SRV_0161,normal,unknown,unknown,XGBoost ML Classifier
95996dc0-30d6-4bbd-8ac3-5515f0272a56,2026-05-15 11:06:11+00:00,USR_0761,impossible_travel,impossible_travel,impossible_travel,Rule Override: geo_velocity_kmh > 900 km/h AND geo_distance > 500 km
5ac0875e-df6e-441c-a35a-834899f2aaf2,2026-05-15 11:08:19+00:00,USR_0424,impossible_travel,impossible_travel,impossible_travel,Rule Override: geo_velocity_kmh > 900 km/h AND geo_distance > 500 km
062ff940-5cdf-41d4-8009-d73ed8a6056a,2026-05-15 11:15:46+00:00,USR_0167,impossible_travel,impossible_travel,impossible_travel,Rule Override: geo_velocity_kmh > 900 km/h AND geo_distance > 500 km
6504ceda-bd01-4c88-8f98-f58fb3c0868e,2026-05-15 11:43:35+00:00,SRV_0079,normal,unknown,unknown,XGBoost ML Classifier
0271cb4e-3954-459a-b084-922cc333120d,2026-05-15 11:44:33+00:00,DEV_0876,normal,unknown,unknown,XGBoost ML Classifier
f7866513-5cd1-482e-925a-d4cafcf086c6,2026-05-15 11:48:26+00:00,USR_0160,impossible_travel,impossible_travel,impossible_travel,Rule Override: geo_velocity_kmh > 900 km/h AND geo_distance > 500 km
7f99d269-c6a8-4bf4-a144-6b697646eb0c,2026-05-15 12:07:40+00:00,DEV_0279,normal,unknown,unknown,XGBoost ML Classifier
19e99cd1-4523-4f70-8376-17854438b408,2026-05-15 12:20:46+00:00,USR_0634,impossible_travel,impossible_travel,impossible_travel,Rule Override: geo_velocity_kmh > 900 km/h AND geo_distance > 500 km
6c081b55-eb30-4fdf-9939-fe835d717fd2,2026-05-15 13:29:26+00:00,USR_0575,impossible_travel,impossible_travel,impossible_travel,Rule Override: geo_velocity_kmh > 900 km/h AND geo_distance > 500 km
81359924-cfc7-42b6-9878-fe96aa6c1e56,2026-05-15 13:29:54+00:00,SRV_0209,normal,unknown,unknown,XGBoost ML Classifier
09212fab-5b12-4ba7-92a9-1ca32bc43b32,2026-05-15 13:31:28+00:00,USR_0200,impossible_travel,impossible_travel,impossible_travel,Rule Override: geo_velocity_kmh > 900 km/h AND geo_distance > 500 km
c6dda701-2b6d-49e1-9f15-71e7362bd6de,2026-05-15 13:32:17+00:00,DEV_0787,normal,unknown,unknown,XGBoost ML Classifier
5a613200-1ef8-4aac-96ee-04e9b76758e9,2026-05-15 13:34:45+00:00,USR_0888,impossible_travel,impossible_travel,impossible_travel,Rule Override: geo_velocity_kmh > 900 km/h AND geo_distance > 500 km
2b4e2b96-00a5-40fb-8c19-3b3918fad913,2026-05-15 14:25:20+00:00,DEV_0788,normal,unknown,unknown,XGBoost ML Classifier
326042d6-14ab-403f-8aad-714a771310ff,2026-05-15 14:47:07+00:00,SRV_0018,normal,unknown,unknown,XGBoost ML Classifier
1baf5fdb-9afe-45a7-b024-619af2ccbca0,2026-05-15 15:23:16+00:00,SRV_0823,normal,unknown,unknown,XGBoost ML Classifier
8971e807-99e5-448e-a708-710a391cb4f3,2026-05-15 15:41:13+00:00,DEV_0877,normal,unknown,unknown,XGBoost ML Classifier
0e35fd11-3998-461d-b7ce-e46229c251b4,2026-05-15 15:51:18+00:00,USR_0852,impossible_travel,impossible_travel,impossible_travel,Rule Override: geo_velocity_kmh > 900 km/h AND geo_distance > 500 km
b78c21c7-7a82-4d0f-889f-017c6338e5ce,2026-05-15 15:55:54+00:00,USR_0852,impossible_travel,impossible_travel,impossible_travel,Rule Override: geo_velocity_kmh > 900 km/h AND geo_distance > 500 km
665b806f-5a32-4816-84d0-ede973b75b9c,2026-05-15 16:11:52+00:00,USR_0445,normal,unknown,unknown,XGBoost ML Classifier
5d6f128c-a66a-4062-b99e-2caac1de9123,2026-05-15 16:14:44+00:00,DEV_0371,normal,unknown,unknown,XGBoost ML Classifier
1c3f6563-77ef-42bc-975f-dd736086c7de,2026-05-15 16:22:40+00:00,DEV_0664,normal,unknown,unknown,XGBoost ML Classifier
ff485197-c37e-47ce-8036-cd0a7c43ea87,2026-05-15 16:24:51+00:00,SRV_0670,normal,unknown,unknown,XGBoost ML Classifier
f65e1409-834d-4d08-9686-9e0c9c5818cb,2026-05-15 17:01:13+00:00,USR_0990,impossible_travel,impossible_travel,impossible_travel,Rule Override: geo_velocity_kmh > 900 km/h AND geo_distance > 500 km
42d56b70-d8f5-439c-b910-27205b8adf18,2026-05-15 17:17:01+00:00,USR_0917,impossible_travel,impossible_travel,impossible_travel,Rule Override: geo_velocity_kmh > 900 km/h AND geo_distance > 500 km
4bd4d91a-eaaa-4873-b186-a9dc19c322a3,2026-05-15 17:43:15+00:00,USR_0990,impossible_travel,impossible_travel,impossible_travel,Rule Override: geo_velocity_kmh > 900 km/h AND geo_distance > 500 km
d59f534d-1954-4599-a43b-c1b8ac99b1a5,2026-05-15 17:50:06+00:00,DEV_0290,normal,unknown,unknown,XGBoost ML Classifier
3c3cdb1d-7838-465d-b9a5-5e8eab1f6fbe,2026-05-15 17:58:02+00:00,USR_0687,insider_drift,insider_drift,insider_drift,XGBoost ML Classifier
ec046447-e72a-4962-9204-6fba9dfb2f09,2026-05-15 17:58:53.402677+00:00,SRV_0293,lateral_movement,lateral_movement,lateral_movement,XGBoost ML Classifier
73302c0c-9757-45d8-bf3b-f7bc6a0ba12a,2026-05-15 18:27:07+00:00,DEV_0593,normal,unknown,unknown,XGBoost ML Classifier
a74fe12f-6fa3-41d9-a0c6-7501aa8286e4,2026-05-15 19:19:19+00:00,SRV_0202,normal,unknown,unknown,XGBoost ML Classifier
6d801242-3297-4715-a1a5-d6744962f71d,2026-05-15 19:37:33+00:00,USR_0463,normal,unknown,unknown,XGBoost ML Classifier
7601e75b-deba-4c8e-8ef8-116f36273a59,2026-05-15 20:46:12+00:00,SRV_0228,normal,unknown,unknown,XGBoost ML Classifier
096b7dfd-2fa0-49db-ac13-9ceff465a7cc,2026-05-15 21:39:42+00:00,USR_0077,normal,unknown,unknown,XGBoost ML Classifier
62433bee-afc5-44fc-80f5-5ed3358400f7,2026-05-15 22:01:30+00:00,USR_0068,normal,unknown,lateral_movement,XGBoost ML Classifier
8a43eb2d-de23-456a-8ba4-d8b1ebe968e8,2026-05-15 22:45:48+00:00,DEV_0873,normal,unknown,unknown,XGBoost ML Classifier
77e8809e-a17c-404a-bc0b-a34da0b92ac3,2026-05-15 23:28:31+00:00,USR_0330,normal,unknown,unknown,XGBoost ML Classifier
1a95367d-827c-4093-9fa1-c725138ea54f,2026-05-15 23:48:37+00:00,USR_0217,device_spoofing,device_spoofing,device_spoofing,XGBoost ML Classifier
91e27848-3866-436a-9b5a-a2f90b32c65f,2026-05-15 23:49:37+00:00,USR_0217,device_spoofing,device_spoofing,device_spoofing,XGBoost ML Classifier
814c1f7d-6ea5-4b3f-a82c-860fe2e3e179,2026-05-15 23:59:24+00:00,DEV_0237,normal,unknown,unknown,XGBoost ML Classifier
f9448343-2e56-4726-88ae-599dbcf7c581,2026-05-15 23:59:24+00:00,SRV_0348,normal,unknown,unknown,XGBoost ML Classifier
f25780ec-c799-4389-b5e3-98128168f6f1,2026-05-15 23:59:24+00:00,SRV_0621,normal,unknown,unknown,XGBoost ML Classifier
79988c0e-1a5c-4bde-936d-bfac080d8176,2026-05-16 00:13:00+00:00,DEV_0849,impossible_travel,impossible_travel,impossible_travel,Rule Override: geo_velocity_kmh > 900 km/h AND geo_distance > 500 km
371cae70-8417-4592-86dc-6cfba5475f30,2026-05-16 00:14:24+00:00,SRV_0192,impossible_travel,impossible_travel,impossible_travel,Rule Override: geo_velocity_kmh > 900 km/h AND geo_distance > 500 km
e3c83335-1361-4e23-b3be-6a4b307891d3,2026-05-16 01:03:25+00:00,USR_0411,low_slow_exfil,low_slow_exfil,low_slow_exfil,XGBoost ML Classifier
694525b2-8481-49b5-ab73-3f79350cfdcd,2026-05-16 01:07:52+00:00,USR_0206,low_slow_exfil,low_slow_exfil,low_slow_exfil,XGBoost ML Classifier
1b4dcc07-ab13-4f4a-8a97-f348a35c6e11,2026-05-16 01:14:05+00:00,USR_0793,low_slow_exfil,low_slow_exfil,low_slow_exfil,XGBoost ML Classifier
0e2e18b2-3a18-4ea0-8d43-1a687de38de6,2026-05-16 01:20:56+00:00,USR_0364,low_slow_exfil,low_slow_exfil,low_slow_exfil,XGBoost ML Classifier
1f0c09f9-bec8-4208-acb5-751082cabac4,2026-05-16 01:32:53.711740+00:00,DEV_0174,lateral_movement,lateral_movement,low_slow_exfil,XGBoost ML Classifier
7ba7a7b3-2f72-49bd-963b-4f6d5fe5c4aa,2026-05-16 01:33:14.715989+00:00,DEV_0174,lateral_movement,lateral_movement,low_slow_exfil,XGBoost ML Classifier
d3dc6356-4242-416b-9ee0-52475cc94991,2026-05-16 01:35:49.151690+00:00,DEV_0174,lateral_movement,lateral_movement,lateral_movement,XGBoost ML Classifier
49a3e91b-ace9-4c5b-a1b9-42a4f5d87733,2026-05-16 01:57:57+00:00,SRV_0591,normal,unknown,unknown,XGBoost ML Classifier
6896da60-3e48-4586-8590-22135946cd90,2026-05-16 02:07:01+00:00,USR_0949,low_slow_exfil,low_slow_exfil,low_slow_exfil,XGBoost ML Classifier
7b1183f4-5c65-4164-aeec-adf256630342,2026-05-16 02:11:01+00:00,USR_0331,low_slow_exfil,low_slow_exfil,low_slow_exfil,XGBoost ML Classifier
beaed0ae-3fb3-4cba-95e9-985d5c882938,2026-05-16 02:50:52+00:00,USR_0386,low_slow_exfil,low_slow_exfil,low_slow_exfil,XGBoost ML Classifier
06683d01-1f3c-4249-b3f8-a9174bca56e5,2026-05-16 02:52:31+00:00,DEV_0444,device_spoofing,device_spoofing,device_spoofing,XGBoost ML Classifier
2fc53349-37c8-48db-9257-5e7cf89ff66f,2026-05-16 02:54:21+00:00,SRV_0404,normal,unknown,unknown,XGBoost ML Classifier
d2421653-c8e6-4f74-b8e8-f70f2cf7fc88,2026-05-16 03:05:00+00:00,SRV_0919,normal,unknown,unknown,XGBoost ML Classifier
f83cef23-0f30-4179-9b1f-a1d7b7592473,2026-05-16 03:05:14+00:00,DEV_0212,normal,unknown,unknown,XGBoost ML Classifier
8e1a5848-1b3f-40ac-97c2-f8d57d122108,2026-05-16 03:06:48+00:00,DEV_0632,normal,unknown,unknown,XGBoost ML Classifier
0b3867ed-80b1-4515-acd2-8762b81d63bc,2026-05-16 03:27:57+00:00,USR_0172,low_slow_exfil,low_slow_exfil,low_slow_exfil,XGBoost ML Classifier
afbde329-4065-4ec4-a679-60f890f0b33a,2026-05-16 03:37:22+00:00,SRV_0004,normal,unknown,unknown,XGBoost ML Classifier
2ec8466f-6e2d-4971-a7e5-31bf71b5bd60,2026-05-16 03:41:00+00:00,USR_0364,low_slow_exfil,low_slow_exfil,low_slow_exfil,XGBoost ML Classifier
116ff754-a3d9-41b4-b56c-36c35f95732c,2026-05-16 03:47:37+00:00,SRV_0001,normal,unknown,unknown,XGBoost ML Classifier
c688e795-5542-40aa-a6bd-f9a96abda6f6,2026-05-16 03:48:43+00:00,SRV_0506,normal,unknown,unknown,XGBoost ML Classifier
417c56a2-15b2-4dcf-8622-abbd14bb9de5,2026-05-16 03:49:33+00:00,USR_0331,low_slow_exfil,low_slow_exfil,low_slow_exfil,XGBoost ML Classifier
e3c0da8a-c3e4-495c-b871-63469e7e62c4,2026-05-16 03:57:36+00:00,USR_0206,low_slow_exfil,low_slow_exfil,low_slow_exfil,XGBoost ML Classifier
bc9009f5-b938-44ef-aff8-c13f3ae089a7,2026-05-16 04:16:35+00:00,DEV_0429,normal,unknown,unknown,XGBoost ML Classifier
e0e8f837-5eab-414c-b13f-95e2ebd2a900,2026-05-16 04:51:55+00:00,SRV_0058,impossible_travel,impossible_travel,impossible_travel,Rule Override: geo_velocity_kmh > 900 km/h AND geo_distance > 500 km
56c7e875-e807-40a1-b299-2d643a526c24,2026-05-16 05:00:19+00:00,SRV_0733,normal,unknown,unknown,XGBoost ML Classifier
2a1ed813-6428-4b1e-a5ba-8924eea8cb27,2026-05-16 05:41:43+00:00,USR_0072,normal,unknown,unknown,XGBoost ML Classifier
f29ab3d6-e999-4d35-b143-ea2fe3d748ee,2026-05-16 06:16:52+00:00,SRV_0078,normal,unknown,unknown,XGBoost ML Classifier
669369f8-9fae-49d7-b7e8-f2e7fad94e57,2026-05-16 06:27:48+00:00,DEV_0685,normal,unknown,unknown,XGBoost ML Classifier
f40f72e5-bac9-4cd0-b65c-9b9965f05f99,2026-05-16 06:48:33+00:00,SRV_0086,impossible_travel,impossible_travel,impossible_travel,Rule Override: geo_velocity_kmh > 900 km/h AND geo_distance > 500 km
f6103d8d-1c59-44ef-b310-240e0a1409ea,2026-05-16 07:05:17+00:00,DEV_0799,normal,unknown,unknown,XGBoost ML Classifier
93bcff64-5f2f-439d-aa55-159842b8a03e,2026-05-16 07:15:39+00:00,DEV_0177,normal,unknown,unknown,XGBoost ML Classifier
c05251fe-2701-41e7-b3e0-037a72d10755,2026-05-16 07:17:13+00:00,DEV_0707,impossible_travel,impossible_travel,impossible_travel,Rule Override: geo_velocity_kmh > 900 km/h AND geo_distance > 500 km
386d1e9a-073c-46ca-bf5a-6afb76ee75e9,2026-05-16 07:38:46+00:00,SRV_0348,normal,unknown,unknown,XGBoost ML Classifier
4e2788c5-5131-492a-a7d7-5d3825c921e0,2026-05-16 07:48:31+00:00,DEV_0543,normal,unknown,unknown,XGBoost ML Classifier
591c556f-db85-47f7-abbe-1ac798c7102f,2026-05-16 08:11:28+00:00,SRV_0458,normal,unknown,unknown,XGBoost ML Classifier
bad03c64-5512-4652-ac80-54816f038e7e,2026-05-16 08:16:04+00:00,DEV_0873,normal,unknown,unknown,XGBoost ML Classifier
bde8f951-4a75-4011-9c90-7e01d5943390,2026-05-16 08:21:40+00:00,DEV_0788,normal,unknown,unknown,XGBoost ML Classifier
00122a42-66b9-43da-be15-51da86e02529,2026-05-16 08:24:59+00:00,DEV_0279,normal,unknown,unknown,XGBoost ML Classifier
5828c283-ff73-4ebf-811d-223f515acc2b,2026-05-16 08:32:05+00:00,DEV_0326,normal,unknown,unknown,XGBoost ML Classifier
bd3f512a-d216-4042-b157-2bc1dcc561ba,2026-05-16 08:46:21+00:00,DEV_0164,normal,unknown,unknown,XGBoost ML Classifier
a789b5a3-0e72-4839-b442-3c4eda549505,2026-05-16 09:01:15+00:00,DEV_0233,normal,unknown,unknown,XGBoost ML Classifier
2b1aa34f-3e5a-407d-b466-99b5e19242b4,2026-05-16 09:07:20+00:00,DEV_0947,normal,unknown,unknown,XGBoost ML Classifier
e21bb1c2-410e-4a7c-a10f-20f0ad0571a9,2026-05-16 09:22:30+00:00,USR_0786,impossible_travel,impossible_travel,impossible_travel,Rule Override: geo_velocity_kmh > 900 km/h AND geo_distance > 500 km
10fcfffc-52b7-4aa4-af28-3a0f9a3e31c2,2026-05-16 09:25:30+00:00,SRV_0004,impossible_travel,impossible_travel,impossible_travel,Rule Override: geo_velocity_kmh > 900 km/h AND geo_distance > 500 km
c23be4ac-5af0-4c9b-b760-eb534fce60f7,2026-05-16 09:32:26+00:00,DEV_0862,normal,unknown,unknown,XGBoost ML Classifier
d9cc2050-5803-4a1d-bc37-fbc4d6553518,2026-05-16 10:00:55+00:00,USR_0187,impossible_travel,impossible_travel,impossible_travel,Rule Override: geo_velocity_kmh > 900 km/h AND geo_distance > 500 km
91dc8577-f4ea-4f4d-9cff-6bd352bad9b6,2026-05-16 10:11:13+00:00,SRV_0058,normal,unknown,unknown,XGBoost ML Classifier
bdfbd1c9-5bac-44e1-b381-b6adfdd0012d,2026-05-16 10:32:49+00:00,DEV_0632,normal,unknown,unknown,XGBoost ML Classifier
b384dc8a-8836-4da4-ae34-aac88d66da70,2026-05-16 11:01:23+00:00,DEV_0420,normal,unknown,unknown,XGBoost ML Classifier
21287a8e-6350-462a-82f6-112b230270e4,2026-05-16 11:03:34+00:00,DEV_0245,normal,unknown,unknown,XGBoost ML Classifier
1f495c6e-5df4-47d8-84f1-849d77e1da40,2026-05-16 11:09:39+00:00,DEV_0199,impossible_travel,impossible_travel,impossible_travel,Rule Override: geo_velocity_kmh > 900 km/h AND geo_distance > 500 km
9ad8c30a-0d67-4ca2-96f3-16542b489be8,2026-05-16 11:13:57+00:00,DEV_0067,impossible_travel,impossible_travel,impossible_travel,Rule Override: geo_velocity_kmh > 900 km/h AND geo_distance > 500 km
55d637b7-ca07-4731-a803-1aa7c452bd56,2026-05-16 11:47:20+00:00,DEV_0420,normal,unknown,unknown,XGBoost ML Classifier
2243ff3e-bbc8-4f0f-b8e1-44153248aed6,2026-05-16 12:42:57+00:00,SRV_0348,impossible_travel,impossible_travel,impossible_travel,Rule Override: geo_velocity_kmh > 900 km/h AND geo_distance > 500 km
8d944931-9477-44b2-a257-64062d36802b,2026-05-16 12:50:40+00:00,DEV_0877,normal,unknown,unknown,XGBoost ML Classifier
b5b19227-5ec8-4e49-90af-3263125a6ff1,2026-05-16 12:51:13+00:00,SRV_0209,normal,unknown,unknown,XGBoost ML Classifier
35959b6b-1468-46a1-964d-1be462029b2f,2026-05-16 13:51:04+00:00,DEV_0876,normal,unknown,unknown,XGBoost ML Classifier
01fd107b-b77d-4b73-8f7d-b55d3da2fcec,2026-05-16 14:03:57+00:00,DEV_0593,normal,unknown,unknown,XGBoost ML Classifier
ef555675-38eb-4b74-8fe6-2539c2f159f8,2026-05-16 14:11:27+00:00,SRV_0970,normal,unknown,unknown,XGBoost ML Classifier
23b57277-d694-4b76-9df8-851bd3f2c35b,2026-05-16 14:17:42+00:00,SRV_0079,normal,unknown,unknown,XGBoost ML Classifier
d69a5f84-5688-42b0-bac0-31e417a323ea,2026-05-16 14:50:03+00:00,SRV_0709,normal,unknown,unknown,XGBoost ML Classifier
0a0a9659-ca6b-49d4-a16e-0a0b2497ff57,2026-05-16 15:20:00+00:00,DEV_0233,normal,unknown,unknown,XGBoost ML Classifier
c2442251-77e1-4eb1-941b-b7859f8ef357,2026-05-16 16:44:40+00:00,SRV_0818,normal,unknown,unknown,XGBoost ML Classifier
c285d992-b095-40ca-99f3-e5990a70b480,2026-05-16 17:07:36+00:00,USR_0400,device_spoofing,device_spoofing,device_spoofing,XGBoost ML Classifier
481169c8-c18a-4326-a730-761122ffde6f,2026-05-16 17:47:21+00:00,DEV_0703,normal,unknown,unknown,XGBoost ML Classifier
c4f802f7-6509-4fca-ba4d-2ce85b4fd8d4,2026-05-16 18:11:51+00:00,SRV_0566,normal,unknown,unknown,XGBoost ML Classifier
c7ccfcb6-c39c-401f-b81c-ceb4829b748e,2026-05-16 18:38:57+00:00,DEV_0932,normal,unknown,unknown,XGBoost ML Classifier
30a99661-f0b3-47cb-8941-081b3d8a7960,2026-05-16 18:50:05+00:00,SRV_0086,normal,unknown,unknown,XGBoost ML Classifier
b9e9ce3a-36d9-4980-b5ff-4d9315ddea5b,2026-05-16 19:17:15+00:00,SRV_0595,impossible_travel,impossible_travel,impossible_travel,Rule Override: geo_velocity_kmh > 900 km/h AND geo_distance > 500 km
af8281fd-7016-4160-bd62-10ee85bb73a7,2026-05-16 19:24:30+00:00,DEV_0799,normal,unknown,unknown,XGBoost ML Classifier
47ca5c6b-6ad0-4437-92e7-9a5459835f9c,2026-05-16 19:41:04+00:00,SRV_0001,normal,unknown,unknown,XGBoost ML Classifier
2be007de-fd11-4134-9657-6a870f3ef8c1,2026-05-16 19:48:03+00:00,DEV_0711,normal,unknown,unknown,XGBoost ML Classifier
f0fe2b9a-9e1f-4f31-a2f2-53fac60efcc3,2026-05-16 19:58:48+00:00,SRV_0122,impossible_travel,impossible_travel,impossible_travel,Rule Override: geo_velocity_kmh > 900 km/h AND geo_distance > 500 km
d8937a74-0788-409f-8173-ea3242c730c6,2026-05-16 20:47:43+00:00,DEV_0420,normal,unknown,unknown,XGBoost ML Classifier
5fec82b2-857b-48d8-b33d-c5cc600b933a,2026-05-16 21:08:42+00:00,SRV_0128,normal,unknown,unknown,XGBoost ML Classifier
004d80f7-81d8-4a43-b012-eea7882b7c4a,2026-05-16 21:23:20+00:00,DEV_0163,normal,unknown,unknown,XGBoost ML Classifier
16458810-f42a-4102-824f-8f7dc0e0bf18,2026-05-16 21:28:28+00:00,SRV_0709,normal,unknown,unknown,XGBoost ML Classifier
bea1caca-4212-4dbc-851f-cdc469e5b45a,2026-05-16 21:57:14+00:00,DEV_0593,normal,unknown,unknown,XGBoost ML Classifier
1cdbe77e-b11f-49b4-afe8-e058abdfa216,2026-05-16 22:19:50+00:00,SRV_0670,normal,unknown,unknown,XGBoost ML Classifier
811a4d7a-3263-4735-840b-1738dbfcbe00,2026-05-16 22:43:37+00:00,DEV_0237,normal,unknown,unknown,XGBoost ML Classifier
8fd0fd93-61c3-44dc-889e-17f95f2e5132,2026-05-16 23:59:24+00:00,DEV_0862,normal,unknown,unknown,XGBoost ML Classifier
5257d2aa-f79b-4431-8581-96a96d3af392,2026-05-16 23:59:24+00:00,DEV_0279,normal,unknown,unknown,XGBoost ML Classifier
faca08aa-b02b-4d9a-9b6a-b7ae37838d4f,2026-05-16 23:59:24+00:00,SRV_0702,normal,unknown,unknown,XGBoost ML Classifier
3cd14c3c-f1de-4d13-b67d-35bd678411be,2026-05-16 23:59:27.357000+00:00,DEV_0416,normal,unknown,unknown,XGBoost ML Classifier
0df804fb-677b-4b8a-a20d-f820b863195f,2026-05-16 23:59:28.397000+00:00,DEV_0664,normal,unknown,unknown,XGBoost ML Classifier
329b282b-1cc3-412e-9184-742927260b1c,2026-05-17 00:00:02.983000+00:00,SRV_0729,normal,unknown,unknown,XGBoost ML Classifier
c747a716-ac60-4a4f-a788-84611bbc7245,2026-05-17 00:11:00+00:00,DEV_0425,impossible_travel,impossible_travel,impossible_travel,Rule Override: geo_velocity_kmh > 900 km/h AND geo_distance > 500 km
27f2d8a3-721c-4e48-8f6d-784864928aaf,2026-05-17 01:13:26+00:00,USR_0331,low_slow_exfil,low_slow_exfil,low_slow_exfil,XGBoost ML Classifier
34f24b6e-27d5-4ea3-94ec-42e42922773a,2026-05-17 01:20:29+00:00,USR_0331,low_slow_exfil,low_slow_exfil,low_slow_exfil,XGBoost ML Classifier
f7062364-772d-4ddf-b26b-d65361ed6736,2026-05-17 01:38:27+00:00,USR_0351,low_slow_exfil,low_slow_exfil,low_slow_exfil,XGBoost ML Classifier
964a73ce-9b43-4fde-922b-8a4b764ffbae,2026-05-17 01:38:39+00:00,USR_0411,low_slow_exfil,low_slow_exfil,low_slow_exfil,XGBoost ML Classifier
1b54b87b-51fe-47db-b5b3-ac42615f8e7d,2026-05-17 01:46:02+00:00,USR_0364,low_slow_exfil,low_slow_exfil,low_slow_exfil,XGBoost ML Classifier
c5f98004-f220-4016-8514-74cc33260a7f,2026-05-17 01:51:14+00:00,DEV_0383,normal,unknown,unknown,XGBoost ML Classifier
9f04d9fb-b1a7-4433-8c51-907ff58f3d2c,2026-05-17 01:59:00+00:00,USR_0206,low_slow_exfil,low_slow_exfil,low_slow_exfil,XGBoost ML Classifier
ee386362-c0d5-4244-9a3b-abc9856db018,2026-05-17 02:01:12+00:00,USR_0364,low_slow_exfil,low_slow_exfil,low_slow_exfil,XGBoost ML Classifier
3a9af42f-2962-4eb0-963d-76de643bde87,2026-05-17 02:02:15+00:00,USR_0206,low_slow_exfil,low_slow_exfil,low_slow_exfil,XGBoost ML Classifier
cdc3de91-abcf-4ac7-97e4-3ce97e0628eb,2026-05-17 02:06:53+00:00,USR_0331,low_slow_exfil,low_slow_exfil,low_slow_exfil,XGBoost ML Classifier
c4acde80-e46f-43a9-b73f-91b03652a5b5,2026-05-17 02:15:32+00:00,USR_0364,low_slow_exfil,low_slow_exfil,low_slow_exfil,XGBoost ML Classifier
e3cc1ec8-dd43-4b2b-a924-a3215c3addf4,2026-05-17 02:22:07+00:00,USR_0793,low_slow_exfil,low_slow_exfil,low_slow_exfil,XGBoost ML Classifier
a5626937-7310-4393-8823-e0f1acf6bd89,2026-05-17 02:25:26+00:00,DEV_0245,normal,unknown,unknown,XGBoost ML Classifier
b92af4bc-fd85-4fee-8d71-aa9b9d6a5a44,2026-05-17 02:36:32+00:00,DEV_0787,normal,unknown,unknown,XGBoost ML Classifier
fe6ec813-04fd-4102-a99c-231a6c9a7e56,2026-05-17 02:44:33+00:00,USR_0172,low_slow_exfil,low_slow_exfil,low_slow_exfil,XGBoost ML Classifier
33c1a8a9-252a-4922-af10-c52d74a090a4,2026-05-17 02:57:01+00:00,USR_0351,low_slow_exfil,low_slow_exfil,low_slow_exfil,XGBoost ML Classifier
6c4f2249-41e6-4ef8-9ce3-62d250e03a48,2026-05-17 03:07:04+00:00,USR_0411,low_slow_exfil,low_slow_exfil,low_slow_exfil,XGBoost ML Classifier
a9ad6759-ca5a-438d-94af-ccde3dcf274a,2026-05-17 03:09:23+00:00,USR_0331,low_slow_exfil,low_slow_exfil,low_slow_exfil,XGBoost ML Classifier
c4bed225-b3db-4635-9881-41534c10e9fd,2026-05-17 03:09:45+00:00,DEV_0326,normal,unknown,unknown,XGBoost ML Classifier
961c212a-22d5-45c7-b5f6-46ea954a827c,2026-05-17 03:15:45+00:00,USR_0386,low_slow_exfil,low_slow_exfil,low_slow_exfil,XGBoost ML Classifier
e43b911a-5ba7-4649-8da2-52a3131ecb62,2026-05-17 03:34:05+00:00,USR_0351,low_slow_exfil,low_slow_exfil,low_slow_exfil,XGBoost ML Classifier
1a9ddbde-f0a5-4b8c-83f3-95b4dd1575d5,2026-05-17 03:47:01+00:00,USR_0793,low_slow_exfil,low_slow_exfil,low_slow_exfil,XGBoost ML Classifier
df52f7cc-5ff2-4ad0-8eba-dde5548b568f,2026-05-17 03:49:06+00:00,SRV_0570,normal,unknown,unknown,XGBoost ML Classifier
e0433b5d-1e83-4a22-8e6a-af84fe718bfb,2026-05-17 03:53:16+00:00,SRV_0202,normal,unknown,unknown,XGBoost ML Classifier
5ba8cb9c-a521-435f-ab17-39d2d89db3a6,2026-05-17 04:23:47+00:00,DEV_0248,normal,unknown,unknown,XGBoost ML Classifier
7d2f3ddd-f271-494e-9947-7315f74a1ab7,2026-05-17 06:42:13+00:00,DEV_0951,normal,unknown,unknown,XGBoost ML Classifier
8984239d-7536-46fd-9c8f-798d172c4e4a,2026-05-17 06:54:26+00:00,DEV_0850,normal,unknown,unknown,XGBoost ML Classifier
58db3c23-3474-401b-8efa-cd4cae59f0d2,2026-05-17 07:39:38+00:00,DEV_0144,normal,unknown,unknown,XGBoost ML Classifier
c450fb13-56f3-48da-88e6-397cb5a17898,2026-05-17 08:41:18+00:00,DEV_0177,normal,unknown,unknown,XGBoost ML Classifier
5bf521b2-4ab3-42f6-a27a-82fc5545a36b,2026-05-17 08:45:33+00:00,DEV_0799,impossible_travel,impossible_travel,impossible_travel,Rule Override: geo_velocity_kmh > 900 km/h AND geo_distance > 500 km
ef2b26da-733f-4baf-b3ab-2c57fbe0a7a1,2026-05-17 08:51:21+00:00,SRV_0086,normal,unknown,unknown,XGBoost ML Classifier
4bfc1665-b05f-466a-b1f3-d24bb882d446,2026-05-17 09:20:17+00:00,SRV_0570,normal,unknown,unknown,XGBoost ML Classifier
10290d2a-2116-43aa-80fe-b831660241a7,2026-05-17 09:51:32+00:00,SRV_0058,normal,unknown,unknown,XGBoost ML Classifier
991d9e3f-9ba2-476f-831c-97c809d11163,2026-05-17 10:51:03+00:00,DEV_0799,normal,unknown,impossible_travel,Rule Override: geo_velocity_kmh > 900 km/h AND geo_distance > 500 km
0349ca57-d2a6-47ac-8490-c2e82f59ecc7,2026-05-17 11:59:04+00:00,SRV_0898,normal,unknown,unknown,XGBoost ML Classifier
e03b2ffd-d2ed-497e-a7ca-0a7a3e611b8d,2026-05-17 12:04:11+00:00,SRV_0697,normal,unknown,unknown,XGBoost ML Classifier
a0785131-0b32-4af8-9998-5554037980de,2026-05-17 12:40:54+00:00,DEV_0664,normal,unknown,unknown,XGBoost ML Classifier
28d023cb-cb8b-401a-a9b2-a8e68e56d008,2026-05-17 12:52:50+00:00,DEV_0862,normal,unknown,unknown,XGBoost ML Classifier
c4b1a372-5401-4acf-bd6b-fc7110fe67ac,2026-05-17 13:46:51+00:00,USR_0037,impossible_travel,impossible_travel,impossible_travel,Rule Override: geo_velocity_kmh > 900 km/h AND geo_distance > 500 km
314ad816-c723-4539-afb3-5bedb7780b6a,2026-05-17 14:00:25+00:00,SRV_0798,normal,unknown,unknown,XGBoost ML Classifier
a7a86d52-eae3-45e9-8657-5e8a395db7cb,2026-05-17 14:20:33+00:00,DEV_0437,normal,unknown,unknown,XGBoost ML Classifier
c3649fcb-7892-49ad-b966-7ee5c9bae49f,2026-05-17 14:38:57+00:00,SRV_0078,normal,unknown,unknown,XGBoost ML Classifier
fb365cbe-fb4f-45b4-83a3-96a7d242b285,2026-05-17 14:45:00+00:00,SRV_0162,normal,unknown,unknown,XGBoost ML Classifier
bf77736c-19a3-4e58-b89b-be60f66ac657,2026-05-17 14:56:33+00:00,SRV_0818,normal,unknown,unknown,XGBoost ML Classifier
6a1e5d03-1045-486b-b307-627daa6a02c3,2026-05-17 16:19:11+00:00,SRV_0988,impossible_travel,impossible_travel,impossible_travel,Rule Override: geo_velocity_kmh > 900 km/h AND geo_distance > 500 km
a8e8daa5-4c16-49ef-b611-ce013562af59,2026-05-17 16:22:07+00:00,SRV_0743,normal,unknown,unknown,XGBoost ML Classifier
4e65dd21-0807-4635-acda-cc8327b806ab,2026-05-17 16:44:18+00:00,SRV_0923,normal,unknown,unknown,XGBoost ML Classifier
2a82ec35-f3e0-4824-96d2-211f6baeb34a,2026-05-17 16:54:21+00:00,USR_0567,insider_drift,insider_drift,insider_drift,XGBoost ML Classifier
97b8b8d6-a467-430c-82cc-525b17815a25,2026-05-17 17:10:18+00:00,SRV_0898,device_spoofing,device_spoofing,device_spoofing,XGBoost ML Classifier
fb03ed84-cc45-4957-afc0-cc035427846a,2026-05-17 17:41:38+00:00,SRV_0541,normal,unknown,unknown,XGBoost ML Classifier
9500ca9f-6efb-414e-b96d-1118412a407f,2026-05-17 17:55:47+00:00,SRV_0079,normal,unknown,unknown,XGBoost ML Classifier
2846d841-ab22-44c6-8617-89327b405132,2026-05-17 18:22:46+00:00,DEV_0429,normal,unknown,unknown,XGBoost ML Classifier
66754d11-f4f0-4a98-b2aa-36a5d8666320,2026-05-17 20:00:11+00:00,DEV_0534,normal,unknown,unknown,XGBoost ML Classifier
194d5a3b-a8cd-41f9-8da3-c407fbd70424,2026-05-17 20:33:44+00:00,SRV_0129,normal,unknown,unknown,XGBoost ML Classifier
ef2d7e01-74a7-41c8-9f0d-9281e492ef5e,2026-05-17 20:34:41+00:00,SRV_0348,normal,unknown,unknown,XGBoost ML Classifier
96095549-9160-4282-8d8f-67352da2637b,2026-05-17 20:44:56+00:00,SRV_0670,normal,unknown,unknown,XGBoost ML Classifier
8362e4d0-ced0-46c9-93d1-f604fda4bb1a,2026-05-17 20:55:04+00:00,DEV_0343,impossible_travel,impossible_travel,impossible_travel,Rule Override: geo_velocity_kmh > 900 km/h AND geo_distance > 500 km
a092e957-82e1-4f95-b704-0261fa775246,2026-05-17 21:58:38+00:00,SRV_0777,impossible_travel,impossible_travel,impossible_travel,Rule Override: geo_velocity_kmh > 900 km/h AND geo_distance > 500 km
11cc8f46-3e6c-49b2-890a-8a3930600f39,2026-05-17 22:10:29+00:00,SRV_0293,normal,unknown,unknown,XGBoost ML Classifier
4683086b-ca0a-4931-abeb-4f4f3f4452f3,2026-05-17 23:32:32+00:00,SRV_0283,normal,unknown,unknown,XGBoost ML Classifier
8a4b0854-1758-4a16-89a2-5cc41353c43b,2026-05-17 23:54:19+00:00,DEV_0768,impossible_travel,impossible_travel,impossible_travel,Rule Override: geo_velocity_kmh > 900 km/h AND geo_distance > 500 km
1853f892-de75-45cc-a746-0942f0fa940c,2026-05-17 23:59:24+00:00,DEV_0534,normal,unknown,unknown,XGBoost ML Classifier
8e6a8db0-9884-420d-a797-456e40616c21,2026-05-17 23:59:25.027000+00:00,DEV_0420,normal,unknown,unknown,XGBoost ML Classifier
2b8fa9bc-3a28-46f8-814e-69f356896bdb,2026-05-18 00:00:04.589000+00:00,DEV_0265,normal,unknown,unknown,XGBoost ML Classifier
8f4fece1-3205-4cb4-8ed7-a02bbfe337a1,2026-05-18 00:06:00+00:00,DEV_0837,impossible_travel,impossible_travel,impossible_travel,Rule Override: geo_velocity_kmh > 900 km/h AND geo_distance > 500 km
ffd6bf9f-4f14-471e-8fa4-029e04dd8b4e,2026-05-18 00:11:24+00:00,SRV_0498,impossible_travel,impossible_travel,impossible_travel,Rule Override: geo_velocity_kmh > 900 km/h AND geo_distance > 500 km
30ef0b74-b9f5-4c12-98f4-4c792beec5c8,2026-05-18 00:13:00+00:00,SRV_0301,impossible_travel,impossible_travel,impossible_travel,Rule Override: geo_velocity_kmh > 900 km/h AND geo_distance > 500 km
a9b9f5bd-9a7f-4a8c-8d29-e8f3a49241e7,2026-05-18 00:55:39+00:00,SRV_0354,impossible_travel,impossible_travel,impossible_travel,Rule Override: geo_velocity_kmh > 900 km/h AND geo_distance > 500 km
5487ba43-85f2-4a50-b6d3-d628b42b22af,2026-05-18 01:22:16+00:00,USR_0364,low_slow_exfil,low_slow_exfil,low_slow_exfil,XGBoost ML Classifier
3a45da58-15f6-433f-9639-90a75907c8ee,2026-05-18 01:22:18+00:00,DEV_0787,normal,unknown,unknown,XGBoost ML Classifier
da792db0-a0fc-413c-8bb3-cc3af8660edf,2026-05-18 01:23:59+00:00,USR_0499,low_slow_exfil,low_slow_exfil,low_slow_exfil,XGBoost ML Classifier
463da7f4-3797-456f-a33d-921402890929,2026-05-18 01:31:58+00:00,USR_0331,low_slow_exfil,low_slow_exfil,low_slow_exfil,XGBoost ML Classifier
07134b28-e121-4fcf-acca-e931066d3a20,2026-05-18 01:39:47+00:00,USR_0364,low_slow_exfil,low_slow_exfil,low_slow_exfil,XGBoost ML Classifier
107477ec-a524-48ca-9a32-7cef3795e6ca,2026-05-18 01:44:14+00:00,USR_0331,low_slow_exfil,low_slow_exfil,low_slow_exfil,XGBoost ML Classifier
2839fd77-9031-4e6b-97f9-56aacb9f4a30,2026-05-18 01:54:24+00:00,USR_0351,low_slow_exfil,low_slow_exfil,low_slow_exfil,XGBoost ML Classifier
7709dd10-ae8e-48aa-83a1-61b9ab9a04ee,2026-05-18 02:08:14+00:00,USR_0044,low_slow_exfil,low_slow_exfil,low_slow_exfil,XGBoost ML Classifier
956285e7-f7e4-428b-964f-7a99906c16ba,2026-05-18 02:10:52+00:00,USR_0351,low_slow_exfil,low_slow_exfil,low_slow_exfil,XGBoost ML Classifier
6c53e145-98bf-432a-a419-625c5eabbe97,2026-05-18 02:13:04+00:00,USR_0331,low_slow_exfil,low_slow_exfil,low_slow_exfil,XGBoost ML Classifier
db79fe46-5508-4907-a73f-a73b9ce0448f,2026-05-18 02:14:47+00:00,USR_0793,low_slow_exfil,low_slow_exfil,low_slow_exfil,XGBoost ML Classifier
e34a1d80-6562-4c7b-9347-e76370e8891d,2026-05-18 02:16:43+00:00,USR_0172,low_slow_exfil,low_slow_exfil,low_slow_exfil,XGBoost ML Classifier
253e23f6-734c-4845-ac6c-8453d0b932b0,2026-05-18 02:33:43+00:00,SRV_0776,impossible_travel,impossible_travel,impossible_travel,Rule Override: geo_velocity_kmh > 900 km/h AND geo_distance > 500 km
b28a885d-8578-4fe6-beb1-07d9fa6dfed5,2026-05-18 03:03:13+00:00,USR_0044,low_slow_exfil,low_slow_exfil,low_slow_exfil,XGBoost ML Classifier
77849661-e4b1-4a8e-a87b-9afa98a41ace,2026-05-18 03:23:36+00:00,USR_0386,low_slow_exfil,low_slow_exfil,low_slow_exfil,XGBoost ML Classifier
3721b530-8efb-42c6-93b2-30c0a6c9158a,2026-05-18 03:31:42+00:00,SRV_0898,normal,unknown,unknown,XGBoost ML Classifier
1eaf0fa6-6d26-47a8-b737-2f349975d9fd,2026-05-18 03:31:54+00:00,USR_0949,low_slow_exfil,low_slow_exfil,low_slow_exfil,XGBoost ML Classifier
e140b9cc-8fac-4cd2-a182-d52ed65fbafd,2026-05-18 03:39:24+00:00,USR_0307,low_slow_exfil,low_slow_exfil,low_slow_exfil,XGBoost ML Classifier
46ffd5bb-3092-4a11-8b5e-940e20802194,2026-05-18 03:48:10+00:00,SRV_0300,impossible_travel,impossible_travel,impossible_travel,Rule Override: geo_velocity_kmh > 900 km/h AND geo_distance > 500 km
1d9ff7d6-5a18-424b-a422-e9e365be3376,2026-05-18 03:50:05+00:00,USR_0411,low_slow_exfil,low_slow_exfil,low_slow_exfil,XGBoost ML Classifier
e32b5c9c-6a94-4e68-b6ed-5b4c58bed43c,2026-05-18 04:32:55+00:00,SRV_0640,normal,unknown,unknown,XGBoost ML Classifier
35a2d3a3-0bf4-47e1-97f0-4bae33ad993f,2026-05-18 04:33:38+00:00,DEV_0368,normal,unknown,unknown,XGBoost ML Classifier
24db1e6e-15a6-48b4-8f7d-5a034740913a,2026-05-18 05:03:58+00:00,DEV_0084,normal,unknown,unknown,XGBoost ML Classifier
7bf39e7e-a91a-4ec3-a8de-aa7b430650a7,2026-05-18 05:06:52+00:00,DEV_0514,normal,unknown,unknown,XGBoost ML Classifier
3a0292ca-b5f0-4fdd-97c6-9f7e1b11cd7c,2026-05-18 05:21:12+00:00,SRV_0645,normal,unknown,unknown,XGBoost ML Classifier
0d225017-9159-41ed-bb58-5ffcd8649211,2026-05-18 06:03:13+00:00,USR_0847,normal,unknown,unknown,XGBoost ML Classifier
6bf9aec5-0c20-45b0-806c-b1e6e66a15f3,2026-05-18 07:17:08+00:00,SRV_0919,normal,unknown,unknown,XGBoost ML Classifier
f997d63f-5ebd-4dac-8206-cd34f24e2708,2026-05-18 08:14:37+00:00,USR_0395,impossible_travel,impossible_travel,impossible_travel,Rule Override: geo_velocity_kmh > 900 km/h AND geo_distance > 500 km
2ff6b288-da6e-49ef-b403-c7c3af003195,2026-05-18 08:46:20+00:00,SRV_0797,normal,unknown,unknown,XGBoost ML Classifier
ce11f324-a067-4209-a5b6-10350e491fb1,2026-05-18 09:03:45+00:00,SRV_0843,normal,unknown,unknown,XGBoost ML Classifier
0218287d-d771-4222-989b-7fac848dd168,2026-05-18 09:21:56+00:00,DEV_0799,normal,unknown,unknown,XGBoost ML Classifier
3c12e98b-7378-4a85-b4e4-e58e142d54be,2026-05-18 09:31:31+00:00,USR_0057,impossible_travel,impossible_travel,impossible_travel,Rule Override: geo_velocity_kmh > 900 km/h AND geo_distance > 500 km
c3f083df-c33b-4d0c-a2d9-16279302576a,2026-05-18 10:12:07+00:00,USR_0701,normal,unknown,unknown,XGBoost ML Classifier
cb43797c-0b78-41c6-9349-0c0708ec4a3c,2026-05-18 10:21:53+00:00,DEV_0669,impossible_travel,impossible_travel,impossible_travel,Rule Override: geo_velocity_kmh > 900 km/h AND geo_distance > 500 km
bbc81b56-40e9-4383-8257-9bd3770c7f7f,2026-05-18 10:22:29+00:00,DEV_0144,normal,unknown,unknown,XGBoost ML Classifier
62176745-1e17-49dd-9aca-e6e679743efe,2026-05-18 10:24:41+00:00,SRV_0728,normal,unknown,unknown,XGBoost ML Classifier
641463a5-099d-4321-adf0-5ee54cec47c5,2026-05-18 10:52:30+00:00,USR_0953,normal,unknown,unknown,XGBoost ML Classifier
7a1c8cd9-b4f6-4cc1-8861-72ca1b595563,2026-05-18 11:01:50+00:00,USR_0980,impossible_travel,impossible_travel,impossible_travel,Rule Override: geo_velocity_kmh > 900 km/h AND geo_distance > 500 km
72fc2110-7243-412b-859f-224559529ae0,2026-05-18 11:09:14+00:00,DEV_0343,normal,unknown,unknown,XGBoost ML Classifier
f0a576ac-21ba-4134-aec1-9a416a4e96fa,2026-05-18 11:10:46+00:00,DEV_0711,normal,unknown,unknown,XGBoost ML Classifier
cdabcf07-425c-4ce3-9431-516be70a316f,2026-05-18 11:42:24+00:00,USR_0061,impossible_travel,impossible_travel,impossible_travel,Rule Override: geo_velocity_kmh > 900 km/h AND geo_distance > 500 km
06c02c3b-be45-47ee-8705-91f1783fcbec,2026-05-18 12:00:15+00:00,DEV_0664,normal,unknown,unknown,XGBoost ML Classifier
f2fe3e07-8d8a-444b-a13d-2687cbcb9852,2026-05-18 12:04:20+00:00,DEV_0632,normal,unknown,unknown,XGBoost ML Classifier
8a7f90e7-fb92-48b6-a179-e28e854f71bb,2026-05-18 12:15:25+00:00,USR_0510,normal,unknown,unknown,XGBoost ML Classifier
30e36131-6062-4b47-af14-5f733c213bd2,2026-05-18 12:50:41+00:00,USR_0610,impossible_travel,impossible_travel,impossible_travel,Rule Override: geo_velocity_kmh > 900 km/h AND geo_distance > 500 km
3d1607ea-cbc7-41ed-950c-93e9e8d5f877,2026-05-18 12:53:47+00:00,DEV_0294,normal,unknown,unknown,XGBoost ML Classifier
1bb015c3-a30d-4ac4-829a-1fbe90d592f3,2026-05-18 13:04:09+00:00,USR_0646,normal,unknown,unknown,XGBoost ML Classifier
c600d30a-f2f6-4d3e-aabc-a4b088cb7784,2026-05-18 13:10:06+00:00,SRV_0538,normal,unknown,unknown,XGBoost ML Classifier
055e6695-8833-4a78-acbd-11e97c247871,2026-05-18 13:19:14+00:00,USR_0580,impossible_travel,impossible_travel,impossible_travel,Rule Override: geo_velocity_kmh > 900 km/h AND geo_distance > 500 km
36003142-56ca-4a95-ab94-71234e33e41a,2026-05-18 13:26:09+00:00,USR_0626,normal,unknown,unknown,XGBoost ML Classifier
27bc5cae-046d-4abf-9518-26d6ae1b289a,2026-05-18 13:35:32+00:00,DEV_0274,normal,unknown,unknown,XGBoost ML Classifier
bf809a7a-ea36-438b-abd8-e4f072e5f495,2026-05-18 13:48:35+00:00,DEV_0290,impossible_travel,impossible_travel,impossible_travel,Rule Override: geo_velocity_kmh > 900 km/h AND geo_distance > 500 km
370b1f32-53e4-4e5a-a0fc-15a2b6f2086d,2026-05-18 13:49:37+00:00,USR_0360,impossible_travel,impossible_travel,impossible_travel,Rule Override: geo_velocity_kmh > 900 km/h AND geo_distance > 500 km
c6dbc87a-bdb2-47f4-9e8e-cf7a79c20e7f,2026-05-18 13:57:11+00:00,USR_0673,impossible_travel,impossible_travel,impossible_travel,Rule Override: geo_velocity_kmh > 900 km/h AND geo_distance > 500 km
38b43a25-6bb5-4d1c-9c19-b1ae57bdfc98,2026-05-18 14:01:22+00:00,DEV_0383,normal,unknown,unknown,XGBoost ML Classifier
7d2595df-f50b-4179-ab4f-077cae97e65e,2026-05-18 14:09:17+00:00,USR_0380,impossible_travel,impossible_travel,impossible_travel,Rule Override: geo_velocity_kmh > 900 km/h AND geo_distance > 500 km
bf6c9d5d-6f26-432a-84b4-5055c0a42d78,2026-05-18 14:15:33+00:00,USR_0592,impossible_travel,impossible_travel,impossible_travel,Rule Override: geo_velocity_kmh > 900 km/h AND geo_distance > 500 km
97aa5409-9470-4385-adff-effc82e751aa,2026-05-18 14:20:30+00:00,USR_0885,normal,unknown,unknown,XGBoost ML Classifier
56f9fd3e-b311-4eb2-b69c-f1b6789855f1,2026-05-18 14:32:31+00:00,DEV_0862,normal,unknown,unknown,XGBoost ML Classifier
edba50e4-95bd-4284-9578-dd3edfe6bc95,2026-05-18 14:47:15+00:00,USR_0220,normal,unknown,insider_drift,XGBoost ML Classifier
7c503176-a811-4da1-a428-b2471ec994e3,2026-05-18 15:10:31+00:00,DEV_0485,normal,unknown,unknown,XGBoost ML Classifier
75b701c4-5026-4903-be50-41f50b815e7e,2026-05-18 15:25:57+00:00,USR_0020,impossible_travel,impossible_travel,impossible_travel,Rule Override: geo_velocity_kmh > 900 km/h AND geo_distance > 500 km
8d80e1b8-c8c8-43bb-8dc0-f5f4ebf866e7,2026-05-18 15:30:36+00:00,SRV_0358,normal,unknown,unknown,XGBoost ML Classifier
b34bfe24-7f81-4e5d-9917-eb89f56815b6,2026-05-18 15:31:27+00:00,USR_0307,impossible_travel,impossible_travel,impossible_travel,Rule Override: geo_velocity_kmh > 900 km/h AND geo_distance > 500 km
d97abefc-afd4-44cd-9635-e05904eb73ed,2026-05-18 15:42:45+00:00,DEV_0279,normal,unknown,unknown,XGBoost ML Classifier
92ff5f9a-c818-43b5-a4f2-b37e707f57e3,2026-05-18 15:50:03+00:00,SRV_0963,normal,unknown,unknown,XGBoost ML Classifier
a517ec6e-0423-4939-87ca-35234bfde95c,2026-05-18 15:58:33+00:00,SRV_0358,normal,unknown,unknown,XGBoost ML Classifier
27fff772-aa00-4dd5-8f2f-0fe53cc81500,2026-05-18 16:38:33+00:00,USR_0687,insider_drift,insider_drift,insider_drift,XGBoost ML Classifier
a60f719d-bc1d-453e-a61e-86d5e9798f86,2026-05-18 16:43:21+00:00,USR_0291,impossible_travel,impossible_travel,impossible_travel,Rule Override: geo_velocity_kmh > 900 km/h AND geo_distance > 500 km
ba8d6bd7-c5e1-4871-8f58-16eb9dd6ce5c,2026-05-18 16:48:16+00:00,USR_0882,impossible_travel,impossible_travel,impossible_travel,Rule Override: geo_velocity_kmh > 900 km/h AND geo_distance > 500 km
a0146061-8538-4c2f-8db4-9ac1b5ee2d45,2026-05-18 17:02:09+00:00,USR_0681,impossible_travel,impossible_travel,impossible_travel,Rule Override: geo_velocity_kmh > 900 km/h AND geo_distance > 500 km
2d08ad6b-af98-474c-b9c9-d8c7ebfd7de7,2026-05-18 17:02:55+00:00,DEV_0444,normal,unknown,unknown,XGBoost ML Classifier
7625cadd-a7ac-4da3-90bd-590d522684d5,2026-05-18 17:07:47+00:00,DEV_0527,impossible_travel,impossible_travel,impossible_travel,Rule Override: geo_velocity_kmh > 900 km/h AND geo_distance > 500 km
e6708ae8-6c1d-4744-ac83-bd770690c5b3,2026-05-18 17:29:14+00:00,USR_0940,impossible_travel,impossible_travel,impossible_travel,Rule Override: geo_velocity_kmh > 900 km/h AND geo_distance > 500 km
278fa414-899b-4f09-844e-943ecd897602,2026-05-18 17:32:01+00:00,USR_0289,impossible_travel,impossible_travel,impossible_travel,Rule Override: geo_velocity_kmh > 900 km/h AND geo_distance > 500 km
7705107e-590d-482a-82b8-0ca1ab15d253,2026-05-18 17:33:42+00:00,DEV_0863,impossible_travel,impossible_travel,impossible_travel,Rule Override: geo_velocity_kmh > 900 km/h AND geo_distance > 500 km
5db4c81b-1dbf-4b01-8774-75318240732a,2026-05-18 17:45:50+00:00,DEV_0947,normal,unknown,unknown,XGBoost ML Classifier
532d7415-0fa2-49f7-a22e-54e7d9d4ce2d,2026-05-18 17:54:24+00:00,USR_0110,impossible_travel,impossible_travel,impossible_travel,Rule Override: geo_velocity_kmh > 900 km/h AND geo_distance > 500 km
3eb1ac39-b49e-4168-a7d9-da9ffc4d72fa,2026-05-18 18:27:39+00:00,SRV_0717,normal,unknown,unknown,XGBoost ML Classifier
317ddd46-c905-487c-a874-0323a533942d,2026-05-18 18:50:12+00:00,USR_0175,normal,unknown,unknown,XGBoost ML Classifier
b29813dc-de68-4888-a8c6-07c6cceb0c9d,2026-05-18 19:04:50+00:00,SRV_0702,normal,unknown,unknown,XGBoost ML Classifier
8c6ce4d1-ff1b-45db-8534-e5571ee9a73c,2026-05-18 19:21:35+00:00,DEV_0862,normal,unknown,unknown,XGBoost ML Classifier
31b0ca2c-86f6-4ee0-a5df-b658eeedafa2,2026-05-18 19:33:55+00:00,DEV_0009,normal,unknown,unknown,XGBoost ML Classifier
8ae467a6-5011-44cf-97b6-500d98da1333,2026-05-18 19:42:03+00:00,SRV_0621,impossible_travel,impossible_travel,impossible_travel,Rule Override: geo_velocity_kmh > 900 km/h AND geo_distance > 500 km
68696172-d661-41f1-9b79-0ab3f037a9f6,2026-05-18 19:44:48+00:00,USR_0790,normal,unknown,unknown,XGBoost ML Classifier
a3118be3-6ffc-4b00-b9d8-a4c0dcfa8abf,2026-05-18 19:47:07+00:00,SRV_0128,normal,unknown,unknown,XGBoost ML Classifier
b27873d5-e939-4c77-820a-370a3e43570c,2026-05-18 20:10:12+00:00,SRV_0697,impossible_travel,impossible_travel,impossible_travel,Rule Override: geo_velocity_kmh > 900 km/h AND geo_distance > 500 km
41ffe17e-16d4-4a04-bf07-46835693a91a,2026-05-18 20:15:51+00:00,SRV_0228,normal,unknown,unknown,XGBoost ML Classifier
45d27332-7df6-469e-8769-f4fe48c1e75d,2026-05-18 20:39:04+00:00,USR_0704,normal,unknown,unknown,XGBoost ML Classifier
25035433-d8be-46a3-92ac-a570fee479ac,2026-05-18 20:55:44+00:00,USR_0422,normal,unknown,unknown,XGBoost ML Classifier
e724d9bf-2914-4f33-89ed-6ffb8c4376ff,2026-05-18 20:58:54+00:00,SRV_0161,normal,unknown,unknown,XGBoost ML Classifier
c4e7c2dd-e30a-4b85-89e9-3eb25b2a5402,2026-05-18 21:16:52+00:00,USR_0915,impossible_travel,impossible_travel,impossible_travel,Rule Override: geo_velocity_kmh > 900 km/h AND geo_distance > 500 km
06dd23bf-89d2-4b2c-a3ce-0b64438ff932,2026-05-18 21:28:40+00:00,SRV_0004,normal,unknown,unknown,XGBoost ML Classifier
11ebbb80-3924-475b-8553-c8996ba3e79e,2026-05-18 21:47:34+00:00,DEV_0703,normal,unknown,unknown,XGBoost ML Classifier
0db8ace9-599d-4923-9988-f1e9dd34ea30,2026-05-18 21:55:45+00:00,SRV_0477,normal,unknown,unknown,XGBoost ML Classifier
3ceb0173-d9c2-466d-81f1-6fd4c1db4a58,2026-05-18 22:44:31+00:00,SRV_0348,impossible_travel,impossible_travel,impossible_travel,Rule Override: geo_velocity_kmh > 900 km/h AND geo_distance > 500 km
55aefe8c-00cc-427b-a457-fe7b1c654386,2026-05-18 23:32:05+00:00,SRV_0538,normal,unknown,unknown,XGBoost ML Classifier
766c8a61-8904-42d2-82be-fff42ba74f6b,2026-05-18 23:59:25.301000+00:00,DEV_0416,normal,unknown,unknown,XGBoost ML Classifier
a187a7a0-5a3c-4c27-a710-9b5e4af887c8,2026-05-18 23:59:26.444000+00:00,DEV_0902,normal,unknown,unknown,XGBoost ML Classifier
3beb40d5-b2cc-44fd-b764-7f177ba91906,2026-05-19 00:00:01.266000+00:00,DEV_0437,normal,unknown,unknown,XGBoost ML Classifier
afb2ea89-dcb8-4a01-a0e1-1d5948ecc7b0,2026-05-19 00:00:04.100000+00:00,DEV_0371,normal,unknown,unknown,XGBoost ML Classifier
2cfb1507-f9fe-47b0-a263-6fb60854572f,2026-05-19 00:05:00+00:00,DEV_0586,impossible_travel,impossible_travel,impossible_travel,Rule Override: geo_velocity_kmh > 900 km/h AND geo_distance > 500 km
6d151c2a-e397-4626-bd46-0b1ad8c169e9,2026-05-19 00:09:14+00:00,SRV_0078,normal,unknown,unknown,XGBoost ML Classifier
61dab55c-9a65-4233-b8ab-205b4c389608,2026-05-19 00:38:36+00:00,DEV_0065,impossible_travel,impossible_travel,impossible_travel,Rule Override: geo_velocity_kmh > 900 km/h AND geo_distance > 500 km
2ad7b595-a9d9-4410-bf57-f71b5f30f44a,2026-05-19 00:48:43.463716+00:00,USR_0136,lateral_movement,lateral_movement,low_slow_exfil,XGBoost ML Classifier
eb71b09b-2460-426d-9787-7dc7770bb9d6,2026-05-19 00:50:36.821274+00:00,USR_0136,lateral_movement,lateral_movement,lateral_movement,XGBoost ML Classifier
6547ec58-a2b7-4ce6-8a99-7c488d5a33f8,2026-05-19 00:50:59.126949+00:00,USR_0136,lateral_movement,lateral_movement,lateral_movement,XGBoost ML Classifier
3b5d12d5-2551-4fe7-a337-6f7d15b59a80,2026-05-19 00:51:36.638191+00:00,USR_0136,lateral_movement,lateral_movement,lateral_movement,XGBoost ML Classifier
29957bd3-6f74-4eb5-8a13-1e16e51d6bb3,2026-05-19 01:03:02+00:00,USR_0364,low_slow_exfil,low_slow_exfil,low_slow_exfil,XGBoost ML Classifier
1aa4abfa-46b0-46c5-b6b4-93c9829d7df2,2026-05-19 01:03:03+00:00,USR_0331,low_slow_exfil,low_slow_exfil,low_slow_exfil,XGBoost ML Classifier
e28de221-ee74-4706-8b84-aba00aee57f5,2026-05-19 01:07:10+00:00,USR_0172,low_slow_exfil,low_slow_exfil,low_slow_exfil,XGBoost ML Classifier
6a9d37b3-8a7a-4422-8463-faed0929361f,2026-05-19 01:13:47+00:00,USR_0206,low_slow_exfil,low_slow_exfil,low_slow_exfil,XGBoost ML Classifier
cc59be56-cc79-4ec0-adda-9f7941f882fe,2026-05-19 01:28:51+00:00,USR_0351,low_slow_exfil,low_slow_exfil,low_slow_exfil,XGBoost ML Classifier
94369daf-4e9b-41ef-8b33-d87eea0ec54d,2026-05-19 01:52:47+00:00,DEV_0593,normal,unknown,unknown,XGBoost ML Classifier
da4e7bef-7f96-4d67-b178-e45e2970b664,2026-05-19 02:09:38+00:00,DEV_0932,normal,unknown,unknown,XGBoost ML Classifier
81061950-4c8d-4eb9-bf11-450d956db8b0,2026-05-19 02:10:41+00:00,USR_0172,low_slow_exfil,low_slow_exfil,low_slow_exfil,XGBoost ML Classifier
a3ea0408-98d9-4b33-adf4-74e783a025df,2026-05-19 02:14:42+00:00,SRV_0823,impossible_travel,impossible_travel,impossible_travel,Rule Override: geo_velocity_kmh > 900 km/h AND geo_distance > 500 km
17ce9387-6aba-4553-a76c-1bcf19ab5fe0,2026-05-19 02:26:47+00:00,USR_0206,low_slow_exfil,low_slow_exfil,low_slow_exfil,XGBoost ML Classifier
433603fc-5b79-4683-b47d-9ded427b97ca,2026-05-19 02:39:59+00:00,USR_0830,low_slow_exfil,low_slow_exfil,low_slow_exfil,XGBoost ML Classifier
e4a92e30-81c5-49de-a285-65bae68f459b,2026-05-19 02:45:06+00:00,USR_0793,low_slow_exfil,low_slow_exfil,low_slow_exfil,XGBoost ML Classifier
504605bf-ddac-47ff-95e4-01ec7d084a2d,2026-05-19 02:45:36+00:00,DEV_0437,normal,unknown,unknown,XGBoost ML Classifier
b644d904-dd56-40ab-9da0-00538d55e944,2026-05-19 02:45:40+00:00,USR_0411,low_slow_exfil,low_slow_exfil,low_slow_exfil,XGBoost ML Classifier
54ed7502-d46b-4bba-a6d5-74e2cb765033,2026-05-19 02:51:19+00:00,USR_0364,low_slow_exfil,low_slow_exfil,low_slow_exfil,XGBoost ML Classifier
4b7c8f45-bda9-468e-842a-b251da51673c,2026-05-19 02:52:45+00:00,USR_0062,low_slow_exfil,low_slow_exfil,low_slow_exfil,XGBoost ML Classifier
6d902ff1-9735-498c-8b79-544dfc6a81e4,2026-05-19 02:52:58+00:00,USR_0830,low_slow_exfil,low_slow_exfil,low_slow_exfil,XGBoost ML Classifier
678b7f25-5f85-4fc0-80cf-5998a399bd57,2026-05-19 02:57:02+00:00,USR_0499,low_slow_exfil,low_slow_exfil,low_slow_exfil,XGBoost ML Classifier
dd30efd0-5e5e-4a4c-9488-298f36240c27,2026-05-19 03:02:04+00:00,USR_0331,low_slow_exfil,low_slow_exfil,low_slow_exfil,XGBoost ML Classifier
1ba61891-d40a-4ddc-ae2a-ae71031edec1,2026-05-19 03:05:59+00:00,USR_0331,low_slow_exfil,low_slow_exfil,low_slow_exfil,XGBoost ML Classifier
d4f4d94b-02af-48e5-817d-7512c69f3177,2026-05-19 03:11:27+00:00,USR_0978,low_slow_exfil,low_slow_exfil,low_slow_exfil,XGBoost ML Classifier
d0159c49-92ca-4c5a-b0ed-e8e138393f01,2026-05-19 03:13:35+00:00,DEV_0685,normal,unknown,unknown,XGBoost ML Classifier
cb982547-9204-4512-be69-9360ef2515fc,2026-05-19 03:22:32+00:00,USR_0351,low_slow_exfil,low_slow_exfil,low_slow_exfil,XGBoost ML Classifier
adc32bb2-240a-440b-8942-6e93c2d648bf,2026-05-19 03:28:16+00:00,USR_0331,low_slow_exfil,low_slow_exfil,low_slow_exfil,XGBoost ML Classifier
1e2f5c19-2798-4e64-adc3-000d29ec77ad,2026-05-19 03:30:28+00:00,USR_0044,low_slow_exfil,low_slow_exfil,low_slow_exfil,XGBoost ML Classifier
36c71462-a29f-4cc8-9b58-029523d29db5,2026-05-19 03:34:34+00:00,USR_0415,low_slow_exfil,low_slow_exfil,low_slow_exfil,XGBoost ML Classifier
cc45816c-1305-4333-9aae-16d24d01a47f,2026-05-19 03:50:05+00:00,USR_0830,low_slow_exfil,low_slow_exfil,low_slow_exfil,XGBoost ML Classifier
636003ca-a100-4b5c-9f28-5cec7ac2977d,2026-05-19 03:52:25+00:00,USR_0386,low_slow_exfil,low_slow_exfil,low_slow_exfil,XGBoost ML Classifier
88bd1fab-51e3-475f-9db5-edb8ce3b143e,2026-05-19 03:57:11+00:00,DEV_0371,normal,unknown,unknown,XGBoost ML Classifier
99dc12e3-c09d-429f-acf4-fcfac7d17df4,2026-05-19 04:07:25+00:00,DEV_0164,normal,unknown,unknown,XGBoost ML Classifier
6268fc29-99cc-443d-bab9-d750c51958b4,2026-05-19 04:32:07+00:00,SRV_0081,normal,unknown,unknown,XGBoost ML Classifier
de8a5258-5bc1-425c-b70e-063eff43e1d2,2026-05-19 04:49:22+00:00,SRV_0312,normal,unknown,unknown,XGBoost ML Classifier
b2f53c82-1809-4235-9d51-9aaf569547ca,2026-05-19 05:25:01+00:00,DEV_0233,normal,unknown,unknown,XGBoost ML Classifier
5b5b6dd9-2ba9-435f-87cf-02ecbfb749f9,2026-05-19 05:27:12+00:00,DEV_0177,normal,unknown,unknown,XGBoost ML Classifier
7937b065-aa5c-4ea3-bd07-8155898b87a5,2026-05-19 06:04:35+00:00,DEV_0420,normal,unknown,unknown,XGBoost ML Classifier
bb444d68-f415-4224-899b-fdff859f2d02,2026-05-19 06:15:06+00:00,USR_0987,normal,unknown,lateral_movement,XGBoost ML Classifier
7014a3a9-36e8-4566-80e3-2af18a3adb3e,2026-05-19 06:54:23+00:00,DEV_0135,normal,unknown,unknown,XGBoost ML Classifier
8c11b77f-d6d8-40d6-a5cb-0248fa1573e6,2026-05-19 06:55:01+00:00,USR_0057,normal,unknown,insider_drift,XGBoost ML Classifier
a01e90b9-5f4d-4cb0-9ed7-670d6df0ed7e,2026-05-19 06:57:52+00:00,SRV_0841,normal,unknown,unknown,XGBoost ML Classifier
9bd1c839-afd5-4a4f-b35d-63ee60a9dc26,2026-05-19 07:45:42+00:00,USR_0889,normal,unknown,unknown,XGBoost ML Classifier
1e76da2f-45da-4845-b438-0ac844e95de4,2026-05-19 08:01:44+00:00,USR_0409,impossible_travel,impossible_travel,impossible_travel,Rule Override: geo_velocity_kmh > 900 km/h AND geo_distance > 500 km
b75cab3d-b9f5-4bb7-b79c-56bfc0ff4aa4,2026-05-19 08:10:47+00:00,USR_0373,normal,unknown,unknown,XGBoost ML Classifier
b60af05f-bbc9-49bf-932a-4fcaf2cf226e,2026-05-19 08:20:26+00:00,SRV_0743,normal,unknown,unknown,XGBoost ML Classifier
4f306dd3-7c63-4085-a8e7-61c291287f55,2026-05-19 08:29:52+00:00,SRV_0908,normal,unknown,unknown,XGBoost ML Classifier
88f9086b-58df-4bdd-aec7-93583c5cfd0a,2026-05-19 08:32:08+00:00,DEV_0588,normal,unknown,unknown,XGBoost ML Classifier
712371f5-cfef-4424-9f93-ed6bda2bd289,2026-05-19 08:36:57+00:00,DEV_0444,device_spoofing,device_spoofing,device_spoofing,XGBoost ML Classifier
2d2ae37b-839f-48ca-8ad6-d539d2c4d307,2026-05-19 08:41:46+00:00,DEV_0685,normal,unknown,unknown,XGBoost ML Classifier
750c3b10-dc33-4a78-a8db-2a327442ec86,2026-05-19 08:53:22+00:00,USR_0559,normal,unknown,unknown,XGBoost ML Classifier
6573f1bd-9e26-4c2c-821b-9c08560a1235,2026-05-19 09:06:29+00:00,DEV_0013,normal,unknown,unknown,XGBoost ML Classifier
cedd91f3-cc20-4bae-94b6-c6e702fd424c,2026-05-19 09:07:27+00:00,USR_0377,normal,unknown,insider_drift,XGBoost ML Classifier
9bf1544b-e85c-47a1-aa0a-058f38bdbbaf,2026-05-19 09:08:34+00:00,DEV_0877,normal,unknown,unknown,XGBoost ML Classifier
5d55c441-f9dc-42b8-a55e-b29005ef79af,2026-05-19 09:20:38+00:00,USR_0724,impossible_travel,impossible_travel,impossible_travel,Rule Override: geo_velocity_kmh > 900 km/h AND geo_distance > 500 km
fc233d05-eb5d-4d52-aaba-2019458dda49,2026-05-19 09:37:20+00:00,SRV_0919,normal,unknown,unknown,XGBoost ML Classifier
23051489-8c8b-4c76-a5ea-d82c1eb5dff1,2026-05-19 09:48:10+00:00,USR_0817,impossible_travel,impossible_travel,impossible_travel,Rule Override: geo_velocity_kmh > 900 km/h AND geo_distance > 500 km
ad6ed4c0-a554-45d7-a74b-fe268801aa25,2026-05-19 09:55:07+00:00,DEV_0534,normal,unknown,unknown,XGBoost ML Classifier
68246d3a-59c1-4523-9537-8a7237337c6e,2026-05-19 09:57:48+00:00,DEV_0837,normal,unknown,unknown,XGBoost ML Classifier
a9734c3d-aaff-47f9-9c93-002e3cee78f2,2026-05-19 10:11:30+00:00,DEV_0848,normal,unknown,unknown,XGBoost ML Classifier
af88910c-44a0-40fc-bae3-5c000f12d9a6,2026-05-19 10:24:48+00:00,USR_0362,impossible_travel,impossible_travel,impossible_travel,Rule Override: geo_velocity_kmh > 900 km/h AND geo_distance > 500 km
f01f3b46-af93-423d-9789-21596d1c0286,2026-05-19 10:29:41+00:00,DEV_0332,normal,unknown,unknown,XGBoost ML Classifier
86e7386e-6718-4d9c-a55d-1ff8897fe951,2026-05-19 10:35:58+00:00,USR_0761,impossible_travel,impossible_travel,impossible_travel,Rule Override: geo_velocity_kmh > 900 km/h AND geo_distance > 500 km
b74d6f88-df49-40b0-a67b-65df1ef8635a,2026-05-19 10:39:27+00:00,USR_0502,impossible_travel,impossible_travel,impossible_travel,Rule Override: geo_velocity_kmh > 900 km/h AND geo_distance > 500 km
802bc808-fa25-4156-9cd9-375a79da746b,2026-05-19 10:50:01+00:00,USR_0833,impossible_travel,impossible_travel,impossible_travel,Rule Override: geo_velocity_kmh > 900 km/h AND geo_distance > 500 km
f315fb62-4613-4b42-810e-9e7e032035c4,2026-05-19 10:57:28+00:00,SRV_0729,normal,unknown,unknown,XGBoost ML Classifier
92d1f8c6-1376-4e9d-905d-f1b3db0cf083,2026-05-19 11:04:39+00:00,USR_0376,impossible_travel,impossible_travel,impossible_travel,Rule Override: geo_velocity_kmh > 900 km/h AND geo_distance > 500 km
ee60c355-c080-430d-a51b-37c318bf5b99,2026-05-19 11:23:55+00:00,USR_0097,impossible_travel,impossible_travel,impossible_travel,Rule Override: geo_velocity_kmh > 900 km/h AND geo_distance > 500 km
80600f81-f125-4797-81a0-4cb512f12935,2026-05-19 11:44:13+00:00,DEV_0837,normal,unknown,unknown,XGBoost ML Classifier
1d3be21e-3bc8-4f80-be90-b1e679c7d414,2026-05-19 11:45:34+00:00,SRV_0550,impossible_travel,impossible_travel,impossible_travel,Rule Override: geo_velocity_kmh > 900 km/h AND geo_distance > 500 km
7938463e-61ed-4706-80b8-28db5037226b,2026-05-19 12:55:58+00:00,USR_0066,impossible_travel,impossible_travel,impossible_travel,Rule Override: geo_velocity_kmh > 900 km/h AND geo_distance > 500 km
8e1564a5-5f1d-4886-bfa9-1d7e7a8282dc,2026-05-19 13:00:57+00:00,USR_0580,normal,unknown,unknown,XGBoost ML Classifier
498308e6-68be-46a3-aac3-39ed906869e8,2026-05-19 13:01:09+00:00,DEV_0416,normal,unknown,unknown,XGBoost ML Classifier
31192570-4914-4c43-ac49-a4a44ba3f103,2026-05-19 13:05:23+00:00,SRV_0814,impossible_travel,impossible_travel,impossible_travel,Rule Override: geo_velocity_kmh > 900 km/h AND geo_distance > 500 km
2b3fbde4-c65f-408e-9a2f-06452669feb7,2026-05-19 13:14:05+00:00,DEV_0799,normal,unknown,unknown,XGBoost ML Classifier
49590b70-8818-4685-84cb-c1b13e43e952,2026-05-19 13:25:19+00:00,DEV_0253,normal,unknown,unknown,XGBoost ML Classifier
58466fd6-1972-4031-afc3-65e87c06c96d,2026-05-19 13:39:26+00:00,USR_0809,normal,unknown,unknown,XGBoost ML Classifier
08ffdc14-f41d-4ed7-9aea-cdad26d0103e,2026-05-19 13:45:15+00:00,USR_0926,normal,unknown,insider_drift,XGBoost ML Classifier
85584b8e-109b-4d88-a087-781e0b1775c6,2026-05-19 14:03:42+00:00,DEV_0253,normal,unknown,unknown,XGBoost ML Classifier
44c00adc-edf6-456a-ae6f-dd8ebba5d5bf,2026-05-19 14:05:07+00:00,USR_0563,impossible_travel,impossible_travel,impossible_travel,Rule Override: geo_velocity_kmh > 900 km/h AND geo_distance > 500 km
597a2187-b1b0-4202-8c19-c2dd5647a072,2026-05-19 14:19:16+00:00,DEV_0711,normal,unknown,unknown,XGBoost ML Classifier
f4ddd25e-d044-49f6-9d01-f498ed194dc3,2026-05-19 14:25:56+00:00,DEV_0788,normal,unknown,unknown,XGBoost ML Classifier
eaa23c00-6e29-4059-8bf8-96def19ec544,2026-05-19 14:26:28+00:00,USR_0499,impossible_travel,impossible_travel,impossible_travel,Rule Override: geo_velocity_kmh > 900 km/h AND geo_distance > 500 km
9911040f-a107-43f9-8b27-757fd623836b,2026-05-19 14:53:29.751856+00:00,SRV_0767,lateral_movement,lateral_movement,lateral_movement,XGBoost ML Classifier
fcb67aaf-4bba-4155-85e0-d580b0114083,2026-05-19 15:32:01+00:00,USR_0615,normal,unknown,unknown,XGBoost ML Classifier
b1bb1a23-09b0-4e3a-a798-60561247bd6c,2026-05-19 15:34:37+00:00,USR_0575,impossible_travel,impossible_travel,impossible_travel,Rule Override: geo_velocity_kmh > 900 km/h AND geo_distance > 500 km
044a0f13-aea6-4593-9e2e-b7511c475af7,2026-05-19 15:35:23+00:00,USR_0577,normal,unknown,unknown,XGBoost ML Classifier
536d0dda-2e87-4789-aace-417813197e8d,2026-05-19 16:10:42+00:00,USR_0107,impossible_travel,impossible_travel,impossible_travel,Rule Override: geo_velocity_kmh > 900 km/h AND geo_distance > 500 km
ca02883d-10be-4e6f-970c-815e2f1177da,2026-05-19 16:42:14+00:00,USR_0236,impossible_travel,impossible_travel,impossible_travel,Rule Override: geo_velocity_kmh > 900 km/h AND geo_distance > 500 km
137ed2d7-dbbc-4071-88c8-0d6b4b55adc9,2026-05-19 17:13:38+00:00,DEV_0884,impossible_travel,impossible_travel,impossible_travel,Rule Override: geo_velocity_kmh > 900 km/h AND geo_distance > 500 km
b20e8b8f-3d38-4aae-9759-6bfa0fd4d9ec,2026-05-19 17:57:45+00:00,DEV_0384,normal,unknown,unknown,XGBoost ML Classifier
4c8af3bf-8e19-4c41-bfc1-c4fe35410492,2026-05-19 18:08:53+00:00,DEV_0993,normal,unknown,unknown,XGBoost ML Classifier
ae0ef278-08d6-46aa-822b-a369d4e012f6,2026-05-19 18:14:24+00:00,USR_0856,impossible_travel,impossible_travel,impossible_travel,Rule Override: geo_velocity_kmh > 900 km/h AND geo_distance > 500 km
8b671bee-8c0f-48c9-adf4-34c695acd043,2026-05-19 19:15:23+00:00,DEV_0384,normal,unknown,unknown,XGBoost ML Classifier
24785e15-ba2d-4eff-b2f2-48d8c2a2132b,2026-05-19 19:29:23+00:00,USR_0217,normal,unknown,unknown,XGBoost ML Classifier
45a62149-ac55-4f4e-8746-6ef5db6536f6,2026-05-19 19:40:12+00:00,SRV_0841,impossible_travel,impossible_travel,impossible_travel,Rule Override: geo_velocity_kmh > 900 km/h AND geo_distance > 500 km
895dfacd-bf3b-4168-9684-a90bc8d86c40,2026-05-19 19:49:38+00:00,SRV_0729,normal,unknown,unknown,XGBoost ML Classifier
41dd114b-595f-4785-a0f4-9d0ccea48c8a,2026-05-19 20:28:33+00:00,DEV_0664,normal,unknown,unknown,XGBoost ML Classifier
2bd92cb2-5722-4173-b1fd-753f1cdac758,2026-05-19 20:52:49+00:00,SRV_0750,normal,unknown,unknown,XGBoost ML Classifier
e9a8e81c-77ec-4293-aeb9-6abf2aca339b,2026-05-19 21:11:39+00:00,DEV_0311,normal,unknown,unknown,XGBoost ML Classifier
268d6771-9c55-4e6d-af21-d41f368cb455,2026-05-19 21:35:25+00:00,USR_0853,device_spoofing,device_spoofing,device_spoofing,XGBoost ML Classifier
0cf210de-1a32-4a9c-8ecc-f03f7e96a739,2026-05-19 21:44:56+00:00,DEV_0588,normal,unknown,unknown,XGBoost ML Classifier
8ddcde8a-5e1f-4499-b391-20d4c7e905de,2026-05-19 21:46:17+00:00,SRV_0693,normal,unknown,unknown,XGBoost ML Classifier
443d6b96-bde6-41b3-9b51-2b2d9483574d,2026-05-19 21:56:25+00:00,SRV_0006,impossible_travel,impossible_travel,impossible_travel,Rule Override: geo_velocity_kmh > 900 km/h AND geo_distance > 500 km
fad3ef82-0f12-4a6c-a606-0f6749bee940,2026-05-19 22:01:29+00:00,SRV_0525,normal,unknown,unknown,XGBoost ML Classifier
218f7502-9fe0-49ea-9cac-1a30c19a2fab,2026-05-19 22:15:34.503007+00:00,USR_0659,lateral_movement,lateral_movement,lateral_movement,XGBoost ML Classifier
eaf1f0b9-03b8-4e06-9bd6-7425f6addc10,2026-05-19 22:15:55.800021+00:00,USR_0659,lateral_movement,lateral_movement,lateral_movement,XGBoost ML Classifier
4a36e4b1-9945-4ac0-bf61-beabc8f4a50f,2026-05-19 22:17:26.268845+00:00,USR_0659,lateral_movement,lateral_movement,lateral_movement,XGBoost ML Classifier
6945ba84-467c-442c-824e-1abd704d1ede,2026-05-19 23:48:28+00:00,DEV_0632,device_spoofing,device_spoofing,device_spoofing,XGBoost ML Classifier
1f449dc6-3450-4542-bf4f-a470cfae82f5,2026-05-19 23:59:24+00:00,SRV_0908,normal,unknown,unknown,XGBoost ML Classifier
9621bd74-54f2-4566-be54-bae321555d07,2026-05-20 00:00:01.725000+00:00,SRV_0156,normal,unknown,unknown,XGBoost ML Classifier
ba81a9ab-25fc-42c0-861c-14961bfd2efb,2026-05-20 00:00:06.940000+00:00,DEV_0009,normal,unknown,unknown,XGBoost ML Classifier
a6eb1684-a3dd-442a-ba93-20534af1d0d6,2026-05-20 00:05:24+00:00,SRV_0498,impossible_travel,impossible_travel,impossible_travel,Rule Override: geo_velocity_kmh > 900 km/h AND geo_distance > 500 km
29454230-999a-4806-824b-b19df7e9f09e,2026-05-20 00:06:00+00:00,SRV_0785,impossible_travel,impossible_travel,impossible_travel,Rule Override: geo_velocity_kmh > 900 km/h AND geo_distance > 500 km
b72bb5f4-39ad-4341-8655-f607774f6c44,2026-05-20 00:09:38+00:00,DEV_0876,normal,unknown,unknown,XGBoost ML Classifier
af13d90e-5e1c-4287-a618-a47bb8cea65d,2026-05-20 01:12:57+00:00,USR_0206,low_slow_exfil,low_slow_exfil,low_slow_exfil,XGBoost ML Classifier
02d775a0-a7c5-4c01-80b2-3a2cfc322aca,2026-05-20 01:13:44+00:00,DEV_0332,normal,unknown,unknown,XGBoost ML Classifier
a42c51a5-8322-4b09-bfc1-7fb8c03cadd8,2026-05-20 01:24:43+00:00,USR_0364,low_slow_exfil,low_slow_exfil,low_slow_exfil,XGBoost ML Classifier
3d0ceee9-74c5-4f33-9d03-7fb45cd37434,2026-05-20 01:27:20+00:00,DEV_0245,normal,unknown,unknown,XGBoost ML Classifier
bdefab64-7ce0-4c70-a09b-e108bb28a74c,2026-05-20 01:31:31+00:00,USR_0499,low_slow_exfil,low_slow_exfil,low_slow_exfil,XGBoost ML Classifier
c061e25f-c68c-408d-ad8c-cf9d9ac70b58,2026-05-20 01:32:30+00:00,SRV_0470,impossible_travel,impossible_travel,impossible_travel,Rule Override: geo_velocity_kmh > 900 km/h AND geo_distance > 500 km
f66085fa-fbed-44ea-ac77-26ac42bd9015,2026-05-20 01:44:03+00:00,USR_0949,low_slow_exfil,low_slow_exfil,low_slow_exfil,XGBoost ML Classifier
f03e876f-c8bb-4f96-930e-39a71cc18587,2026-05-20 01:45:01+00:00,USR_0172,low_slow_exfil,low_slow_exfil,low_slow_exfil,XGBoost ML Classifier
97a58701-5cfb-4e23-b05d-891bbde5a7dd,2026-05-20 01:45:10+00:00,USR_0978,low_slow_exfil,low_slow_exfil,low_slow_exfil,XGBoost ML Classifier
1d7ad710-9942-485e-8d04-615bf21e5f9a,2026-05-20 01:51:19+00:00,USR_0830,low_slow_exfil,low_slow_exfil,low_slow_exfil,XGBoost ML Classifier
e8aa8db7-0085-4d25-ada7-7c09df5d20df,2026-05-20 01:53:26+00:00,USR_0331,low_slow_exfil,low_slow_exfil,low_slow_exfil,XGBoost ML Classifier
af8c0365-a978-4289-9aba-7efbf3153a40,2026-05-20 01:58:44+00:00,USR_0411,low_slow_exfil,low_slow_exfil,low_slow_exfil,XGBoost ML Classifier
2cacb969-ff6f-4eef-8768-3dc345dd229b,2026-05-20 02:08:34+00:00,USR_0206,low_slow_exfil,low_slow_exfil,low_slow_exfil,XGBoost ML Classifier
c0194a36-93b0-41be-96d2-e3dc5d6aa8b4,2026-05-20 02:10:53+00:00,USR_0364,low_slow_exfil,low_slow_exfil,low_slow_exfil,XGBoost ML Classifier
d8a7108b-abac-4e4b-8133-dd7408bd874a,2026-05-20 02:33:39+00:00,USR_0331,low_slow_exfil,low_slow_exfil,low_slow_exfil,XGBoost ML Classifier
d1a89ad8-40c5-40a9-8be7-3c1a6efec740,2026-05-20 02:34:50+00:00,USR_0331,low_slow_exfil,low_slow_exfil,low_slow_exfil,XGBoost ML Classifier
25815367-1acd-42b3-8168-0e3fec2b6e66,2026-05-20 02:36:55+00:00,USR_0364,low_slow_exfil,low_slow_exfil,low_slow_exfil,XGBoost ML Classifier
26f17047-4373-4d96-8b08-38bf35c92fe2,2026-05-20 02:52:32+00:00,USR_0062,low_slow_exfil,low_slow_exfil,low_slow_exfil,XGBoost ML Classifier
bdbaff12-a3d5-42e9-a6cd-121d3d61ffb8,2026-05-20 02:53:11+00:00,USR_0830,low_slow_exfil,low_slow_exfil,low_slow_exfil,XGBoost ML Classifier
be097490-0edd-4d80-a579-60958b6be879,2026-05-20 02:56:50+00:00,USR_0411,low_slow_exfil,low_slow_exfil,low_slow_exfil,XGBoost ML Classifier
fdeec5d9-2027-448c-98fd-16717c56e4bd,2026-05-20 03:11:58+00:00,USR_0793,low_slow_exfil,low_slow_exfil,low_slow_exfil,XGBoost ML Classifier
4a13e7e0-77e3-4ba9-af3e-eaaf5df28ee8,2026-05-20 03:25:09+00:00,SRV_0159,normal,unknown,unknown,XGBoost ML Classifier
a9b9c128-4fc9-4b26-92b4-e47cdbd455bb,2026-05-20 03:26:02+00:00,USR_0386,low_slow_exfil,low_slow_exfil,low_slow_exfil,XGBoost ML Classifier
0e06f264-876f-4d3f-a403-8205c251a93e,2026-05-20 03:35:52+00:00,USR_0351,low_slow_exfil,low_slow_exfil,low_slow_exfil,XGBoost ML Classifier
4e43c2b6-a3bc-4f9f-a637-201bb1fc3c9d,2026-05-20 03:40:00+00:00,USR_0044,low_slow_exfil,low_slow_exfil,low_slow_exfil,XGBoost ML Classifier
0ace9663-9bab-4ac1-abf7-5ebe3ede8126,2026-05-20 03:41:01+00:00,DEV_0837,normal,unknown,unknown,XGBoost ML Classifier
0b0d3d58-7f51-49a0-bb51-8f9280989bbc,2026-05-20 03:47:25+00:00,USR_0351,low_slow_exfil,low_slow_exfil,low_slow_exfil,XGBoost ML Classifier
2ced3869-f35f-471d-ad30-03dfd46fe7e5,2026-05-20 03:53:37+00:00,USR_0331,low_slow_exfil,low_slow_exfil,low_slow_exfil,XGBoost ML Classifier
db519d9e-6b62-4f57-afe5-9ba5aa169955,2026-05-20 03:57:45+00:00,USR_0415,low_slow_exfil,low_slow_exfil,low_slow_exfil,XGBoost ML Classifier
2b02928d-b635-4676-9052-b85cd13a1a09,2026-05-20 03:59:07+00:00,USR_0415,low_slow_exfil,low_slow_exfil,low_slow_exfil,XGBoost ML Classifier
12a3b61d-a5f2-4552-9205-f27042c0e79b,2026-05-20 05:09:11+00:00,DEV_0164,normal,unknown,unknown,XGBoost ML Classifier
3366ed49-2b5c-43fb-ba8d-214df842509e,2026-05-20 05:10:26+00:00,DEV_0837,normal,unknown,unknown,XGBoost ML Classifier
f8f3f40b-7716-4aef-a34e-9501cb0aad8d,2026-05-20 05:53:19+00:00,DEV_0063,normal,unknown,unknown,XGBoost ML Classifier
f25b09d3-dc10-442c-852c-740a9868ef23,2026-05-20 05:54:05+00:00,DEV_0890,normal,unknown,unknown,XGBoost ML Classifier
1645f671-b163-4a5f-9a1b-44fca026a2b7,2026-05-20 05:57:31+00:00,DEV_0383,normal,unknown,unknown,XGBoost ML Classifier
0645a97d-069b-405f-9730-6cb268d45bde,2026-05-20 06:43:59+00:00,USR_0234,impossible_travel,impossible_travel,impossible_travel,Rule Override: geo_velocity_kmh > 900 km/h AND geo_distance > 500 km
313552fd-3632-488d-a11b-1955171a94b8,2026-05-20 07:18:38+00:00,DEV_0040,impossible_travel,impossible_travel,impossible_travel,Rule Override: geo_velocity_kmh > 900 km/h AND geo_distance > 500 km
07471e5c-49d4-40b4-936b-b9bd72eddbbb,2026-05-20 07:21:35+00:00,USR_0835,normal,unknown,insider_drift,XGBoost ML Classifier
16d0d35d-3c35-476f-91de-fddc5e652235,2026-05-20 07:44:22+00:00,DEV_0632,normal,unknown,unknown,XGBoost ML Classifier
76519bf6-d46b-458f-b7a2-b56483998be3,2026-05-20 08:05:25+00:00,USR_0957,impossible_travel,impossible_travel,impossible_travel,Rule Override: geo_velocity_kmh > 900 km/h AND geo_distance > 500 km
4c08cdda-c9fb-4cd5-b714-ed8d2adb457e,2026-05-20 08:18:53+00:00,SRV_0606,normal,unknown,unknown,XGBoost ML Classifier
b38b65c9-b172-4996-ad7e-c3d11df2f0ad,2026-05-20 09:00:27+00:00,USR_0319,impossible_travel,impossible_travel,impossible_travel,Rule Override: geo_velocity_kmh > 900 km/h AND geo_distance > 500 km
9f84058c-ba6f-4035-ac7f-aa8d29d3089d,2026-05-20 09:09:57+00:00,USR_0296,impossible_travel,impossible_travel,impossible_travel,Rule Override: geo_velocity_kmh > 900 km/h AND geo_distance > 500 km
59aa965a-ea8f-4e91-8384-eafc661d6c7f,2026-05-20 09:14:53+00:00,SRV_0731,normal,unknown,unknown,XGBoost ML Classifier
d43423d4-936b-4743-a65f-747530461f50,2026-05-20 09:28:06+00:00,DEV_0788,normal,unknown,unknown,XGBoost ML Classifier
ae5ec23e-9067-42e3-b703-59971e4a88c4,2026-05-20 09:57:11+00:00,DEV_0013,normal,unknown,unknown,XGBoost ML Classifier
9ecf5e3d-3082-4c18-a12a-45eb85c1eae7,2026-05-20 10:05:42+00:00,USR_0554,normal,unknown,unknown,XGBoost ML Classifier
e6a7fdf8-1757-4bb9-ac26-3c246b836c17,2026-05-20 10:17:19+00:00,DEV_0294,normal,unknown,unknown,XGBoost ML Classifier
7e1ed82d-dd97-430a-ba9c-33ac8aa889e4,2026-05-20 11:02:21+00:00,DEV_0951,normal,unknown,unknown,XGBoost ML Classifier
55cd021f-f4f7-4cba-bcca-634e6d997ceb,2026-05-20 11:09:17+00:00,USR_0264,impossible_travel,impossible_travel,impossible_travel,Rule Override: geo_velocity_kmh > 900 km/h AND geo_distance > 500 km
3f54ebaa-f03a-4659-aa80-6f7f5db5ad2c,2026-05-20 11:23:34+00:00,USR_0638,impossible_travel,impossible_travel,impossible_travel,Rule Override: geo_velocity_kmh > 900 km/h AND geo_distance > 500 km
99f6bdad-af87-471f-a84e-2e13362d7b95,2026-05-20 11:26:00+00:00,USR_0667,insider_drift,insider_drift,unknown,XGBoost ML Classifier
0762e912-f47e-4ccd-9223-55a430a26209,2026-05-20 11:26:59+00:00,USR_0651,normal,unknown,unknown,XGBoost ML Classifier
042d8d14-99c4-4a8d-b824-75aa7b2527aa,2026-05-20 11:31:59+00:00,DEV_0326,normal,unknown,unknown,XGBoost ML Classifier
ed26ead0-863d-4075-8596-27989fab5e59,2026-05-20 11:33:57+00:00,SRV_0538,normal,unknown,unknown,XGBoost ML Classifier
24512ce6-1c71-41ac-bc6d-8aa9fcd948a0,2026-05-20 11:44:12+00:00,SRV_0283,normal,unknown,unknown,XGBoost ML Classifier
a5604e1b-ee8d-41ea-9e7f-3d5cebb090dc,2026-05-20 11:55:27+00:00,USR_0070,normal,unknown,unknown,XGBoost ML Classifier
15be487b-78f8-4979-9aa9-f83be3491344,2026-05-20 12:17:42+00:00,USR_0012,normal,unknown,unknown,XGBoost ML Classifier
1c20fed8-a663-42c0-af0e-086253a59157,2026-05-20 13:08:17+00:00,DEV_0233,impossible_travel,impossible_travel,impossible_travel,Rule Override: geo_velocity_kmh > 900 km/h AND geo_distance > 500 km
c520ec55-04da-49c0-b1d8-d67f3dd61007,2026-05-20 13:22:31+00:00,USR_0955,normal,unknown,unknown,XGBoost ML Classifier
d1a6f1c6-ae01-476c-8e2f-aacb47a029b3,2026-05-20 13:25:15+00:00,DEV_0183,impossible_travel,impossible_travel,impossible_travel,Rule Override: geo_velocity_kmh > 900 km/h AND geo_distance > 500 km
0366b7c8-fb1c-4c23-8ccd-17cd427ce27a,2026-05-20 13:36:06+00:00,USR_0678,impossible_travel,impossible_travel,impossible_travel,Rule Override: geo_velocity_kmh > 900 km/h AND geo_distance > 500 km
0368c552-ef81-4008-81b4-259cacfe7c2c,2026-05-20 13:49:02+00:00,SRV_0184,normal,unknown,unknown,XGBoost ML Classifier
ca74b8f9-05ca-4203-b802-2841123ff8af,2026-05-20 13:50:39+00:00,USR_0138,impossible_travel,impossible_travel,impossible_travel,Rule Override: geo_velocity_kmh > 900 km/h AND geo_distance > 500 km
8c262699-745e-428b-b880-65a5f94ee374,2026-05-20 14:54:24+00:00,USR_0915,impossible_travel,impossible_travel,impossible_travel,Rule Override: geo_velocity_kmh > 900 km/h AND geo_distance > 500 km
5d3cc508-770a-4300-abc3-09a1f507885f,2026-05-20 15:16:52+00:00,USR_0223,normal,unknown,unknown,XGBoost ML Classifier
d1fa65b0-418b-44c6-afc0-e2b40a350f90,2026-05-20 15:41:31+00:00,USR_0911,impossible_travel,impossible_travel,impossible_travel,Rule Override: geo_velocity_kmh > 900 km/h AND geo_distance > 500 km
12fa5fd2-70ae-400c-a7bf-ebf801c7ad43,2026-05-20 15:53:03+00:00,USR_0347,normal,unknown,unknown,XGBoost ML Classifier
ea18c743-0135-4f62-9e1a-b7c8e153feba,2026-05-20 15:53:19+00:00,SRV_0293,normal,unknown,unknown,XGBoost ML Classifier
77a996e3-b551-4376-b268-15a2474e7d01,2026-05-20 15:58:07+00:00,USR_0099,impossible_travel,impossible_travel,impossible_travel,Rule Override: geo_velocity_kmh > 900 km/h AND geo_distance > 500 km
7f0e7849-dd58-4178-a361-83e6a312c470,2026-05-20 16:18:43+00:00,DEV_0290,normal,unknown,unknown,XGBoost ML Classifier
8002f059-64c4-4c20-8cfe-c3887ab4f540,2026-05-20 16:18:48+00:00,USR_0828,normal,unknown,unknown,XGBoost ML Classifier
739457cf-3c7e-4752-98c3-61358a5ef764,2026-05-20 16:23:24+00:00,USR_0774,impossible_travel,impossible_travel,impossible_travel,Rule Override: geo_velocity_kmh > 900 km/h AND geo_distance > 500 km
7ea7f0f9-19a2-46e6-ae51-93f828fd677c,2026-05-20 16:28:18+00:00,SRV_0477,normal,unknown,unknown,XGBoost ML Classifier
59b976eb-f3e0-40de-8f65-e5b7ff9082af,2026-05-20 16:39:54+00:00,USR_0108,impossible_travel,impossible_travel,impossible_travel,Rule Override: geo_velocity_kmh > 900 km/h AND geo_distance > 500 km
6f14215e-eccd-43ce-8e0e-ffc5585dec81,2026-05-20 16:53:15+00:00,USR_0421,impossible_travel,impossible_travel,impossible_travel,Rule Override: geo_velocity_kmh > 900 km/h AND geo_distance > 500 km
644def0b-2cfa-4968-889a-41e7f9076a32,2026-05-20 16:54:22+00:00,USR_0867,impossible_travel,impossible_travel,impossible_travel,Rule Override: geo_velocity_kmh > 900 km/h AND geo_distance > 500 km
ede7513a-e272-433a-896f-e8ed0c9af407,2026-05-20 16:58:36+00:00,USR_0958,impossible_travel,impossible_travel,impossible_travel,Rule Override: geo_velocity_kmh > 900 km/h AND geo_distance > 500 km
079fb017-1699-4e1e-846b-8fb10e7477b1,2026-05-20 17:14:12+00:00,USR_0359,impossible_travel,impossible_travel,impossible_travel,Rule Override: geo_velocity_kmh > 900 km/h AND geo_distance > 500 km
9f0d6b94-59e0-4a0c-8f58-7a83be46930f,2026-05-20 17:19:27+00:00,DEV_0135,normal,unknown,unknown,XGBoost ML Classifier
dda88331-d49f-4291-b445-20af50b72b5e,2026-05-20 17:19:53+00:00,DEV_0260,normal,unknown,unknown,XGBoost ML Classifier
b527d1ec-71ae-4808-9d56-e5b8e82c34e0,2026-05-20 17:38:31+00:00,DEV_0420,normal,unknown,unknown,XGBoost ML Classifier
bd73a601-2e1b-4a6d-9009-c0c687d1a2b1,2026-05-20 17:46:57+00:00,USR_0402,impossible_travel,impossible_travel,impossible_travel,Rule Override: geo_velocity_kmh > 900 km/h AND geo_distance > 500 km
3321bf07-77cd-4f5c-a0f7-f390afbd9863,2026-05-20 17:47:05+00:00,USR_0088,impossible_travel,impossible_travel,impossible_travel,Rule Override: geo_velocity_kmh > 900 km/h AND geo_distance > 500 km
20fa02be-4752-401b-8aa1-4269d3bb778b,2026-05-20 17:53:27+00:00,USR_0323,impossible_travel,impossible_travel,impossible_travel,Rule Override: geo_velocity_kmh > 900 km/h AND geo_distance > 500 km
bed203f9-0a29-4f82-ad35-7631ce6c0363,2026-05-20 18:11:08+00:00,USR_0422,impossible_travel,impossible_travel,impossible_travel,Rule Override: geo_velocity_kmh > 900 km/h AND geo_distance > 500 km
c71af4e9-1e9f-4103-8d20-4f3e778f79da,2026-05-20 18:27:34+00:00,DEV_0420,normal,unknown,unknown,XGBoost ML Classifier
d6ee0b7b-bd64-4182-ad61-6781cbf41b9b,2026-05-20 18:53:46+00:00,SRV_0372,normal,unknown,unknown,XGBoost ML Classifier
954ab00b-26f1-4821-823c-729af0c71d33,2026-05-20 18:59:27+00:00,SRV_0709,normal,unknown,unknown,XGBoost ML Classifier
4d88ad1f-3d06-4c68-a343-deda61ddd8ea,2026-05-20 19:16:56+00:00,DEV_0788,normal,unknown,unknown,XGBoost ML Classifier
3e28467a-8e9e-4049-8479-ed445a798a3f,2026-05-20 20:05:27+00:00,SRV_0128,normal,unknown,unknown,XGBoost ML Classifier
f226a532-ff34-4601-96b9-c0f0c0b38b9d,2026-05-20 20:39:25+00:00,DEV_0274,normal,unknown,unknown,XGBoost ML Classifier
1bf20c80-e9a4-4a0a-bcaf-fbb6c70e04ff,2026-05-20 20:47:47+00:00,USR_0330,impossible_travel,impossible_travel,impossible_travel,Rule Override: geo_velocity_kmh > 900 km/h AND geo_distance > 500 km
792c0787-aeba-41e6-ada6-ad75e6bbab8b,2026-05-20 21:29:29.564429+00:00,USR_0117,lateral_movement,lateral_movement,lateral_movement,XGBoost ML Classifier
1c722fab-f2a1-438c-ab08-ba2debd0f186,2026-05-20 21:34:02.059514+00:00,USR_0117,lateral_movement,lateral_movement,lateral_movement,XGBoost ML Classifier
685baec1-8024-4b2c-a2dd-5709e0887961,2026-05-20 21:45:15+00:00,DEV_0902,normal,unknown,unknown,XGBoost ML Classifier
adab43fd-48d6-458a-99ea-aff09b8c1451,2026-05-20 22:39:10+00:00,DEV_0144,normal,unknown,unknown,XGBoost ML Classifier
43c4a26b-9eec-43b9-ab84-177275a038f3,2026-05-20 23:59:24+00:00,DEV_0932,normal,unknown,unknown,XGBoost ML Classifier
0f38b7a8-30d5-4272-82fa-ac42c3d2248f,2026-05-20 23:59:26.555000+00:00,DEV_0537,normal,unknown,unknown,XGBoost ML Classifier
3ecd8515-9e64-4a21-b3f0-052027464035,2026-05-21 01:04:03+00:00,DEV_0065,normal,unknown,unknown,XGBoost ML Classifier
a9cad5c1-7bb8-447c-84a9-5b59019148ce,2026-05-21 01:10:11+00:00,USR_0062,low_slow_exfil,low_slow_exfil,low_slow_exfil,XGBoost ML Classifier
51850059-45bb-4eae-ab13-00560b74ecb3,2026-05-21 01:13:19+00:00,USR_0206,low_slow_exfil,low_slow_exfil,low_slow_exfil,XGBoost ML Classifier
3f93956a-0882-421e-872b-e9047e656b7a,2026-05-21 01:20:45+00:00,SRV_0401,normal,unknown,low_slow_exfil,XGBoost ML Classifier
c9b2c456-48be-4bd0-bb0d-186ba7d1c247,2026-05-21 01:24:18+00:00,USR_0415,low_slow_exfil,low_slow_exfil,low_slow_exfil,XGBoost ML Classifier
e1f76728-c07e-4fee-a066-0faca35fdc3c,2026-05-21 01:33:41+00:00,USR_0172,low_slow_exfil,low_slow_exfil,low_slow_exfil,XGBoost ML Classifier
3710ec3d-a5ac-4e5e-b8cd-e39e5c6b7940,2026-05-21 01:37:42+00:00,USR_0331,low_slow_exfil,low_slow_exfil,low_slow_exfil,XGBoost ML Classifier
3daace1b-beea-45bc-aa8a-1b0116e8087b,2026-05-21 01:41:31+00:00,USR_0793,low_slow_exfil,low_slow_exfil,low_slow_exfil,XGBoost ML Classifier
8df405dd-e20d-443c-a3f1-ce14ed1a20bc,2026-05-21 01:43:56+00:00,USR_0044,low_slow_exfil,low_slow_exfil,low_slow_exfil,XGBoost ML Classifier
7967cf23-8200-40c9-bee6-a7abf4327a60,2026-05-21 01:44:26+00:00,USR_0351,low_slow_exfil,low_slow_exfil,low_slow_exfil,XGBoost ML Classifier
122ee872-dc50-4550-974e-481f93ea34cc,2026-05-21 01:52:06+00:00,DEV_0013,device_spoofing,device_spoofing,device_spoofing,XGBoost ML Classifier
b44c856d-bfbd-49b0-8386-69633dc8fae5,2026-05-21 01:53:41+00:00,USR_0307,low_slow_exfil,low_slow_exfil,low_slow_exfil,XGBoost ML Classifier
a5ab0b25-486d-4e27-8c67-4ea1e8fb9765,2026-05-21 01:54:00+00:00,USR_0793,low_slow_exfil,low_slow_exfil,low_slow_exfil,XGBoost ML Classifier
2e1306b2-d373-4b5d-8f39-a78dc8ec13fb,2026-05-21 02:26:16+00:00,SRV_0728,normal,unknown,unknown,XGBoost ML Classifier
55ec01a3-4c75-497c-b6ca-7fb99e548bcc,2026-05-21 02:44:56+00:00,USR_0351,low_slow_exfil,low_slow_exfil,low_slow_exfil,XGBoost ML Classifier
e1e2632a-16cf-4c34-a5eb-7b801887f952,2026-05-21 02:45:29+00:00,USR_0978,low_slow_exfil,low_slow_exfil,low_slow_exfil,XGBoost ML Classifier
2ff1de02-be1c-4c5f-a564-a291fe133dc4,2026-05-21 02:50:20+00:00,USR_0949,low_slow_exfil,low_slow_exfil,low_slow_exfil,XGBoost ML Classifier
a99b29ca-a061-441d-bb6d-eecba4427933,2026-05-21 02:50:32+00:00,USR_0331,low_slow_exfil,low_slow_exfil,low_slow_exfil,XGBoost ML Classifier
25e179d2-778f-4c68-9187-0bf1c2bd84cd,2026-05-21 02:56:43+00:00,USR_0386,low_slow_exfil,low_slow_exfil,low_slow_exfil,XGBoost ML Classifier
2cc97b5f-c2f7-4010-89d5-7ac10944e137,2026-05-21 02:58:07+00:00,USR_0830,low_slow_exfil,low_slow_exfil,low_slow_exfil,XGBoost ML Classifier
2e5999f2-d9a2-4aed-b7a5-398a70b04c60,2026-05-21 03:00:02+00:00,USR_0331,low_slow_exfil,low_slow_exfil,low_slow_exfil,XGBoost ML Classifier
b5404c8b-bd71-4424-9247-0a0a1061f785,2026-05-21 03:05:28+00:00,DEV_0420,normal,unknown,unknown,XGBoost ML Classifier
c028cbc9-3004-462e-aee0-a663c44df37b,2026-05-21 03:08:53+00:00,USR_0978,low_slow_exfil,low_slow_exfil,low_slow_exfil,XGBoost ML Classifier
ef1550aa-9411-4499-bf67-262a2b2d3e7b,2026-05-21 03:21:05+00:00,USR_0364,low_slow_exfil,low_slow_exfil,low_slow_exfil,XGBoost ML Classifier
b8df96e8-6bd2-4c35-9282-212b3f84565e,2026-05-21 03:35:58+00:00,SRV_0131,normal,unknown,unknown,XGBoost ML Classifier
a7d9185b-513a-4123-9db8-bc3341d0fcbc,2026-05-21 03:39:17+00:00,USR_0364,low_slow_exfil,low_slow_exfil,low_slow_exfil,XGBoost ML Classifier
68d0c9cd-7eee-4a2d-8730-6269510d4555,2026-05-21 03:53:42+00:00,USR_0830,low_slow_exfil,low_slow_exfil,low_slow_exfil,XGBoost ML Classifier
46d044f8-6eb9-4b10-90c3-f5155c26f1c6,2026-05-21 03:56:41+00:00,DEV_0237,normal,unknown,unknown,XGBoost ML Classifier
12c56d01-21ea-4bd4-a37b-cc30a3f5532b,2026-05-21 03:56:59+00:00,USR_0411,low_slow_exfil,low_slow_exfil,low_slow_exfil,XGBoost ML Classifier
0aedfb03-ecd4-4dd5-b8a4-a5a29b44418a,2026-05-21 04:22:45+00:00,DEV_0311,normal,unknown,unknown,XGBoost ML Classifier
239d2f46-ceaa-422c-a535-037c78e98c81,2026-05-21 04:47:51+00:00,DEV_0177,normal,unknown,unknown,XGBoost ML Classifier
c478036f-9e03-4c38-8437-cf258eefe3bd,2026-05-21 05:09:55+00:00,SRV_0086,normal,unknown,unknown,XGBoost ML Classifier
180c51f7-5362-494a-9e66-9d766dd838fe,2026-05-21 05:10:57+00:00,SRV_0729,normal,unknown,unknown,XGBoost ML Classifier
9eefa59d-e3b9-410e-9c22-0f674e9a55cb,2026-05-21 05:35:53+00:00,SRV_0641,impossible_travel,impossible_travel,impossible_travel,Rule Override: geo_velocity_kmh > 900 km/h AND geo_distance > 500 km
be6f6465-cbb5-45f4-a4fc-a915e577da26,2026-05-21 06:06:41+00:00,DEV_0368,normal,unknown,unknown,XGBoost ML Classifier
c5e65a1a-c2ad-48f3-b197-13c80f5a548a,2026-05-21 06:16:55+00:00,DEV_0177,normal,unknown,unknown,XGBoost ML Classifier
f4f4d2d2-d9b4-4491-bd39-94fd8ae32395,2026-05-21 06:47:25+00:00,USR_0298,normal,unknown,unknown,XGBoost ML Classifier
8a0c247d-ecf3-4536-ba5e-569b19bfeda0,2026-05-21 07:03:43+00:00,DEV_0332,normal,unknown,unknown,XGBoost ML Classifier
c719affd-8365-4394-bbd0-ec089ed0dc8b,2026-05-21 07:32:52.902977+00:00,USR_0982,lateral_movement,lateral_movement,lateral_movement,XGBoost ML Classifier
a0d5430d-3964-488c-a332-acb956616003,2026-05-21 07:36:06.440505+00:00,USR_0982,lateral_movement,lateral_movement,lateral_movement,XGBoost ML Classifier
c90a0a8b-3235-4d1d-af63-f1640b027417,2026-05-21 07:54:21+00:00,USR_0170,impossible_travel,impossible_travel,impossible_travel,Rule Override: geo_velocity_kmh > 900 km/h AND geo_distance > 500 km
5ecaab1a-5d79-454f-878a-6d6367f1d45f,2026-05-21 08:02:37+00:00,SRV_0162,impossible_travel,impossible_travel,impossible_travel,Rule Override: geo_velocity_kmh > 900 km/h AND geo_distance > 500 km
522c58a3-987a-47ba-a475-b4d5d7447c0f,2026-05-21 08:06:30+00:00,SRV_0797,normal,unknown,unknown,XGBoost ML Classifier
9d85c481-e8b8-4264-9c5d-457b7388b08c,2026-05-21 08:40:47+00:00,SRV_0728,normal,unknown,unknown,XGBoost ML Classifier
d9f5ccc2-0a3a-490a-a011-277e9d185552,2026-05-21 08:40:55+00:00,USR_0880,normal,unknown,unknown,XGBoost ML Classifier
cf213cdd-4b7c-450e-93ee-ef35e2294a4b,2026-05-21 08:52:21+00:00,DEV_0983,impossible_travel,impossible_travel,impossible_travel,Rule Override: geo_velocity_kmh > 900 km/h AND geo_distance > 500 km
8c31b5e8-25a5-4f5d-8786-935bba27c381,2026-05-21 09:00:16+00:00,USR_0582,impossible_travel,impossible_travel,impossible_travel,Rule Override: geo_velocity_kmh > 900 km/h AND geo_distance > 500 km
de1574c8-0cf2-4cc8-af9f-1a2c982fecb9,2026-05-21 09:01:10+00:00,DEV_0799,normal,unknown,unknown,XGBoost ML Classifier
7e822296-46fb-4447-8963-c1f4f91d8d76,2026-05-21 09:04:05+00:00,DEV_0849,normal,unknown,unknown,XGBoost ML Classifier
863d8264-902e-49f8-9f9b-f544f8da62a1,2026-05-21 09:15:55+00:00,USR_0157,impossible_travel,impossible_travel,impossible_travel,Rule Override: geo_velocity_kmh > 900 km/h AND geo_distance > 500 km
3d673138-974d-466e-b297-e50e6976ee0c,2026-05-21 09:24:16+00:00,SRV_0480,normal,unknown,unknown,XGBoost ML Classifier
3d4cb8eb-5bd3-4cb7-86b7-9016c27e7740,2026-05-21 09:25:13+00:00,DEV_0514,normal,unknown,unknown,XGBoost ML Classifier
6643fc9b-6c79-4883-a8f7-81893b611d63,2026-05-21 09:49:58+00:00,USR_0478,impossible_travel,impossible_travel,impossible_travel,Rule Override: geo_velocity_kmh > 900 km/h AND geo_distance > 500 km
cb0382b3-7717-441f-aa7e-aaede26f971d,2026-05-21 10:02:43+00:00,DEV_0635,normal,unknown,unknown,XGBoost ML Classifier
ec841c79-e07f-42a7-b39f-ceb2ca88b679,2026-05-21 10:06:45+00:00,USR_0204,impossible_travel,impossible_travel,impossible_travel,Rule Override: geo_velocity_kmh > 900 km/h AND geo_distance > 500 km
1299015b-33d6-42f6-af32-ec6817aa7dbc,2026-05-21 10:16:06+00:00,USR_0955,normal,unknown,unknown,XGBoost ML Classifier
61882c6b-f8ec-4bfa-abd5-a28284825fc9,2026-05-21 10:42:15+00:00,USR_0920,normal,unknown,unknown,XGBoost ML Classifier
25152ea4-e024-4afc-a88d-1f766f470301,2026-05-21 10:46:39+00:00,DEV_0862,normal,unknown,unknown,XGBoost ML Classifier
58850415-2186-406e-820f-3e53b582d35a,2026-05-21 10:56:23+00:00,SRV_0728,normal,unknown,unknown,XGBoost ML Classifier
fd7b4cee-9af5-4d0f-9239-da964352a068,2026-05-21 11:00:28+00:00,SRV_0950,impossible_travel,impossible_travel,impossible_travel,Rule Override: geo_velocity_kmh > 900 km/h AND geo_distance > 500 km
4a255754-f32f-4fd4-8f98-82f9c96d40ff,2026-05-21 11:08:41+00:00,USR_0803,impossible_travel,impossible_travel,impossible_travel,Rule Override: geo_velocity_kmh > 900 km/h AND geo_distance > 500 km
9756b240-da1f-4392-8bc2-472b8d6ee148,2026-05-21 11:42:10+00:00,SRV_0709,normal,unknown,unknown,XGBoost ML Classifier
fbc97ca8-785a-4c77-8b1b-d77d6dbf8668,2026-05-21 12:15:55+00:00,DEV_0274,normal,unknown,unknown,XGBoost ML Classifier
7874e2b4-56e4-4efe-91fe-a709e78f7f08,2026-05-21 12:19:16+00:00,USR_0175,impossible_travel,impossible_travel,impossible_travel,Rule Override: geo_velocity_kmh > 900 km/h AND geo_distance > 500 km
58dde01b-3a87-4869-83e0-7ad6936abba7,2026-05-21 12:40:16+00:00,SRV_0729,normal,unknown,unknown,XGBoost ML Classifier
c850e75d-7138-418c-89ee-b04042e63a0e,2026-05-21 12:51:48+00:00,USR_0520,impossible_travel,impossible_travel,impossible_travel,Rule Override: geo_velocity_kmh > 900 km/h AND geo_distance > 500 km
c57cc4a8-4ac7-4555-aac6-66e51a9be73b,2026-05-21 13:28:37+00:00,SRV_0728,normal,unknown,unknown,XGBoost ML Classifier
9d5e61ad-e057-476a-a268-f444754232f9,2026-05-21 13:46:13+00:00,DEV_0294,normal,unknown,unknown,XGBoost ML Classifier
1754ffb4-9058-4ce8-a6c4-1a47b91d8d73,2026-05-21 13:50:01+00:00,DEV_0137,normal,unknown,unknown,XGBoost ML Classifier
39eac8f7-c644-4852-b74e-f097c457ed53,2026-05-21 13:50:44+00:00,SRV_0591,normal,unknown,unknown,XGBoost ML Classifier
0f500fd4-b78b-4930-866e-bafe3e3e2755,2026-05-21 13:55:31+00:00,USR_0720,impossible_travel,impossible_travel,impossible_travel,Rule Override: geo_velocity_kmh > 900 km/h AND geo_distance > 500 km
338ec2c1-c6fe-44b3-8d39-f02d69140329,2026-05-21 14:16:31+00:00,USR_0272,impossible_travel,impossible_travel,impossible_travel,Rule Override: geo_velocity_kmh > 900 km/h AND geo_distance > 500 km
1b32bce5-7e8c-42c2-9d68-9d239e6bec0e,2026-05-21 14:46:56+00:00,DEV_0237,normal,unknown,unknown,XGBoost ML Classifier
bc8a937b-43aa-46da-810d-fd7bb32b4484,2026-05-21 14:54:32+00:00,USR_0695,insider_drift,insider_drift,insider_drift,XGBoost ML Classifier
b6108674-4dad-41d8-a614-12623e5c2e51,2026-05-21 15:03:13+00:00,SRV_0129,normal,unknown,unknown,XGBoost ML Classifier
34dc20c2-5615-45cc-beca-2fa7631a74ae,2026-05-21 15:14:19+00:00,USR_0277,impossible_travel,impossible_travel,impossible_travel,Rule Override: geo_velocity_kmh > 900 km/h AND geo_distance > 500 km
3edf321d-3c0b-4274-a5e1-3dabff423507,2026-05-21 15:15:20+00:00,USR_0879,impossible_travel,impossible_travel,impossible_travel,Rule Override: geo_velocity_kmh > 900 km/h AND geo_distance > 500 km
593962b6-0183-4a6a-a77f-5775ed0bbd30,2026-05-21 15:29:19+00:00,DEV_0294,normal,unknown,unknown,XGBoost ML Classifier
22106dcf-f8ff-47f1-b508-82f5a65ede83,2026-05-21 15:38:51+00:00,USR_0885,normal,unknown,unknown,XGBoost ML Classifier
fcdc89c0-a609-4c55-b5d6-63d12d057e2c,2026-05-21 15:47:33+00:00,SRV_0480,normal,unknown,unknown,XGBoost ML Classifier
14d4ead8-e469-4163-884a-434907f8b5fa,2026-05-21 15:49:26+00:00,USR_0149,impossible_travel,impossible_travel,impossible_travel,Rule Override: geo_velocity_kmh > 900 km/h AND geo_distance > 500 km
fce3f90c-41a7-4289-960a-61d002c31596,2026-05-21 15:56:51+00:00,DEV_0233,normal,unknown,unknown,XGBoost ML Classifier
6dbbc630-d792-47cc-bb97-b3fb348b510c,2026-05-21 16:10:23+00:00,SRV_0283,normal,unknown,unknown,XGBoost ML Classifier
860d8791-9627-4f90-a5a2-a82dbbdc4db0,2026-05-21 16:21:25+00:00,DEV_0163,normal,unknown,unknown,XGBoost ML Classifier
d2b60c91-02ce-4b8e-9346-d37d9f074986,2026-05-21 16:37:08+00:00,SRV_0677,normal,unknown,unknown,XGBoost ML Classifier
64af8af6-f2d5-4cd8-a1dd-fc26ede6efc6,2026-05-21 16:38:52+00:00,USR_0432,impossible_travel,impossible_travel,impossible_travel,Rule Override: geo_velocity_kmh > 900 km/h AND geo_distance > 500 km
c6846cf3-a9dc-43e1-8f6e-5b9f70b48b12,2026-05-21 16:50:12+00:00,SRV_0798,normal,unknown,unknown,XGBoost ML Classifier
bddbe046-b010-4316-b9f2-9acef7687715,2026-05-21 16:57:37+00:00,USR_0940,impossible_travel,impossible_travel,impossible_travel,Rule Override: geo_velocity_kmh > 900 km/h AND geo_distance > 500 km
58e0c2db-025a-4d87-b3cb-003400c6238c,2026-05-21 17:06:58+00:00,USR_0686,impossible_travel,impossible_travel,impossible_travel,Rule Override: geo_velocity_kmh > 900 km/h AND geo_distance > 500 km
40d334fe-3d95-4fc7-9850-0dddf56bd1f3,2026-05-21 17:07:24+00:00,SRV_0731,normal,unknown,unknown,XGBoost ML Classifier
51052953-9f79-4255-9cc9-a9b1a8a38e04,2026-05-21 17:16:09+00:00,SRV_0156,normal,unknown,unknown,XGBoost ML Classifier
c374775e-e2ec-4e09-931d-8db12499d242,2026-05-21 17:51:11+00:00,USR_0918,impossible_travel,impossible_travel,impossible_travel,Rule Override: geo_velocity_kmh > 900 km/h AND geo_distance > 500 km
45ad4e07-1156-4bda-950d-39611aa5bb55,2026-05-21 17:56:48+00:00,USR_0604,impossible_travel,impossible_travel,impossible_travel,Rule Override: geo_velocity_kmh > 900 km/h AND geo_distance > 500 km
53311b97-00b6-45e1-aa9a-74eab8e9f644,2026-05-21 18:10:28+00:00,DEV_0237,normal,unknown,unknown,XGBoost ML Classifier
b6bbbba1-7fe0-4b9c-99c2-78d73335e3d3,2026-05-21 18:57:22+00:00,USR_0277,normal,unknown,insider_drift,XGBoost ML Classifier
41745f18-819c-4a3c-84a5-ff1a048f1cd9,2026-05-21 19:09:52+00:00,DEV_0294,normal,unknown,unknown,XGBoost ML Classifier
df066b47-09d9-4714-9cad-05534ad5b894,2026-05-21 20:09:10+00:00,USR_0665,normal,unknown,unknown,XGBoost ML Classifier
9819def2-3df0-4f75-abac-39e870cab389,2026-05-21 20:26:50+00:00,DEV_0009,normal,unknown,unknown,XGBoost ML Classifier
106d0043-7b36-480e-9ec4-02df34587579,2026-05-21 21:25:22+00:00,DEV_0429,normal,unknown,unknown,XGBoost ML Classifier
86116fb6-9d56-406e-af21-b241c1db0ce7,2026-05-21 21:30:25+00:00,USR_0223,normal,unknown,unknown,XGBoost ML Classifier
3b717e7b-6596-4472-8f01-3327dd2f296b,2026-05-21 21:48:40+00:00,DEV_0063,normal,unknown,unknown,XGBoost ML Classifier
64bff519-67b9-4924-b5c0-daa4a42f96ed,2026-05-21 23:35:04+00:00,DEV_0877,normal,unknown,unknown,XGBoost ML Classifier
bd335af9-ad92-44f0-afcc-2f8334a0284f,2026-05-21 23:59:24+00:00,DEV_0420,normal,unknown,unknown,XGBoost ML Classifier
ab71140c-93d4-4628-94e3-6e077a00b783,2026-05-21 23:59:24+00:00,DEV_0849,normal,unknown,unknown,XGBoost ML Classifier
9ba3d56f-f7b7-4ba4-899e-55657324f3e5,2026-05-22 00:00:00+00:00,DEV_0890,normal,unknown,unknown,XGBoost ML Classifier
d911d073-4894-439b-9f5f-88482bbc66db,2026-05-22 00:00:00+00:00,SRV_0936,normal,unknown,unknown,XGBoost ML Classifier
59dd03e1-64a3-46a3-a47d-ea322ceacb69,2026-05-22 00:11:00+00:00,DEV_0177,impossible_travel,impossible_travel,impossible_travel,Rule Override: geo_velocity_kmh > 900 km/h AND geo_distance > 500 km
dea2869f-4a38-407d-823e-7f22b7af6ef1,2026-05-22 00:15:24+00:00,SRV_0697,impossible_travel,impossible_travel,impossible_travel,Rule Override: geo_velocity_kmh > 900 km/h AND geo_distance > 500 km
f8578e4d-0048-4fdd-a46f-e74aa4faa0a3,2026-05-22 01:00:17+00:00,USR_0351,low_slow_exfil,low_slow_exfil,low_slow_exfil,XGBoost ML Classifier
c4999266-d737-4f44-8a93-35c99865a113,2026-05-22 01:11:43+00:00,USR_0415,low_slow_exfil,low_slow_exfil,low_slow_exfil,XGBoost ML Classifier
824c68f8-79b3-44c9-a2cf-e26b5d43c61f,2026-05-22 01:11:49+00:00,USR_0044,low_slow_exfil,low_slow_exfil,low_slow_exfil,XGBoost ML Classifier
8ef08b50-f4a0-49b9-be8d-bb54b1075dd2,2026-05-22 01:29:23+00:00,USR_0331,low_slow_exfil,low_slow_exfil,low_slow_exfil,XGBoost ML Classifier
1303be2c-8e67-47a3-9ee1-1b94e45a9a93,2026-05-22 01:39:15+00:00,USR_0411,low_slow_exfil,low_slow_exfil,low_slow_exfil,XGBoost ML Classifier
7b5c6fa4-233d-494f-9bdf-251f75ece72d,2026-05-22 01:48:30+00:00,USR_0386,low_slow_exfil,low_slow_exfil,low_slow_exfil,XGBoost ML Classifier
fabb7e4a-ff51-422f-83ae-0155a5d98c77,2026-05-22 02:02:52+00:00,DEV_0437,impossible_travel,impossible_travel,impossible_travel,Rule Override: geo_velocity_kmh > 900 km/h AND geo_distance > 500 km
996f573a-a063-4ec3-901c-3e5fc2b98cc5,2026-05-22 02:10:16+00:00,USR_0331,low_slow_exfil,low_slow_exfil,low_slow_exfil,XGBoost ML Classifier
c6ee1acd-b890-4cf3-8fd6-bd246039f782,2026-05-22 02:17:28+00:00,USR_0206,low_slow_exfil,low_slow_exfil,low_slow_exfil,XGBoost ML Classifier
de444c60-e068-4deb-8eb7-482302061027,2026-05-22 02:17:50+00:00,USR_0499,low_slow_exfil,low_slow_exfil,low_slow_exfil,XGBoost ML Classifier
b585d8b9-89d3-45fc-b714-0bd3ac018ac8,2026-05-22 02:29:19+00:00,USR_0364,low_slow_exfil,low_slow_exfil,low_slow_exfil,XGBoost ML Classifier
e3490add-75aa-4949-a650-da3ada8829c7,2026-05-22 02:29:26+00:00,USR_0172,low_slow_exfil,low_slow_exfil,low_slow_exfil,XGBoost ML Classifier
e269d2ed-5886-4c38-b1cc-1c957843a5e5,2026-05-22 02:29:57+00:00,DEV_0212,normal,unknown,unknown,XGBoost ML Classifier
122de8d5-7d3a-4b70-b828-696157c2d084,2026-05-22 02:30:19+00:00,USR_0830,low_slow_exfil,low_slow_exfil,low_slow_exfil,XGBoost ML Classifier
e5a42f6c-e8a3-4953-aad6-55af2963e3aa,2026-05-22 02:45:22+00:00,SRV_0645,normal,unknown,unknown,XGBoost ML Classifier
5f107939-97c2-4eef-a598-cb8bc0033c7a,2026-05-22 02:49:09+00:00,USR_0830,low_slow_exfil,low_slow_exfil,low_slow_exfil,XGBoost ML Classifier
1ba2d13a-7a2a-49ce-bae6-38bdd7162d31,2026-05-22 02:56:04+00:00,USR_0331,low_slow_exfil,low_slow_exfil,low_slow_exfil,XGBoost ML Classifier
91762b9f-f0a0-4cd2-a003-03491b6b3252,2026-05-22 02:56:15+00:00,SRV_0232,normal,unknown,low_slow_exfil,XGBoost ML Classifier
96c599c3-47dd-408a-93b8-62262ffca3e8,2026-05-22 03:00:09+00:00,USR_0793,low_slow_exfil,low_slow_exfil,low_slow_exfil,XGBoost ML Classifier
aef60df7-6467-4c1b-9529-b8c0005fb9e8,2026-05-22 03:01:42+00:00,USR_0364,low_slow_exfil,low_slow_exfil,low_slow_exfil,XGBoost ML Classifier
961a47b8-22fd-4435-a978-2038d2cfe047,2026-05-22 03:02:05+00:00,USR_0044,low_slow_exfil,low_slow_exfil,low_slow_exfil,XGBoost ML Classifier
5ffa97c6-4f6b-4bf2-ad03-0a44b3db539c,2026-05-22 03:03:17+00:00,USR_0411,low_slow_exfil,low_slow_exfil,low_slow_exfil,XGBoost ML Classifier
301c1663-efb8-4591-85c7-7a4ad553b355,2026-05-22 03:06:06+00:00,DEV_0534,normal,unknown,unknown,XGBoost ML Classifier
ea22c64f-337a-4bf3-a190-d73053a2a8d3,2026-05-22 03:08:01+00:00,USR_0351,low_slow_exfil,low_slow_exfil,low_slow_exfil,XGBoost ML Classifier
65db9cf6-5625-41e2-b04d-afce2acf5151,2026-05-22 03:15:16+00:00,SRV_0401,normal,unknown,unknown,XGBoost ML Classifier
4e0547ce-eba0-4942-a6f2-0cb3e1ace321,2026-05-22 03:30:19.660245+00:00,USR_0302,lateral_movement,lateral_movement,unknown,XGBoost ML Classifier
77cfa910-d42f-447d-bc05-5c415eb056df,2026-05-22 03:35:56+00:00,DEV_0700,normal,unknown,unknown,XGBoost ML Classifier
b8627cae-4a71-4348-b525-61b16b613749,2026-05-22 03:40:06+00:00,USR_0978,low_slow_exfil,low_slow_exfil,low_slow_exfil,XGBoost ML Classifier
4ae991da-1f3f-4b05-9626-900b4026febf,2026-05-22 03:40:16+00:00,USR_0062,low_slow_exfil,low_slow_exfil,low_slow_exfil,XGBoost ML Classifier
487cab1e-af94-4a68-8c9e-a9fb72fd92f9,2026-05-22 03:43:19+00:00,USR_0331,low_slow_exfil,low_slow_exfil,low_slow_exfil,XGBoost ML Classifier
f17ae446-b258-4d4d-b40b-37e6b7c2efed,2026-05-22 03:47:01+00:00,DEV_0449,impossible_travel,impossible_travel,impossible_travel,Rule Override: geo_velocity_kmh > 900 km/h AND geo_distance > 500 km
b20457e4-24bf-485e-9f3b-8d133a13ccaf,2026-05-22 03:47:41+00:00,DEV_0787,normal,unknown,unknown,XGBoost ML Classifier
a033c097-9611-4411-beab-3375557a674c,2026-05-22 03:49:14+00:00,DEV_0932,normal,unknown,unknown,XGBoost ML Classifier
c1f6f5b9-385a-45fd-85ee-1afc62af26ff,2026-05-22 04:12:23+00:00,SRV_0823,normal,unknown,unknown,XGBoost ML Classifier
135fce26-95bc-4ff4-8e44-60e803a9b66c,2026-05-22 04:16:23+00:00,DEV_0009,normal,unknown,unknown,XGBoost ML Classifier
c0791126-3875-4036-86fe-2daf022516a5,2026-05-22 04:22:45+00:00,DEV_0245,normal,unknown,unknown,XGBoost ML Classifier
f81e623c-5a0a-4e4f-aa9f-b45731d9edff,2026-05-22 05:49:52+00:00,DEV_0837,normal,unknown,unknown,XGBoost ML Classifier
ee740159-1bae-4090-91fb-411954e2eab6,2026-05-22 05:53:17+00:00,SRV_0717,device_spoofing,device_spoofing,device_spoofing,XGBoost ML Classifier
576faace-1d74-44f0-a5a9-b28b0953baa6,2026-05-22 06:31:35+00:00,SRV_0404,normal,unknown,unknown,XGBoost ML Classifier
36e07fb8-f45c-4219-a566-9e8e542a02f2,2026-05-22 06:49:06+00:00,USR_0920,impossible_travel,impossible_travel,impossible_travel,Rule Override: geo_velocity_kmh > 900 km/h AND geo_distance > 500 km
9b982b6d-869f-4ab7-b938-fdb4b32db0a8,2026-05-22 06:55:51+00:00,USR_0409,normal,unknown,unknown,XGBoost ML Classifier
f1acc965-1a39-46c0-b1d0-fdae1504e0bf,2026-05-22 08:00:36+00:00,DEV_0311,normal,unknown,unknown,XGBoost ML Classifier
4ff62e88-6ea0-4dff-924c-c00dc8eebdf9,2026-05-22 08:13:35+00:00,DEV_0144,normal,unknown,unknown,XGBoost ML Classifier
a42a2b67-9b86-4ec4-a0e5-1467bf0eb746,2026-05-22 08:21:33+00:00,USR_0878,impossible_travel,impossible_travel,impossible_travel,Rule Override: geo_velocity_kmh > 900 km/h AND geo_distance > 500 km
17d50fd4-f377-4f1a-bbd2-92b441c547e7,2026-05-22 08:54:50+00:00,DEV_0237,normal,unknown,unknown,XGBoost ML Classifier
70929067-9cc1-453c-b25c-ab2b68bd541d,2026-05-22 08:57:54+00:00,USR_0102,impossible_travel,impossible_travel,impossible_travel,Rule Override: geo_velocity_kmh > 900 km/h AND geo_distance > 500 km
a09d5fa8-0c7a-4710-8866-fa24f08a1130,2026-05-22 09:02:25+00:00,USR_0751,impossible_travel,impossible_travel,impossible_travel,Rule Override: geo_velocity_kmh > 900 km/h AND geo_distance > 500 km
a4a1f4c9-3292-4cab-9d6b-73ea54777108,2026-05-22 09:25:50+00:00,SRV_0301,normal,unknown,unknown,XGBoost ML Classifier
0098cca5-735a-464e-848a-810aa42381dd,2026-05-22 09:58:34+00:00,DEV_0084,normal,unknown,unknown,XGBoost ML Classifier
73f8ae1c-a5b3-496c-acce-67e350500078,2026-05-22 10:10:03+00:00,USR_0949,impossible_travel,impossible_travel,impossible_travel,Rule Override: geo_velocity_kmh > 900 km/h AND geo_distance > 500 km
376bc4ac-3de6-40c7-b8e1-843db0d48478,2026-05-22 10:19:57.778202+00:00,USR_0522,lateral_movement,lateral_movement,lateral_movement,XGBoost ML Classifier
9bdcbc81-26d4-4d6b-a2b1-1600db85c305,2026-05-22 10:20:19.861243+00:00,USR_0522,lateral_movement,lateral_movement,lateral_movement,XGBoost ML Classifier
22ca6dca-f9ff-45c7-b407-1ecc1843a8c3,2026-05-22 10:21:00.729079+00:00,USR_0522,lateral_movement,lateral_movement,lateral_movement,XGBoost ML Classifier
61c4e4d8-a62a-404e-a2b8-340787be8e12,2026-05-22 10:39:38+00:00,USR_0758,impossible_travel,impossible_travel,impossible_travel,Rule Override: geo_velocity_kmh > 900 km/h AND geo_distance > 500 km
a4864e0b-e79c-4794-851f-13f6ab95b972,2026-05-22 11:19:19+00:00,USR_0215,normal,unknown,unknown,XGBoost ML Classifier
cfc0f9ab-881f-4e6b-bce0-627e88182aac,2026-05-22 12:05:44+00:00,SRV_0841,normal,unknown,unknown,XGBoost ML Classifier
799102bd-948c-4189-81b8-759bf20fd58f,2026-05-22 12:17:53+00:00,USR_0845,impossible_travel,impossible_travel,impossible_travel,Rule Override: geo_velocity_kmh > 900 km/h AND geo_distance > 500 km
3454684d-441b-43e1-a644-d98f5aebd582,2026-05-22 12:18:20+00:00,USR_0501,impossible_travel,impossible_travel,impossible_travel,Rule Override: geo_velocity_kmh > 900 km/h AND geo_distance > 500 km
2805a437-d573-4788-b128-25c624846ac6,2026-05-22 12:26:33+00:00,USR_0347,impossible_travel,impossible_travel,impossible_travel,Rule Override: geo_velocity_kmh > 900 km/h AND geo_distance > 500 km
bfc05f93-d696-4194-9f72-ee93f0e74ab5,2026-05-22 12:30:31+00:00,USR_0092,normal,unknown,unknown,XGBoost ML Classifier
baf81c3f-f295-4f94-9205-a0f8f3e0db22,2026-05-22 12:32:54+00:00,DEV_0144,normal,unknown,unknown,XGBoost ML Classifier
9f6a76a7-b071-4ed6-9e2a-086bd3c9417b,2026-05-22 13:18:09+00:00,USR_0016,impossible_travel,impossible_travel,impossible_travel,Rule Override: geo_velocity_kmh > 900 km/h AND geo_distance > 500 km
8561d308-04cb-4368-ae4f-e3cf1df07c73,2026-05-22 13:18:47+00:00,SRV_0525,normal,unknown,unknown,XGBoost ML Classifier
60a1d397-fdf3-4fb7-95cb-3045acab2f2e,2026-05-22 13:22:30+00:00,SRV_0743,normal,unknown,unknown,XGBoost ML Classifier
e4891412-9256-447f-b500-ef7753f37bc4,2026-05-22 13:44:23+00:00,DEV_0420,normal,unknown,unknown,XGBoost ML Classifier
f4bc830a-bfdd-4555-8632-9ec5a7d08a2b,2026-05-22 13:49:06+00:00,USR_0243,impossible_travel,impossible_travel,impossible_travel,Rule Override: geo_velocity_kmh > 900 km/h AND geo_distance > 500 km
d193574e-380b-4a86-9768-c53d33826884,2026-05-22 13:58:27+00:00,DEV_0265,normal,unknown,unknown,XGBoost ML Classifier
4e5c700a-3229-4b02-a2c1-0d5f15195d4a,2026-05-22 14:16:03+00:00,DEV_0993,normal,unknown,unknown,XGBoost ML Classifier
2573c9d6-b036-404e-9c36-05cdaacf1f96,2026-05-22 14:30:43+00:00,USR_0142,impossible_travel,impossible_travel,impossible_travel,Rule Override: geo_velocity_kmh > 900 km/h AND geo_distance > 500 km
688c536e-53ac-4a78-beca-1a01d9ca27e7,2026-05-22 14:32:44+00:00,SRV_0506,normal,unknown,unknown,XGBoost ML Classifier
53c4d095-18c6-449b-80a3-ff9da99b7168,2026-05-22 14:34:52+00:00,USR_0270,impossible_travel,impossible_travel,impossible_travel,Rule Override: geo_velocity_kmh > 900 km/h AND geo_distance > 500 km
ddb6dbea-5c9d-4a2f-934a-bc1941fc246a,2026-05-22 14:45:33+00:00,DEV_0164,normal,unknown,unknown,XGBoost ML Classifier
6a76fcb4-f7c6-481c-9b60-d74a583993a1,2026-05-22 15:11:24+00:00,USR_0205,impossible_travel,impossible_travel,impossible_travel,Rule Override: geo_velocity_kmh > 900 km/h AND geo_distance > 500 km
140e973f-1b24-4633-9d9a-58879bf01295,2026-05-22 15:40:28+00:00,USR_0764,impossible_travel,impossible_travel,impossible_travel,Rule Override: geo_velocity_kmh > 900 km/h AND geo_distance > 500 km
d28a4444-a127-4fd0-8b9e-e7bec3cca985,2026-05-22 15:42:56+00:00,DEV_0084,normal,unknown,unknown,XGBoost ML Classifier
f4fc44d3-92f0-4a72-b6a8-0e5a988cd4c3,2026-05-22 15:42:57+00:00,USR_0578,impossible_travel,impossible_travel,impossible_travel,Rule Override: geo_velocity_kmh > 900 km/h AND geo_distance > 500 km
2a2bf547-0ede-4f49-bcaf-df1e614c02f7,2026-05-22 15:43:29+00:00,SRV_0083,normal,unknown,unknown,XGBoost ML Classifier
c06b008d-3676-424c-b163-97d68e30fc12,2026-05-22 15:56:16+00:00,DEV_0603,impossible_travel,impossible_travel,impossible_travel,Rule Override: geo_velocity_kmh > 900 km/h AND geo_distance > 500 km
e52e7ee9-fa4b-4905-aae1-9c6b14f027c1,2026-05-22 15:58:06+00:00,USR_0881,impossible_travel,impossible_travel,impossible_travel,Rule Override: geo_velocity_kmh > 900 km/h AND geo_distance > 500 km
a099a345-7c66-4211-b9f6-935c93daa088,2026-05-22 16:05:16+00:00,DEV_0848,normal,unknown,unknown,XGBoost ML Classifier
7147151a-f5b3-4d2b-97a1-83e15c6478ff,2026-05-22 16:38:39+00:00,USR_0287,impossible_travel,impossible_travel,impossible_travel,Rule Override: geo_velocity_kmh > 900 km/h AND geo_distance > 500 km
75b503fd-0347-4acd-8e65-4031b81b682f,2026-05-22 16:51:50+00:00,SRV_0401,impossible_travel,impossible_travel,impossible_travel,Rule Override: geo_velocity_kmh > 900 km/h AND geo_distance > 500 km
d733b962-8e95-43f2-a47f-9d6e7af42b97,2026-05-22 17:03:26+00:00,SRV_0677,device_spoofing,device_spoofing,device_spoofing,XGBoost ML Classifier
b4a7e3d5-1aa7-4122-87a1-af8b888aaf36,2026-05-22 17:06:29+00:00,DEV_0137,normal,unknown,unknown,XGBoost ML Classifier
53bc1d78-6480-47e3-8493-6647ffd5381c,2026-05-22 17:14:59+00:00,USR_0152,impossible_travel,impossible_travel,impossible_travel,Rule Override: geo_velocity_kmh > 900 km/h AND geo_distance > 500 km
434f3bbe-b9cd-4d8a-9d9e-9ef940259124,2026-05-22 17:18:35+00:00,SRV_0055,normal,unknown,unknown,XGBoost ML Classifier
b4c452ea-7300-4532-b489-28a2c1402b49,2026-05-22 17:28:39+00:00,DEV_0711,normal,unknown,unknown,XGBoost ML Classifier
4ea03b67-b0b3-447b-af9e-0be3af425ece,2026-05-22 18:31:39+00:00,DEV_0877,normal,unknown,unknown,XGBoost ML Classifier
2c052eb3-1132-452c-b7d2-88dc828eb5ee,2026-05-22 18:40:00+00:00,DEV_0311,normal,unknown,unknown,XGBoost ML Classifier
5d2db493-59ae-4126-9431-1a0795f03b35,2026-05-22 18:57:01+00:00,DEV_0383,normal,unknown,unknown,XGBoost ML Classifier
07d35874-bfbe-4dc4-bacb-6c371d49d2c2,2026-05-22 18:59:53+00:00,DEV_0420,normal,unknown,unknown,XGBoost ML Classifier
ec04ea45-e7d0-4ad3-ba25-bcf9a3683e5c,2026-05-22 19:07:39+00:00,DEV_0799,normal,unknown,unknown,XGBoost ML Classifier
6bc9e3dc-90d7-4125-9f9b-96db9e0f6521,2026-05-22 19:16:08+00:00,DEV_0703,normal,unknown,unknown,XGBoost ML Classifier
dab028c2-373f-44e0-ba96-a0e914f49269,2026-05-22 19:16:39+00:00,DEV_0294,normal,unknown,unknown,XGBoost ML Classifier
0bcac61b-8ed9-4c13-8245-d23441d58732,2026-05-22 20:11:36+00:00,USR_0056,normal,unknown,unknown,XGBoost ML Classifier
6c75ea0c-cd16-4357-ad48-ed8c33fe9905,2026-05-22 20:23:36+00:00,USR_0056,impossible_travel,impossible_travel,impossible_travel,Rule Override: geo_velocity_kmh > 900 km/h AND geo_distance > 500 km
052ba85e-bff0-4209-a054-17424d5f24a5,2026-05-22 20:43:12+00:00,DEV_0768,normal,unknown,unknown,XGBoost ML Classifier
eafd1bfe-4d3e-4dc6-ab5d-238ea5bbaaf4,2026-05-22 20:44:29+00:00,SRV_0059,normal,unknown,unknown,XGBoost ML Classifier
d2aa3df2-8d9b-4b08-b53e-1010cbb3df15,2026-05-22 21:27:51+00:00,DEV_0265,normal,unknown,unknown,XGBoost ML Classifier
8a7e71e0-4741-49a3-b141-a1d87f50c776,2026-05-22 21:47:00+00:00,SRV_0550,normal,unknown,unknown,XGBoost ML Classifier
d55a305f-fc58-47b9-a5ec-c28d6e4ec11e,2026-05-22 21:47:02+00:00,USR_0017,impossible_travel,impossible_travel,impossible_travel,Rule Override: geo_velocity_kmh > 900 km/h AND geo_distance > 500 km
14ade3e2-6333-42bc-822f-ec46d4b319da,2026-05-22 21:54:56+00:00,DEV_0593,normal,unknown,unknown,XGBoost ML Classifier
04449706-0178-4fb3-b4aa-2314984ea9ce,2026-05-22 21:57:23+00:00,SRV_0207,normal,unknown,unknown,XGBoost ML Classifier
faba3cc7-e9e7-445d-a096-c6c6b653f55b,2026-05-22 23:11:00+00:00,SRV_0404,normal,unknown,unknown,XGBoost ML Classifier
358e76ac-8295-485f-988a-ffd0ca5842d3,2026-05-22 23:47:17.653253+00:00,USR_0266,lateral_movement,lateral_movement,lateral_movement,XGBoost ML Classifier
df755421-c1ce-4446-b8c7-90e8f094e3b4,2026-05-22 23:59:24+00:00,SRV_0209,normal,unknown,unknown,XGBoost ML Classifier
2b3aef5f-c165-4dc8-a757-f11fbc9e9b7e,2026-05-23 00:00:04.834000+00:00,DEV_0420,normal,unknown,unknown,XGBoost ML Classifier
35c8d444-d304-4191-93dd-a916efa12de2,2026-05-23 01:05:52+00:00,USR_0830,low_slow_exfil,low_slow_exfil,low_slow_exfil,XGBoost ML Classifier
8a66fc99-f085-40b1-a8f8-e7636ec6249a,2026-05-23 01:12:12+00:00,DEV_0414,impossible_travel,impossible_travel,impossible_travel,Rule Override: geo_velocity_kmh > 900 km/h AND geo_distance > 500 km
ed0def3e-e84a-45e2-b70d-94e66eaf5968,2026-05-23 01:13:12+00:00,DEV_0876,normal,unknown,unknown,XGBoost ML Classifier
124ff972-71e7-470e-8284-fa0683401f9d,2026-05-23 01:31:11+00:00,USR_0830,low_slow_exfil,low_slow_exfil,low_slow_exfil,XGBoost ML Classifier
86cee3ae-e694-4f9b-99c7-444043b9fbf5,2026-05-23 01:33:18+00:00,USR_0411,low_slow_exfil,low_slow_exfil,low_slow_exfil,XGBoost ML Classifier
a2a9d38a-0d9e-4448-b6df-d7cdc91797cf,2026-05-23 01:48:23+00:00,USR_0793,low_slow_exfil,low_slow_exfil,low_slow_exfil,XGBoost ML Classifier
378b173a-c600-4399-b48c-dad002431705,2026-05-23 01:59:46+00:00,SRV_0797,normal,unknown,unknown,XGBoost ML Classifier
c15a378d-10b8-4fe0-8985-e592ccb920fd,2026-05-23 02:01:50+00:00,DEV_0013,normal,unknown,unknown,XGBoost ML Classifier
fed6a030-a1ad-4d86-bef7-e8d75d89a135,2026-05-23 02:09:16+00:00,USR_0415,low_slow_exfil,low_slow_exfil,low_slow_exfil,XGBoost ML Classifier
3926070d-29b0-4e31-9c1a-cd25c75f3324,2026-05-23 02:16:01+00:00,USR_0351,low_slow_exfil,low_slow_exfil,low_slow_exfil,XGBoost ML Classifier
f263157e-3eed-4a3e-9ae9-08ef115d39d0,2026-05-23 02:18:24+00:00,USR_0499,low_slow_exfil,low_slow_exfil,low_slow_exfil,XGBoost ML Classifier
d95776ac-291f-4312-ac5d-14c3519b50a5,2026-05-23 02:21:08+00:00,USR_0386,low_slow_exfil,low_slow_exfil,low_slow_exfil,XGBoost ML Classifier
f4464f6b-d7da-495d-96e7-fce68eee54ff,2026-05-23 02:22:06+00:00,USR_0978,low_slow_exfil,low_slow_exfil,low_slow_exfil,XGBoost ML Classifier
3fb9d001-8f28-48d4-b2b4-3d5434d90c83,2026-05-23 02:29:29+00:00,USR_0062,low_slow_exfil,low_slow_exfil,low_slow_exfil,XGBoost ML Classifier
c65784a4-626c-4705-8b91-bc7945879053,2026-05-23 02:38:06+00:00,USR_0949,low_slow_exfil,low_slow_exfil,low_slow_exfil,XGBoost ML Classifier
b5548423-d67e-47c8-aef8-3e47d2f7edf5,2026-05-23 02:42:20+00:00,DEV_0593,normal,unknown,unknown,XGBoost ML Classifier
aea3c063-783e-4e58-8727-c2dca2c2d786,2026-05-23 02:43:53+00:00,DEV_0902,normal,unknown,unknown,XGBoost ML Classifier
4aafbcb7-1dbd-4f52-91b8-6b16f0bcdc05,2026-05-23 02:50:09+00:00,USR_0949,low_slow_exfil,low_slow_exfil,low_slow_exfil,XGBoost ML Classifier
34c5a78f-84b8-49aa-89ff-1c490a3acb3c,2026-05-23 02:50:47+00:00,USR_0172,low_slow_exfil,low_slow_exfil,low_slow_exfil,XGBoost ML Classifier
51dff82f-7994-4944-a49b-7e87bde9ac13,2026-05-23 02:52:49+00:00,USR_0307,low_slow_exfil,low_slow_exfil,low_slow_exfil,XGBoost ML Classifier
ac9403ec-186c-47d7-aaec-c25a15d019e4,2026-05-23 03:09:23+00:00,USR_0351,low_slow_exfil,low_slow_exfil,low_slow_exfil,XGBoost ML Classifier
d21d321b-2c30-4023-9850-5126e8ec84a1,2026-05-23 03:20:01+00:00,USR_0172,low_slow_exfil,low_slow_exfil,low_slow_exfil,XGBoost ML Classifier
899f7141-92dd-4e01-af43-bfaac90b0d07,2026-05-23 03:24:18+00:00,USR_0331,low_slow_exfil,low_slow_exfil,low_slow_exfil,XGBoost ML Classifier
b36bc7f1-8f7a-4c1d-b877-907566042eac,2026-05-23 03:25:07+00:00,USR_0415,low_slow_exfil,low_slow_exfil,low_slow_exfil,XGBoost ML Classifier
b6823e94-1c40-4720-93b3-f476316662cf,2026-05-23 03:25:48+00:00,USR_0331,low_slow_exfil,low_slow_exfil,low_slow_exfil,XGBoost ML Classifier
86071879-7249-4a7b-afcf-62960150fe42,2026-05-23 03:32:15+00:00,USR_0044,low_slow_exfil,low_slow_exfil,low_slow_exfil,XGBoost ML Classifier
c89941e6-379f-481c-be8e-54d3093aa84f,2026-05-23 03:32:23+00:00,DEV_0137,impossible_travel,impossible_travel,impossible_travel,Rule Override: geo_velocity_kmh > 900 km/h AND geo_distance > 500 km
94040aee-e0b5-46f8-aae3-b71c67ea2def,2026-05-23 03:40:35+00:00,USR_0206,low_slow_exfil,low_slow_exfil,low_slow_exfil,XGBoost ML Classifier
84954ab7-7423-46d9-adf2-54070066c1c7,2026-05-23 03:55:25+00:00,DEV_0834,impossible_travel,impossible_travel,impossible_travel,Rule Override: geo_velocity_kmh > 900 km/h AND geo_distance > 500 km
93f47daf-b37a-4cfb-a164-2fd57c779a48,2026-05-23 03:58:03+00:00,USR_0331,low_slow_exfil,low_slow_exfil,low_slow_exfil,XGBoost ML Classifier
799b3767-809f-4238-ac61-8c564f68b1c8,2026-05-23 05:36:16+00:00,SRV_0728,normal,unknown,unknown,XGBoost ML Classifier
d65dc4b5-c4bb-44ed-a9d5-da58ff6b29cd,2026-05-23 05:45:28+00:00,SRV_0162,normal,unknown,unknown,XGBoost ML Classifier
62b49219-4ce1-4e2c-8dc5-36bfad5a2808,2026-05-23 05:49:07+00:00,SRV_0457,normal,unknown,unknown,XGBoost ML Classifier
a46a538a-4c93-4ed7-8292-255a0c2fdebd,2026-05-23 06:18:47+00:00,DEV_0669,normal,unknown,unknown,XGBoost ML Classifier
f8082b2e-2fcd-40d0-b28c-22bbc065750f,2026-05-23 06:51:44+00:00,SRV_0729,normal,unknown,unknown,XGBoost ML Classifier
8c7678e5-079f-4407-9aa2-57fc688b0f64,2026-05-23 09:10:48+00:00,SRV_0533,impossible_travel,impossible_travel,impossible_travel,Rule Override: geo_velocity_kmh > 900 km/h AND geo_distance > 500 km
93c71f59-5505-4d25-b99c-dc0ca4452c24,2026-05-23 09:17:56+00:00,SRV_0670,normal,unknown,unknown,XGBoost ML Classifier
da0151e9-3341-4a96-a291-366e5ca7b106,2026-05-23 09:48:25+00:00,DEV_0449,impossible_travel,impossible_travel,impossible_travel,Rule Override: geo_velocity_kmh > 900 km/h AND geo_distance > 500 km
40de9b77-643e-46b9-9ade-64a89d278713,2026-05-23 10:10:49+00:00,SRV_0743,normal,unknown,unknown,XGBoost ML Classifier
f71fc9f4-b3a9-4545-abf2-8360d8ba278b,2026-05-23 10:16:49+00:00,DEV_0537,normal,unknown,unknown,XGBoost ML Classifier
8e9ef775-a259-4420-bdc9-cebd9c4b457e,2026-05-23 10:27:00+00:00,SRV_0312,normal,unknown,unknown,XGBoost ML Classifier
95214e8e-589b-445f-be3e-e9c4ae1dabf3,2026-05-23 10:41:06+00:00,DEV_0507,impossible_travel,impossible_travel,impossible_travel,Rule Override: geo_velocity_kmh > 900 km/h AND geo_distance > 500 km
76b345ec-1538-4081-9da4-4b5dc4e53884,2026-05-23 10:41:46+00:00,DEV_0485,normal,unknown,unknown,XGBoost ML Classifier
d5b77b09-ddc8-4c34-9a94-aac4bbd8a305,2026-05-23 11:00:37+00:00,DEV_0877,impossible_travel,impossible_travel,impossible_travel,Rule Override: geo_velocity_kmh > 900 km/h AND geo_distance > 500 km
7c3c3d2d-d137-46ce-a205-7b5b36c762c2,2026-05-23 11:03:59+00:00,SRV_0461,normal,unknown,unknown,XGBoost ML Classifier
0002066d-d8e7-4555-b0ec-deece060e18b,2026-05-23 11:19:41+00:00,SRV_0001,device_spoofing,device_spoofing,device_spoofing,XGBoost ML Classifier
ca154b62-3277-4861-a4d8-b676d930f787,2026-05-23 11:21:33.365976+00:00,USR_0422,lateral_movement,lateral_movement,unknown,XGBoost ML Classifier
cfb8d968-fc64-434d-ba0f-77b9c7070e63,2026-05-23 11:21:35.326382+00:00,USR_0422,lateral_movement,lateral_movement,lateral_movement,XGBoost ML Classifier
6bdc737c-37f1-4e58-9288-28fad91d3631,2026-05-23 11:22:25.185166+00:00,USR_0422,lateral_movement,lateral_movement,lateral_movement,XGBoost ML Classifier
27a46a1d-0e32-4f4a-9cb0-14f71d29cd47,2026-05-23 11:26:52+00:00,SRV_0078,normal,unknown,unknown,XGBoost ML Classifier
053143c6-47b7-415d-aa2e-a8c1fda05805,2026-05-23 11:27:03+00:00,DEV_0371,normal,unknown,unknown,XGBoost ML Classifier
0b2f91e6-00dc-4f7f-b32e-72fec1102405,2026-05-23 11:33:01+00:00,USR_0761,impossible_travel,impossible_travel,impossible_travel,Rule Override: geo_velocity_kmh > 900 km/h AND geo_distance > 500 km
ca6e6509-cd24-4522-afe7-767b121d2bb6,2026-05-23 14:17:18+00:00,SRV_0372,normal,unknown,unknown,XGBoost ML Classifier
55a8f0b5-fd7b-4183-acda-a3434ca8f7a3,2026-05-23 14:22:44+00:00,SRV_0670,normal,unknown,unknown,XGBoost ML Classifier
bf9236b2-febf-4deb-aecd-f7b894f30d4e,2026-05-23 14:28:39+00:00,SRV_0919,normal,unknown,unknown,XGBoost ML Classifier
3aae7f88-1d28-409e-bc9e-64bdb3134273,2026-05-23 14:35:41+00:00,DEV_0253,normal,unknown,unknown,XGBoost ML Classifier
685de4b1-88c3-4c60-be66-ce2d3b363175,2026-05-23 14:44:07+00:00,USR_0835,normal,unknown,unknown,XGBoost ML Classifier
ab8b7eb7-fa0c-4df2-9c1f-0776ac9a7a24,2026-05-23 14:49:09+00:00,DEV_0876,normal,unknown,unknown,XGBoost ML Classifier
540928bd-3cb2-42b0-868f-02a648a7809c,2026-05-23 15:20:05+00:00,DEV_0703,normal,unknown,unknown,XGBoost ML Classifier
b29a6455-82a3-497e-b9ff-ebe3b83e7a2d,2026-05-23 15:28:04+00:00,DEV_0144,normal,unknown,unknown,XGBoost ML Classifier
f522d2f5-7d86-4efe-acec-d61d2875b952,2026-05-23 15:32:10+00:00,USR_0103,impossible_travel,impossible_travel,impossible_travel,Rule Override: geo_velocity_kmh > 900 km/h AND geo_distance > 500 km
38b0df6e-15a3-431b-ae00-6e69db4d92a2,2026-05-23 16:09:32+00:00,DEV_0144,normal,unknown,unknown,XGBoost ML Classifier
f292c4f2-26a6-480f-801f-921e61fcd5d6,2026-05-23 16:12:16+00:00,SRV_0312,normal,unknown,unknown,XGBoost ML Classifier
7973b2b9-a595-4193-ac74-1b63d6d36a28,2026-05-23 16:56:12+00:00,USR_0350,normal,unknown,insider_drift,XGBoost ML Classifier
dee31a61-4e6d-4712-9f67-6e59f567c721,2026-05-23 16:57:52+00:00,USR_0686,impossible_travel,impossible_travel,impossible_travel,Rule Override: geo_velocity_kmh > 900 km/h AND geo_distance > 500 km
f0d84df4-86bf-4c4c-884b-56aea31b270c,2026-05-23 17:57:59+00:00,DEV_0212,normal,unknown,unknown,XGBoost ML Classifier
f5f5abd8-ff42-4758-8b4a-5d4fd1a9a74a,2026-05-23 18:05:37+00:00,SRV_0630,normal,unknown,unknown,XGBoost ML Classifier
eae26c24-4311-4b55-a512-03415c464428,2026-05-23 18:09:27+00:00,DEV_0685,normal,unknown,unknown,XGBoost ML Classifier
57534bf5-e223-4a59-adf6-fbfd576f1019,2026-05-23 19:34:32+00:00,DEV_0144,normal,unknown,unknown,XGBoost ML Classifier
15b52c7d-b6ba-43c5-b29b-82904bb00730,2026-05-23 19:41:32+00:00,SRV_0480,normal,unknown,unknown,XGBoost ML Classifier
e56d2f9e-ace2-4592-9fd5-d1e00b38de1b,2026-05-23 20:15:57+00:00,SRV_0541,normal,unknown,unknown,XGBoost ML Classifier
f891f9e8-2b51-4363-b5cc-45e840c3c391,2026-05-23 20:18:07+00:00,SRV_0606,normal,unknown,unknown,XGBoost ML Classifier
5d43ad15-673f-44f0-a81b-3581f2e596fe,2026-05-23 20:35:58+00:00,SRV_0228,impossible_travel,impossible_travel,impossible_travel,Rule Override: geo_velocity_kmh > 900 km/h AND geo_distance > 500 km
e1082776-c6c2-478f-a84f-3bb5b00e1188,2026-05-23 21:58:12+00:00,SRV_0729,normal,unknown,unknown,XGBoost ML Classifier
39448b14-0865-47d9-8995-c3c929d3c933,2026-05-23 23:59:24+00:00,SRV_0153,normal,unknown,unknown,XGBoost ML Classifier
e6757b99-a5ed-4317-96f4-0150aa2a8737,2026-05-23 23:59:25.926000+00:00,SRV_0202,normal,unknown,unknown,XGBoost ML Classifier
3cfdc83a-7cc8-4bea-afed-3d2be856deeb,2026-05-24 00:00:00+00:00,DEV_0332,normal,unknown,unknown,XGBoost ML Classifier
214520fc-4b7c-47ad-af86-c8e52f8d756a,2026-05-24 00:00:00+00:00,DEV_0685,normal,unknown,unknown,XGBoost ML Classifier
37d04d25-eb6f-4fee-8e5f-07688c696f16,2026-05-24 00:11:00+00:00,DEV_0425,impossible_travel,impossible_travel,impossible_travel,Rule Override: geo_velocity_kmh > 900 km/h AND geo_distance > 500 km
ba0f946d-ed87-460b-b8af-3de0fc3613d9,2026-05-24 00:17:24+00:00,DEV_0993,impossible_travel,impossible_travel,impossible_travel,Rule Override: geo_velocity_kmh > 900 km/h AND geo_distance > 500 km
9b4db774-c259-4da6-8e2b-6a8cdae3a591,2026-05-24 01:08:22+00:00,USR_0331,low_slow_exfil,low_slow_exfil,low_slow_exfil,XGBoost ML Classifier
4fde11e5-18e2-4460-906d-0dc4c4329119,2026-05-24 01:18:46+00:00,USR_0978,low_slow_exfil,low_slow_exfil,low_slow_exfil,XGBoost ML Classifier
f58c233d-9877-4a85-bc09-4d1c16d8a50d,2026-05-24 01:19:20+00:00,USR_0206,low_slow_exfil,low_slow_exfil,low_slow_exfil,XGBoost ML Classifier
e57d4893-bb79-4fa1-818a-336263c51a6d,2026-05-24 01:22:15+00:00,USR_0172,low_slow_exfil,low_slow_exfil,low_slow_exfil,XGBoost ML Classifier
23c30e82-a7e0-44f3-a297-8da34976bfab,2026-05-24 01:26:00+00:00,USR_0942,low_slow_exfil,low_slow_exfil,low_slow_exfil,XGBoost ML Classifier
9efe8d91-c4f3-4458-8584-98136c2b91bf,2026-05-24 01:35:41+00:00,USR_0830,low_slow_exfil,low_slow_exfil,low_slow_exfil,XGBoost ML Classifier
15de4382-52a4-4326-86b9-865160e3d2ff,2026-05-24 01:57:01+00:00,USR_0044,low_slow_exfil,low_slow_exfil,low_slow_exfil,XGBoost ML Classifier
25725b43-88ba-419d-8f9d-58400ffb444c,2026-05-24 01:58:23+00:00,USR_0386,low_slow_exfil,low_slow_exfil,low_slow_exfil,XGBoost ML Classifier
58445995-c9c4-443a-8211-8fe246ef3049,2026-05-24 02:11:58+00:00,USR_0062,low_slow_exfil,low_slow_exfil,low_slow_exfil,XGBoost ML Classifier
f0354d72-7e86-486d-9f73-9cbe810342cf,2026-05-24 02:14:34+00:00,SRV_0587,impossible_travel,impossible_travel,impossible_travel,Rule Override: geo_velocity_kmh > 900 km/h AND geo_distance > 500 km
9ccdef3b-f95c-4921-b4b4-41468f7d0198,2026-05-24 02:17:40+00:00,USR_0351,low_slow_exfil,low_slow_exfil,low_slow_exfil,XGBoost ML Classifier
5e4b7391-baf7-48d2-886c-2986abfc261d,2026-05-24 02:25:47+00:00,USR_0415,low_slow_exfil,low_slow_exfil,low_slow_exfil,XGBoost ML Classifier
92e1b59a-58a2-4957-8db6-698b71bf4b8f,2026-05-24 02:32:47+00:00,USR_0331,low_slow_exfil,low_slow_exfil,low_slow_exfil,XGBoost ML Classifier
38bd509d-dd57-48f6-a49c-8e0b39391b63,2026-05-24 02:32:56+00:00,USR_0942,low_slow_exfil,low_slow_exfil,low_slow_exfil,XGBoost ML Classifier
40093ad1-e8e7-44c2-bad0-fba27762c9e0,2026-05-24 02:34:50+00:00,USR_0119,low_slow_exfil,low_slow_exfil,low_slow_exfil,XGBoost ML Classifier
d25662cf-28b5-4921-b294-620dc1c86b2f,2026-05-24 02:36:58+00:00,USR_0172,low_slow_exfil,low_slow_exfil,low_slow_exfil,XGBoost ML Classifier
679747d0-553d-4adb-98f7-376a94c0b4cb,2026-05-24 02:42:30+00:00,USR_0351,low_slow_exfil,low_slow_exfil,low_slow_exfil,XGBoost ML Classifier
008a0493-ebc6-4ef8-8af3-9085165e8425,2026-05-24 02:53:26+00:00,DEV_0951,normal,unknown,unknown,XGBoost ML Classifier
5979b440-cf8b-4c31-a338-d20ee086f376,2026-05-24 03:01:42+00:00,DEV_0848,normal,unknown,unknown,XGBoost ML Classifier
25c1591d-b6a1-42ba-bac4-0891e7f830dc,2026-05-24 03:07:36+00:00,USR_0499,low_slow_exfil,low_slow_exfil,low_slow_exfil,XGBoost ML Classifier
1d004f5c-6b7a-41f5-a691-a189aecc593b,2026-05-24 03:30:40+00:00,USR_0331,low_slow_exfil,low_slow_exfil,low_slow_exfil,XGBoost ML Classifier
f06cb75c-a36b-4640-b230-31c671343ef6,2026-05-24 03:44:10+00:00,USR_0172,low_slow_exfil,low_slow_exfil,low_slow_exfil,XGBoost ML Classifier
79d63237-3a94-4311-9b43-6def78c0b332,2026-05-24 03:51:48+00:00,DEV_0164,normal,unknown,unknown,XGBoost ML Classifier
1ce870c1-6796-4f3a-bcf9-6fbc4b3786fc,2026-05-24 03:56:01+00:00,USR_0830,low_slow_exfil,low_slow_exfil,low_slow_exfil,XGBoost ML Classifier
bd50f5a9-2a56-407f-9ef3-49ac7c47291c,2026-05-24 05:25:52+00:00,SRV_0469,normal,unknown,unknown,XGBoost ML Classifier
04c168a0-7586-4f9f-b08a-50f974d67546,2026-05-24 05:39:03+00:00,SRV_0182,normal,unknown,unknown,XGBoost ML Classifier
8666b093-0d1d-433e-9900-c8dc17a79c15,2026-05-24 06:14:55+00:00,SRV_0153,normal,unknown,unknown,XGBoost ML Classifier
12ea2eb8-220f-4673-94e5-8caadd509e2e,2026-05-24 07:12:52+00:00,SRV_0819,normal,unknown,unknown,XGBoost ML Classifier
d2cb8e18-ded5-440a-af78-0c67067fff55,2026-05-24 07:39:52+00:00,DEV_0137,normal,unknown,unknown,XGBoost ML Classifier
203d0fc5-f768-48bc-8774-f675ae9d520f,2026-05-24 07:53:02+00:00,DEV_0703,normal,unknown,unknown,XGBoost ML Classifier
066f5fc0-5787-4f01-b7d8-9db9820c4dab,2026-05-24 09:27:06+00:00,SRV_0461,impossible_travel,impossible_travel,impossible_travel,Rule Override: geo_velocity_kmh > 900 km/h AND geo_distance > 500 km
c1da325f-225a-46ec-a62c-90f499ada4ff,2026-05-24 10:16:34+00:00,SRV_0728,normal,unknown,unknown,XGBoost ML Classifier
06003650-e405-4714-a5e1-e0dc86f77ac9,2026-05-24 10:32:01+00:00,SRV_0702,normal,unknown,unknown,XGBoost ML Classifier
5a535994-74ae-4409-9e59-bc7169e3eedc,2026-05-24 11:00:58+00:00,USR_0666,normal,unknown,unknown,XGBoost ML Classifier
82445e5d-e41e-4251-88a0-426d3bb1cd22,2026-05-24 11:19:05+00:00,USR_0608,impossible_travel,impossible_travel,impossible_travel,Rule Override: geo_velocity_kmh > 900 km/h AND geo_distance > 500 km
dcc74f60-3fe2-4d06-88ba-9a18efed5780,2026-05-24 11:27:58+00:00,SRV_0934,normal,unknown,unknown,XGBoost ML Classifier
0cd41cea-8315-450c-8550-9075c6da9f63,2026-05-24 12:05:27+00:00,USR_0968,impossible_travel,impossible_travel,impossible_travel,Rule Override: geo_velocity_kmh > 900 km/h AND geo_distance > 500 km
44ac9dc1-6033-49d3-8487-dc0eb294e96c,2026-05-24 12:07:56+00:00,DEV_0429,normal,unknown,unknown,XGBoost ML Classifier
6f615052-c090-43d6-8760-6351f0bb7cfd,2026-05-24 13:58:01+00:00,DEV_0788,normal,unknown,unknown,XGBoost ML Classifier
edce46e3-8964-4995-9e71-2244179321f1,2026-05-24 14:12:41+00:00,USR_0567,insider_drift,insider_drift,insider_drift,XGBoost ML Classifier
5b63dbfe-5fdf-4ef3-99e6-894c899aff17,2026-05-24 14:25:59+00:00,SRV_0191,impossible_travel,impossible_travel,impossible_travel,Rule Override: geo_velocity_kmh > 900 km/h AND geo_distance > 500 km
852d18c7-382f-4982-aba2-1477c7359a37,2026-05-24 14:31:54+00:00,SRV_0283,normal,unknown,unknown,XGBoost ML Classifier
0d33613d-3110-4629-9e75-b9dd833e2f24,2026-05-24 14:52:45+00:00,DEV_0343,normal,unknown,unknown,XGBoost ML Classifier
6ce10ce3-0ee5-44e0-b56e-8688e53e7a72,2026-05-24 15:57:24+00:00,SRV_0055,normal,unknown,unknown,XGBoost ML Classifier
5f6ebc86-dea0-4b83-9aee-57ce44a558f5,2026-05-24 16:15:31+00:00,SRV_0314,normal,unknown,unknown,XGBoost ML Classifier
716765df-d928-4a8d-be53-d8456e633ed1,2026-05-24 16:32:54+00:00,DEV_0876,normal,unknown,unknown,XGBoost ML Classifier
e91c6a82-1b58-4f8e-80f0-45b56942083a,2026-05-24 16:38:04+00:00,SRV_0767,impossible_travel,impossible_travel,impossible_travel,Rule Override: geo_velocity_kmh > 900 km/h AND geo_distance > 500 km
23f28ba7-44b5-4b10-86fe-e8c50f99f7aa,2026-05-24 16:46:28+00:00,DEV_0850,normal,unknown,unknown,XGBoost ML Classifier
2e1ce50e-027e-4f0c-b7c1-463202cd7f49,2026-05-24 16:59:59+00:00,SRV_0462,normal,unknown,unknown,XGBoost ML Classifier
6d630bd2-7c3a-4ee9-8c8c-bb45215b91e3,2026-05-24 17:40:43+00:00,DEV_0084,normal,unknown,unknown,XGBoost ML Classifier
db1306a1-3dd5-4b9b-b91d-3eb3ea529b5a,2026-05-24 18:31:18+00:00,USR_0208,impossible_travel,impossible_travel,impossible_travel,Rule Override: geo_velocity_kmh > 900 km/h AND geo_distance > 500 km
1379d4ad-477a-4610-be04-193c215fd1fa,2026-05-24 18:32:27+00:00,SRV_0506,normal,unknown,unknown,XGBoost ML Classifier
ed851a7c-e3f0-44c6-8010-00eddc91f2a6,2026-05-24 19:49:27+00:00,DEV_0332,normal,unknown,unknown,XGBoost ML Classifier
92b1ef83-ba6d-46fd-8d22-b519023baada,2026-05-24 20:02:47+00:00,DEV_0768,normal,unknown,unknown,XGBoost ML Classifier
c6ef6959-dea9-4f85-a1d3-ff0c1286291d,2026-05-24 20:18:46+00:00,SRV_0818,normal,unknown,unknown,XGBoost ML Classifier
fc0b4f5d-5d0f-428e-a645-bc893977c900,2026-05-24 21:31:22.481901+00:00,USR_0320,lateral_movement,lateral_movement,lateral_movement,XGBoost ML Classifier
79703e08-9e8a-4903-9d8d-e3ca4064388a,2026-05-24 21:33:02.124799+00:00,USR_0320,lateral_movement,lateral_movement,lateral_movement,XGBoost ML Classifier
f87de095-9185-411b-954e-2b40c17df6dd,2026-05-24 21:33:22.184772+00:00,USR_0320,lateral_movement,lateral_movement,lateral_movement,XGBoost ML Classifier
af9cc2af-8690-4325-a0d9-568cdee994be,2026-05-24 21:34:28.459608+00:00,USR_0320,lateral_movement,lateral_movement,lateral_movement,XGBoost ML Classifier
e4d18a0a-1cb8-4082-8a5b-8ed336578a80,2026-05-24 23:59:24+00:00,SRV_0480,normal,unknown,unknown,XGBoost ML Classifier
8bfe7501-f453-4f59-8390-59b3119eecd6,2026-05-24 23:59:24+00:00,DEV_0260,normal,unknown,unknown,XGBoost ML Classifier
670413cc-9a9b-4c9a-93cf-fa67e55c2f41,2026-05-24 23:59:25.976000+00:00,SRV_0462,normal,unknown,unknown,XGBoost ML Classifier
65adf2ff-62f4-4ef4-ae8b-41820cf08793,2026-05-25 00:00:00+00:00,SRV_0923,normal,unknown,unknown,XGBoost ML Classifier
1cec384d-150e-4881-83a4-a715aee89867,2026-05-25 00:00:00+00:00,DEV_0420,normal,unknown,unknown,XGBoost ML Classifier
4522df29-13c5-42c1-8765-fdd235ef2092,2026-05-25 00:04:24+00:00,DEV_0873,impossible_travel,impossible_travel,impossible_travel,Rule Override: geo_velocity_kmh > 900 km/h AND geo_distance > 500 km
0922ecd1-46e4-4190-9112-cd0a94e93582,2026-05-25 00:11:24+00:00,SRV_0750,impossible_travel,impossible_travel,impossible_travel,Rule Override: geo_velocity_kmh > 900 km/h AND geo_distance > 500 km
08d98681-a474-4c32-9c85-e0d723ac759e,2026-05-25 00:17:00+00:00,SRV_0619,impossible_travel,impossible_travel,impossible_travel,Rule Override: geo_velocity_kmh > 900 km/h AND geo_distance > 500 km
6ca072ef-b12b-40d2-af77-bc66f1fe6d36,2026-05-25 00:52:21+00:00,SRV_0538,normal,unknown,unknown,XGBoost ML Classifier
33f7f9f2-1763-47c8-a71b-9d94e7ae3668,2026-05-25 01:17:34+00:00,SRV_0640,normal,unknown,unknown,XGBoost ML Classifier
43959714-505d-463b-9ae5-8849e6282716,2026-05-25 01:18:36+00:00,USR_0044,low_slow_exfil,low_slow_exfil,low_slow_exfil,XGBoost ML Classifier
9581da6a-f4cd-43c7-9ebe-3a6dcf3046ec,2026-05-25 01:21:59+00:00,USR_0331,low_slow_exfil,low_slow_exfil,low_slow_exfil,XGBoost ML Classifier
b196462f-26fc-403c-8e87-58105d6a2082,2026-05-25 01:39:36+00:00,USR_0942,low_slow_exfil,low_slow_exfil,low_slow_exfil,XGBoost ML Classifier
1a4de5e0-7bc9-462f-b5b5-c97b97ba18f6,2026-05-25 01:40:57+00:00,USR_0172,low_slow_exfil,low_slow_exfil,low_slow_exfil,XGBoost ML Classifier
381d292f-d651-4882-a070-3ec88c36f3bb,2026-05-25 02:08:36+00:00,USR_0978,low_slow_exfil,low_slow_exfil,low_slow_exfil,XGBoost ML Classifier
5c930e7f-e2c1-4239-87a9-c9a180193b53,2026-05-25 02:12:07+00:00,USR_0331,low_slow_exfil,low_slow_exfil,low_slow_exfil,XGBoost ML Classifier
285bb734-383b-4292-ba50-7bb96b674c88,2026-05-25 02:15:01+00:00,USR_0830,low_slow_exfil,low_slow_exfil,low_slow_exfil,XGBoost ML Classifier
27b7c57d-fea2-468b-b07e-3a3d98b0e85d,2026-05-25 02:15:47+00:00,USR_0172,low_slow_exfil,low_slow_exfil,low_slow_exfil,XGBoost ML Classifier
034dfd11-e444-49da-b200-8c5e673bab2c,2026-05-25 02:20:30+00:00,USR_0351,low_slow_exfil,low_slow_exfil,low_slow_exfil,XGBoost ML Classifier
c4d6822e-bb79-4b81-9ce2-9be6ff14c9ca,2026-05-25 02:29:36+00:00,USR_0942,low_slow_exfil,low_slow_exfil,low_slow_exfil,XGBoost ML Classifier
03c6aa08-bec6-48af-a774-0bd7afffc4cd,2026-05-25 02:36:00+00:00,USR_0331,low_slow_exfil,low_slow_exfil,low_slow_exfil,XGBoost ML Classifier
ca191b85-21d9-455c-9df8-a50d3ea6ab66,2026-05-25 02:42:08+00:00,SRV_0128,normal,unknown,unknown,XGBoost ML Classifier
6f1b4f76-b392-4831-8645-c0831599d30e,2026-05-25 02:55:18+00:00,USR_0781,normal,unknown,unknown,XGBoost ML Classifier
cfc691bb-37b9-4862-8479-fa803195d786,2026-05-25 02:57:33+00:00,USR_0206,low_slow_exfil,low_slow_exfil,low_slow_exfil,XGBoost ML Classifier
9f157140-593b-4ec2-94e2-cebe713307df,2026-05-25 03:07:22+00:00,USR_0949,low_slow_exfil,low_slow_exfil,low_slow_exfil,XGBoost ML Classifier
acc9ca2e-eac1-4cad-9b3c-73972f0a2e3a,2026-05-25 03:15:36.339738+00:00,USR_0365,lateral_movement,lateral_movement,lateral_movement,XGBoost ML Classifier
0bc654ad-05a4-4b72-9f5a-6869b1b1e57e,2026-05-25 03:16:51+00:00,DEV_0164,normal,unknown,unknown,XGBoost ML Classifier
2c619189-d76c-43d7-9c0c-f15a565b1dd8,2026-05-25 03:17:32.485639+00:00,USR_0365,lateral_movement,lateral_movement,lateral_movement,XGBoost ML Classifier
1b757a5a-4d33-4c3f-b5eb-ede08c4db09e,2026-05-25 03:23:20+00:00,USR_0415,low_slow_exfil,low_slow_exfil,low_slow_exfil,XGBoost ML Classifier
fb4c6b5a-3bfb-4b69-9c90-8706d4ee589b,2026-05-25 03:32:31+00:00,USR_0830,low_slow_exfil,low_slow_exfil,low_slow_exfil,XGBoost ML Classifier
993ad604-b5fe-409d-8509-0ccfb7caf811,2026-05-25 03:34:24+00:00,USR_0331,low_slow_exfil,low_slow_exfil,low_slow_exfil,XGBoost ML Classifier
9384f5e1-9314-429e-a957-7230bdeff435,2026-05-25 03:44:57+00:00,USR_0351,low_slow_exfil,low_slow_exfil,low_slow_exfil,XGBoost ML Classifier
d216efc6-141a-4dbb-912d-c31f9e760000,2026-05-25 03:51:29+00:00,USR_0172,low_slow_exfil,low_slow_exfil,low_slow_exfil,XGBoost ML Classifier
c18db105-ac5b-4680-9aed-d5dbc05f583e,2026-05-25 03:56:27+00:00,DEV_0876,normal,unknown,unknown,XGBoost ML Classifier
dd2abd7b-c01c-4ae4-b7b3-6246ef666361,2026-05-25 03:59:26+00:00,USR_0386,low_slow_exfil,low_slow_exfil,low_slow_exfil,XGBoost ML Classifier
7a85dce5-92b2-417f-89fa-97e4c4b59e3b,2026-05-25 05:03:29+00:00,USR_0194,normal,unknown,insider_drift,XGBoost ML Classifier
c2604f77-d979-4403-8383-69e65dff2901,2026-05-25 05:23:14+00:00,SRV_0078,normal,unknown,unknown,XGBoost ML Classifier
98f76928-4921-4c1b-93b7-039611e7e66d,2026-05-25 05:39:34+00:00,DEV_0384,normal,unknown,unknown,XGBoost ML Classifier
65694bee-6fcc-438b-8029-ee119832e3a9,2026-05-25 05:54:10+00:00,SRV_0055,impossible_travel,impossible_travel,impossible_travel,Rule Override: geo_velocity_kmh > 900 km/h AND geo_distance > 500 km
e9e90331-74a0-4543-85cc-2550f3a2de95,2026-05-25 06:39:59.725660+00:00,USR_0521,lateral_movement,lateral_movement,lateral_movement,XGBoost ML Classifier
e2c06946-ac76-4d5a-8e5c-19eead99f77c,2026-05-25 06:40:23.893377+00:00,USR_0521,lateral_movement,lateral_movement,lateral_movement,XGBoost ML Classifier
5558b487-3f99-4a3a-91ad-0ba57d0b77d6,2026-05-25 06:41:46.720480+00:00,USR_0521,lateral_movement,lateral_movement,lateral_movement,XGBoost ML Classifier
b97a826b-529c-4bd3-8378-aee457bc675b,2026-05-25 06:42:11+00:00,DEV_0420,impossible_travel,impossible_travel,impossible_travel,Rule Override: geo_velocity_kmh > 900 km/h AND geo_distance > 500 km
f4fd1b3e-73c3-4b4e-88cf-5dbe2089b7cf,2026-05-25 06:42:37.523684+00:00,USR_0521,lateral_movement,lateral_movement,lateral_movement,XGBoost ML Classifier
3a7c83f2-2e2f-4b79-a1a2-48aaa1076dab,2026-05-25 07:52:30+00:00,USR_0140,normal,unknown,unknown,XGBoost ML Classifier
0601483e-10e0-4588-91b1-d2eff3af51e5,2026-05-25 07:55:20+00:00,SRV_0591,normal,unknown,unknown,XGBoost ML Classifier
36c1c0e8-3999-44b5-937b-8c686176dc51,2026-05-25 08:11:51+00:00,DEV_0237,normal,unknown,unknown,XGBoost ML Classifier
a202d5a7-1512-4e0f-8c21-a1cd8f203f4f,2026-05-25 08:44:03.959102+00:00,USR_0646,impossible_travel,impossible_travel,impossible_travel,Rule Override: geo_velocity_kmh > 900 km/h AND geo_distance > 500 km
bc5d5ff9-051b-448f-9d9e-80c2d50cafdc,2026-05-25 08:58:50+00:00,DEV_0857,impossible_travel,impossible_travel,impossible_travel,Rule Override: geo_velocity_kmh > 900 km/h AND geo_distance > 500 km
e70ef84d-9663-42cf-a8b9-810ca8f66e99,2026-05-25 09:22:24+00:00,USR_0127,impossible_travel,impossible_travel,impossible_travel,Rule Override: geo_velocity_kmh > 900 km/h AND geo_distance > 500 km
f4135110-1f2f-4f93-bb3c-ac86a0a91bbf,2026-05-25 09:24:46+00:00,DEV_0084,normal,unknown,unknown,XGBoost ML Classifier
83396dc8-03ed-43c8-8366-d2bd96bce529,2026-05-25 09:35:37+00:00,SRV_0591,normal,unknown,unknown,XGBoost ML Classifier
f1a0bd9b-ee9a-4683-84bd-05e2a6bfa586,2026-05-25 09:38:37+00:00,DEV_0164,normal,unknown,unknown,XGBoost ML Classifier
319ce7ea-62ad-4db9-84b5-cd689ed3b51d,2026-05-25 10:16:06+00:00,USR_0564,impossible_travel,impossible_travel,impossible_travel,Rule Override: geo_velocity_kmh > 900 km/h AND geo_distance > 500 km
6a035645-1c37-405d-9a11-611e08b4937a,2026-05-25 10:16:21+00:00,DEV_0902,normal,unknown,unknown,XGBoost ML Classifier
f44eb10a-5a51-4e79-a743-bad863c54baa,2026-05-25 10:30:58+00:00,DEV_0030,normal,unknown,unknown,XGBoost ML Classifier
1719d834-ac46-4fa8-9b9c-82cd307e46e4,2026-05-25 10:53:33+00:00,SRV_0086,impossible_travel,impossible_travel,impossible_travel,Rule Override: geo_velocity_kmh > 900 km/h AND geo_distance > 500 km
00625ac1-6b27-4504-bbdc-b382bfa718f3,2026-05-25 10:56:47+00:00,DEV_0876,normal,unknown,unknown,XGBoost ML Classifier
f7e0a9b8-b4d2-4e95-aec8-2ded3fc5090b,2026-05-25 11:07:59+00:00,DEV_0248,normal,unknown,unknown,XGBoost ML Classifier
08524af0-24a1-401e-9a8f-e5e91cb741e8,2026-05-25 11:10:13+00:00,DEV_0429,normal,unknown,unknown,XGBoost ML Classifier
a67d8159-e1cb-4209-9319-c2fdced0e988,2026-05-25 11:27:23+00:00,USR_0510,normal,unknown,unknown,XGBoost ML Classifier
02a0ea91-f0ac-4936-a241-ade0d3b83b00,2026-05-25 11:29:27+00:00,DEV_0237,normal,unknown,unknown,XGBoost ML Classifier
d255c8ba-205f-45fb-b81c-92a13b9eef56,2026-05-25 11:31:22+00:00,DEV_0294,normal,unknown,unknown,XGBoost ML Classifier
9ffc12b8-5bd8-44c4-a4f5-5306e6ec9cad,2026-05-25 11:40:29+00:00,USR_0041,impossible_travel,impossible_travel,impossible_travel,Rule Override: geo_velocity_kmh > 900 km/h AND geo_distance > 500 km
e7c4d173-1cc5-48ff-86d3-f360ef1c03b2,2026-05-25 11:48:15+00:00,USR_0735,impossible_travel,impossible_travel,impossible_travel,Rule Override: geo_velocity_kmh > 900 km/h AND geo_distance > 500 km
da26244d-5d3a-49a0-b08e-3e36283c5258,2026-05-25 12:02:23+00:00,DEV_0787,normal,unknown,unknown,XGBoost ML Classifier
19e6a88b-8500-4be6-953f-be6b79e01cfa,2026-05-25 12:33:55+00:00,SRV_0538,normal,unknown,unknown,XGBoost ML Classifier
c9d3a882-38c7-45c7-81f4-ca993064c72e,2026-05-25 12:34:21+00:00,SRV_0731,normal,unknown,unknown,XGBoost ML Classifier
27e8534e-bdab-481e-89de-4c75272d2298,2026-05-25 12:37:33+00:00,USR_0614,impossible_travel,impossible_travel,impossible_travel,Rule Override: geo_velocity_kmh > 900 km/h AND geo_distance > 500 km
56c6ebde-236a-4e82-8dd1-8c42afb6562a,2026-05-25 12:53:54+00:00,USR_0298,impossible_travel,impossible_travel,impossible_travel,Rule Override: geo_velocity_kmh > 900 km/h AND geo_distance > 500 km
ca084956-920a-4f3e-a73e-dddc1bb5680c,2026-05-25 12:55:41+00:00,USR_0975,impossible_travel,impossible_travel,impossible_travel,Rule Override: geo_velocity_kmh > 900 km/h AND geo_distance > 500 km
04b51280-7004-48b9-824f-39ab7291b84d,2026-05-25 13:02:32+00:00,DEV_0993,normal,unknown,unknown,XGBoost ML Classifier
47d23d72-61a3-49f5-b3fc-ae034671469e,2026-05-25 13:07:20+00:00,DEV_0294,normal,unknown,unknown,XGBoost ML Classifier
b1aea672-2c98-467f-b70f-dbe37b48769c,2026-05-25 13:11:09+00:00,USR_0901,impossible_travel,impossible_travel,impossible_travel,Rule Override: geo_velocity_kmh > 900 km/h AND geo_distance > 500 km
c14c521a-9b20-405d-bc82-6389b049e5b1,2026-05-25 13:39:46+00:00,SRV_0162,normal,unknown,unknown,XGBoost ML Classifier
6f3ab605-19f5-4f08-a004-baaad8345379,2026-05-25 13:41:14+00:00,DEV_0711,normal,unknown,unknown,XGBoost ML Classifier
05b48f53-edda-4de4-ac27-88eba2390077,2026-05-25 14:12:28+00:00,DEV_0685,normal,unknown,unknown,XGBoost ML Classifier
1c8d2932-f09a-4cdc-b3c3-4493ee4c7595,2026-05-25 14:23:30+00:00,USR_0682,impossible_travel,impossible_travel,impossible_travel,Rule Override: geo_velocity_kmh > 900 km/h AND geo_distance > 500 km
2faf0ee0-8b98-4fb7-bbe3-e165601d3eeb,2026-05-25 15:00:02+00:00,USR_0435,impossible_travel,impossible_travel,impossible_travel,Rule Override: geo_velocity_kmh > 900 km/h AND geo_distance > 500 km
5f26d7bf-ff7f-4f64-b785-f5c86485559d,2026-05-25 15:00:54+00:00,SRV_0458,normal,unknown,unknown,XGBoost ML Classifier
daac3a9b-b71e-4b45-8003-2edb7d218421,2026-05-25 15:08:41+00:00,USR_0428,impossible_travel,impossible_travel,impossible_travel,Rule Override: geo_velocity_kmh > 900 km/h AND geo_distance > 500 km
176c8589-be78-46c9-9844-29f43dcbc090,2026-05-25 15:14:07+00:00,USR_0544,impossible_travel,impossible_travel,impossible_travel,Rule Override: geo_velocity_kmh > 900 km/h AND geo_distance > 500 km
ac65c9ab-a537-4f02-8345-f6ef1e6f5c82,2026-05-25 15:25:38+00:00,USR_0575,impossible_travel,impossible_travel,impossible_travel,Rule Override: geo_velocity_kmh > 900 km/h AND geo_distance > 500 km
9ffa0e1d-d7c1-4ac8-9675-219b8be32772,2026-05-25 15:29:06+00:00,DEV_0420,normal,unknown,unknown,XGBoost ML Classifier
2a60c322-38a7-4d11-9935-bd4a0a87754b,2026-05-25 15:37:20+00:00,USR_0158,impossible_travel,impossible_travel,impossible_travel,Rule Override: geo_velocity_kmh > 900 km/h AND geo_distance > 500 km
80885d50-c5ac-4474-b8cf-844e4e8f4445,2026-05-25 15:52:40+00:00,USR_0115,impossible_travel,impossible_travel,impossible_travel,Rule Override: geo_velocity_kmh > 900 km/h AND geo_distance > 500 km
ac689650-be50-43d6-8b9e-b57c12289a5a,2026-05-25 15:56:44+00:00,DEV_0850,impossible_travel,impossible_travel,impossible_travel,Rule Override: geo_velocity_kmh > 900 km/h AND geo_distance > 500 km
44ecf479-9eca-49a0-a19a-d8fb3bada193,2026-05-25 15:57:07+00:00,DEV_0799,normal,unknown,unknown,XGBoost ML Classifier
9244fe31-f692-4a11-91f3-1e9cf72b3c54,2026-05-25 15:59:56+00:00,USR_0556,impossible_travel,impossible_travel,impossible_travel,Rule Override: geo_velocity_kmh > 900 km/h AND geo_distance > 500 km
ebb404c8-4e18-46ad-a053-b6b11b1a84eb,2026-05-25 16:17:39+00:00,USR_0323,impossible_travel,impossible_travel,impossible_travel,Rule Override: geo_velocity_kmh > 900 km/h AND geo_distance > 500 km
6234525d-4255-4743-bca5-69519358a98b,2026-05-25 16:18:16+00:00,USR_0981,impossible_travel,impossible_travel,impossible_travel,Rule Override: geo_velocity_kmh > 900 km/h AND geo_distance > 500 km
4247d721-a6cc-4c18-a28f-7814a8763af1,2026-05-25 17:27:06+00:00,USR_0580,normal,unknown,unknown,XGBoost ML Classifier
c1101e26-e9a0-46c3-b61d-c101ef42e56d,2026-05-25 17:28:59+00:00,DEV_0311,normal,unknown,lateral_movement,XGBoost ML Classifier
54abf33b-e380-40fd-9366-9f8ad6e42d55,2026-05-25 17:34:40+00:00,SRV_0936,normal,unknown,unknown,XGBoost ML Classifier
18301b91-911f-420a-b7fa-6e7229fa5b7d,2026-05-25 17:59:31+00:00,USR_0710,normal,unknown,lateral_movement,XGBoost ML Classifier
02ce5ccc-ad23-4f55-934c-b2fac3e47b80,2026-05-25 18:13:58+00:00,USR_0463,impossible_travel,impossible_travel,impossible_travel,Rule Override: geo_velocity_kmh > 900 km/h AND geo_distance > 500 km
5e1a759c-835e-4de2-89c8-c0b1ee01f75f,2026-05-25 18:33:34+00:00,SRV_0621,normal,unknown,unknown,XGBoost ML Classifier
77ea0aa6-9eec-485f-86ec-42fd54854dd2,2026-05-25 19:05:48+00:00,SRV_0293,normal,unknown,unknown,XGBoost ML Classifier
dfcbcb25-2214-4e3c-8823-dd7bd22dc40e,2026-05-25 19:11:36+00:00,USR_0504,normal,unknown,unknown,XGBoost ML Classifier
e1893b09-a72a-4d6b-ae9f-7ceb4a2f7d5b,2026-05-25 19:33:49+00:00,SRV_0498,impossible_travel,impossible_travel,impossible_travel,Rule Override: geo_velocity_kmh > 900 km/h AND geo_distance > 500 km
75c4da4a-adc6-4084-a43f-d382a2854696,2026-05-25 19:38:16+00:00,SRV_0461,normal,unknown,unknown,XGBoost ML Classifier
298539a7-6847-4d6d-8549-8f304cd019e6,2026-05-25 19:55:53+00:00,DEV_0850,normal,unknown,unknown,XGBoost ML Classifier
8b81880c-0140-4c81-be20-3879e16458b3,2026-05-25 22:41:23.651854+00:00,USR_0483,lateral_movement,lateral_movement,lateral_movement,XGBoost ML Classifier
a21e8926-8336-4066-aa3c-94d98260813c,2026-05-25 23:59:25.360000+00:00,SRV_0207,normal,unknown,unknown,XGBoost ML Classifier
761aeb23-7afe-4d85-9940-628789e641d1,2026-05-25 23:59:26.893000+00:00,SRV_0348,normal,unknown,lateral_movement,XGBoost ML Classifier
ddfcb6fa-f754-4bae-83d4-1e80cd89ac06,2026-05-26 00:00:00+00:00,SRV_0798,normal,unknown,unknown,XGBoost ML Classifier
98d297bc-a6c0-4de4-8d32-3086036dd6ae,2026-05-26 00:00:00+00:00,DEV_0416,normal,unknown,unknown,XGBoost ML Classifier
1f70dc20-ba77-48f6-a32c-f71a1730a3f1,2026-05-26 00:00:00+00:00,DEV_0026,normal,unknown,unknown,XGBoost ML Classifier
f6eaf5a9-528c-4da9-b78d-0898e67734d6,2026-05-26 00:00:05.772000+00:00,SRV_0898,normal,unknown,unknown,XGBoost ML Classifier
2b8cb0d1-c79a-429c-bc4b-365b8a4fe64f,2026-05-26 00:05:00+00:00,DEV_0425,impossible_travel,impossible_travel,impossible_travel,Rule Override: geo_velocity_kmh > 900 km/h AND geo_distance > 500 km
c252d49e-299d-4cc6-9a10-28b12966f158,2026-05-26 00:09:24+00:00,SRV_0397,impossible_travel,impossible_travel,impossible_travel,Rule Override: geo_velocity_kmh > 900 km/h AND geo_distance > 500 km
d557ae06-391e-4e5c-8925-5ca019616873,2026-05-26 00:13:00+00:00,SRV_0731,impossible_travel,impossible_travel,impossible_travel,Rule Override: geo_velocity_kmh > 900 km/h AND geo_distance > 500 km
6ac5fcd5-3904-464f-a9ef-6aab52d4c2e8,2026-05-26 00:17:24+00:00,DEV_0183,impossible_travel,impossible_travel,impossible_travel,Rule Override: geo_velocity_kmh > 900 km/h AND geo_distance > 500 km
9ddec918-5c5e-4313-9a84-9d72e0b0f4e7,2026-05-26 00:43:34+00:00,SRV_0086,normal,unknown,unknown,XGBoost ML Classifier
40565fc7-a5ce-4b1c-802f-aee2af8800bb,2026-05-26 01:00:14+00:00,USR_0062,low_slow_exfil,low_slow_exfil,low_slow_exfil,XGBoost ML Classifier
c514d001-f626-4fbf-9a02-2c0a14d34b34,2026-05-26 01:03:55+00:00,USR_0044,low_slow_exfil,low_slow_exfil,low_slow_exfil,XGBoost ML Classifier
05cbe631-2d01-4d4a-b839-f821a6fd7a31,2026-05-26 01:11:34+00:00,DEV_0902,normal,unknown,unknown,XGBoost ML Classifier
a54cea37-3482-4043-9a5d-97c4c5ce83b2,2026-05-26 01:13:26+00:00,USR_0307,low_slow_exfil,low_slow_exfil,low_slow_exfil,XGBoost ML Classifier
680ccb28-5ecf-4cd0-bfbb-df0524e5f8cd,2026-05-26 01:17:42+00:00,USR_0331,low_slow_exfil,low_slow_exfil,low_slow_exfil,XGBoost ML Classifier
9b67484b-82f0-4335-a6df-edb14f30b7dd,2026-05-26 01:18:44+00:00,USR_0331,low_slow_exfil,low_slow_exfil,low_slow_exfil,XGBoost ML Classifier
3d134162-a2c6-4c30-a80d-21c1a49d5750,2026-05-26 01:20:23+00:00,USR_0331,low_slow_exfil,low_slow_exfil,low_slow_exfil,XGBoost ML Classifier
13032b31-b320-4841-928b-6fa24c065a8c,2026-05-26 01:35:39+00:00,USR_0172,low_slow_exfil,low_slow_exfil,low_slow_exfil,XGBoost ML Classifier
573706fd-82c3-4998-906c-84cf810cb125,2026-05-26 01:42:23+00:00,USR_0942,low_slow_exfil,low_slow_exfil,low_slow_exfil,XGBoost ML Classifier
c804cabb-3d30-4f02-ba59-505e27194f77,2026-05-26 02:09:20+00:00,USR_0415,low_slow_exfil,low_slow_exfil,low_slow_exfil,XGBoost ML Classifier
8050ba1c-61f2-4c96-8630-5cbae658d442,2026-05-26 02:15:39+00:00,USR_0172,low_slow_exfil,low_slow_exfil,low_slow_exfil,XGBoost ML Classifier
b6bf9c83-1403-4470-af0f-553ef6cbd409,2026-05-26 02:16:00+00:00,SRV_0525,normal,unknown,unknown,XGBoost ML Classifier
71fdc924-7d47-4611-8aed-234a008e7ffc,2026-05-26 02:18:35+00:00,USR_0331,low_slow_exfil,low_slow_exfil,low_slow_exfil,XGBoost ML Classifier
4f4389d5-bdd8-432d-a208-1ec5da0134ff,2026-05-26 02:20:21+00:00,USR_0830,low_slow_exfil,low_slow_exfil,low_slow_exfil,XGBoost ML Classifier
2cc4916a-82d8-4306-a96c-fce79fac40b3,2026-05-26 02:33:57+00:00,USR_0830,low_slow_exfil,low_slow_exfil,low_slow_exfil,XGBoost ML Classifier
56466afa-1ade-4b1f-9ace-dda0f70d6004,2026-05-26 02:36:59+00:00,DEV_0394,normal,unknown,unknown,XGBoost ML Classifier
9f6655f4-2709-4449-b063-f076758c7a95,2026-05-26 02:46:17+00:00,USR_0942,low_slow_exfil,low_slow_exfil,low_slow_exfil,XGBoost ML Classifier
e6bb49e7-c04f-4984-b703-506a9f8df1ae,2026-05-26 02:50:24+00:00,USR_0499,low_slow_exfil,low_slow_exfil,low_slow_exfil,XGBoost ML Classifier
33bdcd03-220e-4bbd-a7e2-94036b608c05,2026-05-26 02:57:07+00:00,USR_0172,low_slow_exfil,low_slow_exfil,low_slow_exfil,XGBoost ML Classifier
db301605-df08-460a-acca-376c47d65023,2026-05-26 03:01:52+00:00,USR_0978,low_slow_exfil,low_slow_exfil,low_slow_exfil,XGBoost ML Classifier
e50afbf8-d9b8-4d51-8040-bc4b75c10c33,2026-05-26 03:04:03+00:00,USR_0351,low_slow_exfil,low_slow_exfil,low_slow_exfil,XGBoost ML Classifier
dc72f026-6e87-4a55-ab33-ead33bb3f361,2026-05-26 03:05:43+00:00,USR_0351,low_slow_exfil,low_slow_exfil,low_slow_exfil,XGBoost ML Classifier
ca86b101-a8da-4a26-a87c-c597672c5164,2026-05-26 03:59:21+00:00,DEV_0414,normal,unknown,unknown,XGBoost ML Classifier
ab36f5ba-fef6-45bf-be68-fc7f80f591fa,2026-05-26 03:59:52+00:00,USR_0415,low_slow_exfil,low_slow_exfil,low_slow_exfil,XGBoost ML Classifier
a3c684e4-4755-438a-83a4-69dd5e76bbb2,2026-05-26 05:10:39+00:00,DEV_0013,normal,unknown,unknown,XGBoost ML Classifier
4d0d7a37-7a9c-4c0c-8e0d-1555e518205f,2026-05-26 05:17:02+00:00,SRV_0348,normal,unknown,unknown,XGBoost ML Classifier
f0751289-a3e4-4b03-8865-cf7f27c7a9ee,2026-05-26 05:17:16+00:00,USR_0992,impossible_travel,impossible_travel,impossible_travel,Rule Override: geo_velocity_kmh > 900 km/h AND geo_distance > 500 km
7afe032a-0d23-4acb-943b-ba18b4b4a6c2,2026-05-26 05:29:33+00:00,USR_0666,normal,unknown,unknown,XGBoost ML Classifier
8db27fdf-7b75-4096-b129-f391453b804c,2026-05-26 05:38:05+00:00,SRV_0908,normal,unknown,unknown,XGBoost ML Classifier
7498fce7-af4e-4f51-90e2-9ee85d45b1ae,2026-05-26 06:08:40+00:00,USR_0625,normal,unknown,unknown,XGBoost ML Classifier
4faf3fe3-3b2d-486d-b272-c401786fb2c6,2026-05-26 06:21:30+00:00,DEV_0664,normal,unknown,unknown,XGBoost ML Classifier
507737b4-c540-4bd4-aeb9-bf5123a8b932,2026-05-26 06:33:19+00:00,DEV_0311,normal,unknown,unknown,XGBoost ML Classifier
129cb7bb-ea03-47e2-a4a9-22f1ff85c005,2026-05-26 06:41:21+00:00,DEV_0326,normal,unknown,unknown,XGBoost ML Classifier
e814abc6-64a5-42d6-ba78-8e5a821e5d51,2026-05-26 07:52:20+00:00,USR_0434,impossible_travel,impossible_travel,impossible_travel,Rule Override: geo_velocity_kmh > 900 km/h AND geo_distance > 500 km
67247b15-8755-4671-8fde-45baebf86f80,2026-05-26 07:57:04+00:00,SRV_0329,normal,unknown,unknown,XGBoost ML Classifier
25daa52a-b921-4138-bfbf-4f25e6719867,2026-05-26 07:58:43+00:00,DEV_0163,normal,unknown,unknown,XGBoost ML Classifier
792334e7-2501-4133-b69d-1241fb4ba73e,2026-05-26 08:13:48+00:00,DEV_0537,normal,unknown,unknown,XGBoost ML Classifier
e6cf3c01-72c7-49a1-bfd9-4d797343a4b1,2026-05-26 08:50:53+00:00,SRV_0717,normal,unknown,unknown,XGBoost ML Classifier
5a022d36-bd3c-4acb-8d91-14fa2e83bdfa,2026-05-26 09:03:03+00:00,SRV_0970,normal,unknown,unknown,XGBoost ML Classifier
bfaeda64-c722-4e7f-b448-1cc2e2428d16,2026-05-26 09:03:33.592690+00:00,USR_0638,lateral_movement,lateral_movement,lateral_movement,XGBoost ML Classifier
1a4756f7-904c-4c68-849c-d471891daae0,2026-05-26 09:04:26+00:00,SRV_0358,normal,unknown,unknown,XGBoost ML Classifier
198bd5db-b3bc-4c44-a7e1-a23e607cdb72,2026-05-26 09:05:26.718465+00:00,USR_0638,lateral_movement,lateral_movement,lateral_movement,XGBoost ML Classifier
0114b01c-0411-4676-8808-a589d088b6ea,2026-05-26 09:05:32.579957+00:00,USR_0638,lateral_movement,lateral_movement,lateral_movement,XGBoost ML Classifier
e83187e9-8d98-4141-90bb-3a853de77a7a,2026-05-26 09:07:46.016054+00:00,USR_0638,lateral_movement,lateral_movement,lateral_movement,XGBoost ML Classifier
c6b32253-a851-44ae-88b4-daab06fbe19c,2026-05-26 09:10:06+00:00,USR_0715,impossible_travel,impossible_travel,impossible_travel,Rule Override: geo_velocity_kmh > 900 km/h AND geo_distance > 500 km
fa54d423-0876-40c2-acc0-97dda5e9c67d,2026-05-26 09:10:11.108000+00:00,USR_0638,lateral_movement,lateral_movement,lateral_movement,XGBoost ML Classifier
d252b61d-3af5-41c9-b8c3-0fe4637787c2,2026-05-26 09:12:52+00:00,SRV_0232,normal,unknown,unknown,XGBoost ML Classifier
4bba4142-663a-4f67-80d8-f33755d77890,2026-05-26 09:14:32+00:00,USR_0878,impossible_travel,impossible_travel,impossible_travel,Rule Override: geo_velocity_kmh > 900 km/h AND geo_distance > 500 km
7c88b3f6-45d4-41fd-a51b-1e16e687f6e2,2026-05-26 09:18:32.348149+00:00,USR_0706,lateral_movement,lateral_movement,lateral_movement,XGBoost ML Classifier
ebe62a48-602a-459f-94d1-11d40aa243a2,2026-05-26 09:20:23.842428+00:00,USR_0706,lateral_movement,lateral_movement,lateral_movement,XGBoost ML Classifier
740d5e93-e5d6-47ec-8533-6eff3474e0e2,2026-05-26 09:22:13.972888+00:00,USR_0706,lateral_movement,lateral_movement,lateral_movement,XGBoost ML Classifier
1d50d52b-425b-4925-92dc-ff192175edb7,2026-05-26 09:36:09.210482+00:00,USR_0809,credential_stuffing,credential_stuffing,credential_stuffing,XGBoost ML Classifier
76dddf6c-6a14-4e64-9abc-9cb3408a2ce3,2026-05-26 09:36:10.083342+00:00,DEV_0429,credential_stuffing,credential_stuffing,credential_stuffing,XGBoost ML Classifier
756117ea-e757-453b-9010-5fd6e89886f9,2026-05-26 09:36:15.010005+00:00,USR_0289,credential_stuffing,credential_stuffing,credential_stuffing,XGBoost ML Classifier
048a3314-555c-4dbb-8c7d-80fd7ce425b6,2026-05-26 09:36:18.280641+00:00,USR_0872,credential_stuffing,credential_stuffing,credential_stuffing,XGBoost ML Classifier
89cfcc35-cbcb-4abb-8093-23c6f877310e,2026-05-26 09:36:18.767629+00:00,USR_0582,credential_stuffing,credential_stuffing,credential_stuffing,XGBoost ML Classifier
4756a35a-efe5-4cef-8bc4-f5139eafdcc5,2026-05-26 09:36:20.586619+00:00,SRV_0670,credential_stuffing,credential_stuffing,credential_stuffing,XGBoost ML Classifier
8a2224a6-d7c5-47ea-b3a0-9331e923715a,2026-05-26 09:36:21.308458+00:00,USR_0446,credential_stuffing,credential_stuffing,credential_stuffing,XGBoost ML Classifier
5e1434f2-18c1-450c-a591-ff5f5f886db4,2026-05-26 09:36:23.088626+00:00,USR_0472,credential_stuffing,credential_stuffing,credential_stuffing,XGBoost ML Classifier
3a2e45ae-4286-45d0-8c85-867eaa315648,2026-05-26 09:36:23.469197+00:00,DEV_0394,credential_stuffing,credential_stuffing,credential_stuffing,XGBoost ML Classifier
8c67d152-0985-4649-afa2-5e36108976fc,2026-05-26 09:36:29.329684+00:00,USR_0438,credential_stuffing,credential_stuffing,credential_stuffing,XGBoost ML Classifier
661c60ae-9bfa-4c09-a4bd-818bb7640003,2026-05-26 09:36:33.610394+00:00,USR_0308,credential_stuffing,credential_stuffing,credential_stuffing,XGBoost ML Classifier
75220b0d-9f6d-4892-8721-ce0e502ecf53,2026-05-26 09:36:35.301314+00:00,DEV_0507,credential_stuffing,credential_stuffing,credential_stuffing,XGBoost ML Classifier
0d8cce6a-b29a-4477-a756-309fdaee6cf2,2026-05-26 09:36:35.865325+00:00,USR_0836,credential_stuffing,credential_stuffing,credential_stuffing,XGBoost ML Classifier
455ede42-109b-41b5-b24f-b9eb6646772c,2026-05-26 09:36:36.308403+00:00,SRV_0963,credential_stuffing,credential_stuffing,credential_stuffing,XGBoost ML Classifier
ed5c0590-9d1b-4229-99e1-f41298e85388,2026-05-26 09:36:36.758761+00:00,USR_0614,credential_stuffing,credential_stuffing,credential_stuffing,XGBoost ML Classifier
1f655d86-d0b8-4d3b-bbc3-dcf9e461a5b4,2026-05-26 09:36:38.572636+00:00,USR_0660,credential_stuffing,credential_stuffing,credential_stuffing,XGBoost ML Classifier
a868eed9-485a-4357-a212-e5402dc558a9,2026-05-26 09:36:39.537798+00:00,DEV_0974,credential_stuffing,credential_stuffing,credential_stuffing,XGBoost ML Classifier
4f73cb17-db49-4d74-ab37-b0413d157289,2026-05-26 09:36:40.692183+00:00,USR_0413,credential_stuffing,credential_stuffing,credential_stuffing,XGBoost ML Classifier
20aef200-45d8-4244-a0f4-bb04fc337fc5,2026-05-26 09:36:41.023811+00:00,USR_0482,credential_stuffing,credential_stuffing,credential_stuffing,XGBoost ML Classifier
56a72fc3-b793-4a28-a4c6-797e730f0342,2026-05-26 09:36:41.073937+00:00,SRV_0050,credential_stuffing,credential_stuffing,credential_stuffing,XGBoost ML Classifier
1692990a-1d04-45d4-82fd-08619e44bea1,2026-05-26 09:36:44.512059+00:00,USR_0246,credential_stuffing,credential_stuffing,credential_stuffing,XGBoost ML Classifier
00226a4d-0742-480a-aa9a-021147367cb5,2026-05-26 09:36:45.862478+00:00,DEV_0834,credential_stuffing,credential_stuffing,credential_stuffing,XGBoost ML Classifier
8d7d3f68-2ae5-4345-948c-fca0d81fbbdb,2026-05-26 09:36:48.302246+00:00,USR_0503,credential_stuffing,credential_stuffing,credential_stuffing,XGBoost ML Classifier
b1c6234f-9fc7-41c2-826a-259b9490deb1,2026-05-26 09:36:49.241109+00:00,USR_0377,credential_stuffing,credential_stuffing,credential_stuffing,XGBoost ML Classifier
b6600918-9b7b-4fde-8076-dd52f8122ce4,2026-05-26 09:36:56.555600+00:00,DEV_0890,credential_stuffing,credential_stuffing,credential_stuffing,XGBoost ML Classifier
62f81588-ce78-4ad3-ac97-08dcd110d1ed,2026-05-26 09:36:56.590874+00:00,USR_0061,credential_stuffing,credential_stuffing,credential_stuffing,XGBoost ML Classifier
9dffc7ca-a3f6-47fb-ac08-e01c3196fe9b,2026-05-26 09:36:57.568369+00:00,USR_0217,credential_stuffing,credential_stuffing,credential_stuffing,XGBoost ML Classifier
0d2bddae-50f5-4e31-9ace-f6b0b7f0a044,2026-05-26 09:36:58.577870+00:00,USR_0579,credential_stuffing,credential_stuffing,credential_stuffing,XGBoost ML Classifier
5e8ab81e-6152-4e6d-8b2d-e75865d6112f,2026-05-26 09:37:00.170636+00:00,DEV_0137,credential_stuffing,credential_stuffing,credential_stuffing,XGBoost ML Classifier
3b3d3f41-8b4a-4dce-be44-8809dd91d481,2026-05-26 09:37:02.559892+00:00,DEV_0685,credential_stuffing,credential_stuffing,credential_stuffing,XGBoost ML Classifier
4f9e3505-656c-4c45-a00f-52595054241e,2026-05-26 09:37:03.703630+00:00,USR_0369,credential_stuffing,credential_stuffing,credential_stuffing,XGBoost ML Classifier
9003fd11-89d2-4228-b869-e916b07a6511,2026-05-26 09:37:03.795336+00:00,DEV_0474,credential_stuffing,credential_stuffing,credential_stuffing,XGBoost ML Classifier
22267939-5fbb-4d94-95d9-d0ba82d9e748,2026-05-26 09:37:06.433654+00:00,USR_0342,credential_stuffing,credential_stuffing,credential_stuffing,XGBoost ML Classifier
7564a07f-c51c-40ed-8d35-6a4202d97ff5,2026-05-26 09:37:06.826816+00:00,USR_0875,credential_stuffing,credential_stuffing,credential_stuffing,XGBoost ML Classifier
315bf778-4783-4982-81e7-8675c79f06d2,2026-05-26 09:37:08.600048+00:00,DEV_0588,credential_stuffing,credential_stuffing,credential_stuffing,XGBoost ML Classifier
245be2c0-e546-4c68-b432-23a22145e5d4,2026-05-26 09:37:09.400797+00:00,SRV_0934,credential_stuffing,credential_stuffing,credential_stuffing,XGBoost ML Classifier
6949c301-b7dc-41b5-8aa9-f477970dd5f6,2026-05-26 09:37:10.822733+00:00,USR_0423,credential_stuffing,credential_stuffing,credential_stuffing,XGBoost ML Classifier
256c78d2-8260-4d2f-9fb0-d2428716db01,2026-05-26 09:37:10.992048+00:00,USR_0495,credential_stuffing,credential_stuffing,credential_stuffing,XGBoost ML Classifier
27a25bf1-fa22-42db-a658-77cddad8333e,2026-05-26 09:37:12.473780+00:00,USR_0783,credential_stuffing,credential_stuffing,credential_stuffing,XGBoost ML Classifier
77fc339b-bb88-4f32-8f59-d597c579f3b0,2026-05-26 09:37:19.448435+00:00,USR_0054,credential_stuffing,credential_stuffing,credential_stuffing,XGBoost ML Classifier
e9d48ddd-2001-4007-b9ca-02ec661fee66,2026-05-26 09:37:19.508777+00:00,USR_0027,credential_stuffing,credential_stuffing,credential_stuffing,XGBoost ML Classifier
c64fe38c-179b-468c-a28c-db3ccf951020,2026-05-26 09:37:19.526658+00:00,USR_0681,credential_stuffing,credential_stuffing,credential_stuffing,XGBoost ML Classifier
ea7f420a-05cb-491a-b377-cf1649b915a2,2026-05-26 09:37:19.606483+00:00,USR_0247,credential_stuffing,credential_stuffing,credential_stuffing,XGBoost ML Classifier
e811dad7-c2af-4a90-b4c6-d2baf83634cd,2026-05-26 09:37:20.831821+00:00,DEV_0611,credential_stuffing,credential_stuffing,credential_stuffing,XGBoost ML Classifier
a5cd59cc-9e8b-4b3e-9be1-d55c854cdb8d,2026-05-26 09:37:24.563887+00:00,USR_0142,credential_stuffing,credential_stuffing,credential_stuffing,XGBoost ML Classifier
21b33739-99cb-47fd-ae77-e03867b42364,2026-05-26 09:37:25.963885+00:00,USR_0892,credential_stuffing,credential_stuffing,credential_stuffing,XGBoost ML Classifier
7ca6d23a-6b8a-45a7-867f-d8fef6208884,2026-05-26 09:37:26.420549+00:00,USR_0393,credential_stuffing,credential_stuffing,credential_stuffing,XGBoost ML Classifier
31902ad5-e7da-4e12-ba84-0a524605af5b,2026-05-26 09:37:26.660764+00:00,DEV_0227,credential_stuffing,credential_stuffing,credential_stuffing,XGBoost ML Classifier
972f4d05-b4d6-469a-a7cd-e449a2112323,2026-05-26 09:37:27.710233+00:00,SRV_0798,credential_stuffing,credential_stuffing,credential_stuffing,XGBoost ML Classifier
2cca3c0f-5514-4bcf-b4a7-8762ab19cecd,2026-05-26 09:37:28.359855+00:00,SRV_0550,credential_stuffing,credential_stuffing,credential_stuffing,XGBoost ML Classifier
49a821dc-c079-480a-be15-e8e7a2b88399,2026-05-26 09:37:29.313799+00:00,USR_0148,credential_stuffing,credential_stuffing,credential_stuffing,XGBoost ML Classifier
578f0987-9f7b-4fe8-a3b9-8ad8032900fe,2026-05-26 09:37:30.784656+00:00,USR_0239,credential_stuffing,credential_stuffing,credential_stuffing,XGBoost ML Classifier
c541620c-ae43-4177-96f0-cc085ed0dd2a,2026-05-26 09:37:32.641425+00:00,DEV_0332,credential_stuffing,credential_stuffing,credential_stuffing,XGBoost ML Classifier
25e41a77-1908-4928-af99-6d91fc2dabd5,2026-05-26 09:37:35.297205+00:00,USR_0015,credential_stuffing,credential_stuffing,credential_stuffing,XGBoost ML Classifier
4f4731c1-dd37-4990-9188-763730c465c3,2026-05-26 09:37:36.918988+00:00,USR_0833,credential_stuffing,credential_stuffing,credential_stuffing,XGBoost ML Classifier
e7b722bb-dc50-470a-b368-1874e178eb3a,2026-05-26 09:37:37.825980+00:00,SRV_0078,credential_stuffing,credential_stuffing,credential_stuffing,XGBoost ML Classifier
ff255134-f016-4eeb-b70a-4051e6996666,2026-05-26 09:37:45.560729+00:00,SRV_0899,credential_stuffing,credential_stuffing,credential_stuffing,XGBoost ML Classifier
c4f24b4d-3966-4bb4-86c4-d05af22efda6,2026-05-26 09:37:48.519016+00:00,USR_0325,credential_stuffing,credential_stuffing,credential_stuffing,XGBoost ML Classifier
072a28cb-b6bb-4da5-ac95-2ac3df2c0f9e,2026-05-26 09:37:51.061539+00:00,USR_0609,credential_stuffing,credential_stuffing,credential_stuffing,XGBoost ML Classifier
00a9bc9a-9101-4673-9542-071e4e1079ae,2026-05-26 09:37:57.381558+00:00,USR_0296,credential_stuffing,credential_stuffing,credential_stuffing,XGBoost ML Classifier
25e84d2d-11b5-4a0c-a839-2b691d483632,2026-05-26 09:38:01.135675+00:00,USR_0718,credential_stuffing,credential_stuffing,credential_stuffing,XGBoost ML Classifier
c7508f7c-f4e2-44aa-9cf1-11853e2f4bb4,2026-05-26 09:38:01.863003+00:00,SRV_0506,credential_stuffing,credential_stuffing,credential_stuffing,XGBoost ML Classifier
e213dcb0-602d-4dd5-ab6d-039d133e715e,2026-05-26 09:38:05.376342+00:00,USR_0682,credential_stuffing,credential_stuffing,credential_stuffing,XGBoost ML Classifier
194d2ce8-5fee-4a5c-aed8-b992d9279b0a,2026-05-26 09:38:06.559921+00:00,USR_0452,credential_stuffing,credential_stuffing,credential_stuffing,XGBoost ML Classifier
ecf4deba-af6e-4df5-a05b-146bbd6b7c12,2026-05-26 09:38:11.122553+00:00,USR_0194,credential_stuffing,credential_stuffing,credential_stuffing,XGBoost ML Classifier
1c8b1bc6-2825-4488-9eb4-95b4c4a1ab03,2026-05-26 09:38:11.298523+00:00,USR_0668,credential_stuffing,credential_stuffing,credential_stuffing,XGBoost ML Classifier
d4180edb-a715-4374-af34-2ba433fcd012,2026-05-26 09:38:15.660502+00:00,SRV_0697,credential_stuffing,credential_stuffing,credential_stuffing,XGBoost ML Classifier
e3a810ac-29b2-4c06-b204-c0bdbcf2c178,2026-05-26 09:38:16.716555+00:00,USR_0612,credential_stuffing,credential_stuffing,credential_stuffing,XGBoost ML Classifier
e953116e-d47d-4d0d-8a52-459e88747f2c,2026-05-26 09:38:17.314145+00:00,SRV_0819,credential_stuffing,credential_stuffing,credential_stuffing,XGBoost ML Classifier
7b3f5238-d6c3-4812-9932-dfe333b7516c,2026-05-26 09:38:17.337374+00:00,USR_0351,credential_stuffing,credential_stuffing,credential_stuffing,XGBoost ML Classifier
c4ac5702-344a-4f02-b339-6af9657eebf1,2026-05-26 09:38:18.131967+00:00,USR_0607,credential_stuffing,credential_stuffing,credential_stuffing,XGBoost ML Classifier
c24e4ba9-4abe-445e-8f6e-65f476e4c330,2026-05-26 09:38:21.306691+00:00,USR_0704,credential_stuffing,credential_stuffing,credential_stuffing,XGBoost ML Classifier
5e3940d8-e76b-40b0-9d45-6a28fccacce3,2026-05-26 09:38:22.432664+00:00,USR_0918,credential_stuffing,credential_stuffing,credential_stuffing,XGBoost ML Classifier
1ab0555c-8e33-451a-8447-255bb1ae9655,2026-05-26 09:38:23.079405+00:00,USR_0041,credential_stuffing,credential_stuffing,credential_stuffing,XGBoost ML Classifier
fccbda59-f265-42fb-bb9b-5e6355ebcc87,2026-05-26 09:38:30.016188+00:00,USR_0564,credential_stuffing,credential_stuffing,credential_stuffing,XGBoost ML Classifier
0c35c80d-bf87-4242-8814-642b4bf3505c,2026-05-26 09:38:30.533223+00:00,DEV_0902,credential_stuffing,credential_stuffing,credential_stuffing,XGBoost ML Classifier
c9cdb94e-0378-4f32-a8a6-03772800affe,2026-05-26 09:38:37.209368+00:00,USR_0068,credential_stuffing,credential_stuffing,credential_stuffing,XGBoost ML Classifier
77afe72c-02d1-4089-a7f0-11336da0ed92,2026-05-26 09:38:38.014162+00:00,USR_0552,credential_stuffing,credential_stuffing,credential_stuffing,XGBoost ML Classifier
ce227bd0-3181-4908-bcc6-4d73fb8d4750,2026-05-26 09:38:38.896278+00:00,USR_0042,credential_stuffing,credential_stuffing,credential_stuffing,XGBoost ML Classifier
740ab404-4a1f-4e18-a0f6-d3885edcfa63,2026-05-26 09:38:41.502795+00:00,DEV_0692,credential_stuffing,credential_stuffing,credential_stuffing,XGBoost ML Classifier
bda9fea2-febc-42fc-be49-cbd55121b23b,2026-05-26 09:38:42.603115+00:00,USR_0597,credential_stuffing,credential_stuffing,credential_stuffing,XGBoost ML Classifier
d21b13e8-b0ab-4369-a425-7c43766e63e3,2026-05-26 09:38:48.997423+00:00,USR_0581,credential_stuffing,credential_stuffing,credential_stuffing,XGBoost ML Classifier
04b36bed-81a1-4182-a145-e1c3380c8269,2026-05-26 09:38:58.405059+00:00,USR_0492,credential_stuffing,credential_stuffing,credential_stuffing,XGBoost ML Classifier
6a9977f2-cc46-45bb-bf0a-7b7f9e592aae,2026-05-26 09:39:13.055416+00:00,USR_0596,credential_stuffing,credential_stuffing,credential_stuffing,XGBoost ML Classifier
b838f766-ad47-47b6-a09e-5256dda494a7,2026-05-26 09:39:14.403901+00:00,DEV_0947,credential_stuffing,credential_stuffing,credential_stuffing,XGBoost ML Classifier
df8886af-58ef-4e64-95da-a1654486f0d1,2026-05-26 09:39:15.587846+00:00,USR_0176,credential_stuffing,credential_stuffing,credential_stuffing,XGBoost ML Classifier
2dd5a829-8ed9-4579-b2e5-4f6b0685dad8,2026-05-26 09:39:19.526384+00:00,DEV_0414,credential_stuffing,credential_stuffing,credential_stuffing,XGBoost ML Classifier
7af17d38-d6a4-439d-9dd9-9e8798f2c451,2026-05-26 09:39:22.355024+00:00,USR_0784,credential_stuffing,credential_stuffing,credential_stuffing,XGBoost ML Classifier
ab31b5a0-01a7-4d36-89ff-8a2157099d76,2026-05-26 09:39:22.651338+00:00,DEV_0971,credential_stuffing,credential_stuffing,credential_stuffing,XGBoost ML Classifier
65141cb8-3efe-4fab-8d96-d59af617e530,2026-05-26 09:39:28.061429+00:00,DEV_0569,credential_stuffing,credential_stuffing,credential_stuffing,XGBoost ML Classifier
0bd94c09-b321-4896-84f6-b68f63941623,2026-05-26 09:39:30.566521+00:00,USR_0620,credential_stuffing,credential_stuffing,credential_stuffing,XGBoost ML Classifier
895a6143-bc70-4eb1-bcd5-6525d780647c,2026-05-26 09:39:33.780927+00:00,USR_0622,credential_stuffing,credential_stuffing,credential_stuffing,XGBoost ML Classifier
ed9c2a30-f203-4c29-b13b-6294a8bb62b2,2026-05-26 09:39:36.109717+00:00,USR_0356,credential_stuffing,credential_stuffing,credential_stuffing,XGBoost ML Classifier
28ca5245-c67e-483b-b72b-721aefcfcef7,2026-05-26 09:39:36.468628+00:00,USR_0105,credential_stuffing,credential_stuffing,credential_stuffing,XGBoost ML Classifier
76ddf3f0-57d7-4113-8d96-297fef2933b4,2026-05-26 09:39:37.952568+00:00,USR_0561,credential_stuffing,credential_stuffing,credential_stuffing,XGBoost ML Classifier
991fdcae-ebaf-4c9c-b7a7-b0fd5a41910a,2026-05-26 09:39:38.989255+00:00,DEV_0588,credential_stuffing,credential_stuffing,credential_stuffing,XGBoost ML Classifier
55d5b17b-9e1f-4512-9c40-c68730e42508,2026-05-26 09:39:45.949311+00:00,DEV_0863,credential_stuffing,credential_stuffing,credential_stuffing,XGBoost ML Classifier
194d5877-6b04-421d-a0da-5e9a7f273fd7,2026-05-26 09:39:49.140249+00:00,DEV_0090,credential_stuffing,credential_stuffing,credential_stuffing,XGBoost ML Classifier
2ee0a8ed-2ea6-4573-a844-74d4e8f70736,2026-05-26 09:39:52.004678+00:00,USR_0713,credential_stuffing,credential_stuffing,credential_stuffing,XGBoost ML Classifier
d9548648-83ce-4763-9a9c-4af190d3f9f2,2026-05-26 09:39:55.481118+00:00,USR_0422,credential_stuffing,credential_stuffing,credential_stuffing,XGBoost ML Classifier
c2b905d5-f9c0-45e1-a4ca-4ace95f1d762,2026-05-26 09:39:56.699533+00:00,USR_0708,credential_stuffing,credential_stuffing,credential_stuffing,XGBoost ML Classifier
909f5163-d43a-4657-9b2e-d028f13998ea,2026-05-26 09:39:58.026031+00:00,USR_0986,credential_stuffing,credential_stuffing,credential_stuffing,XGBoost ML Classifier
f4d75aa2-dc9d-4b9f-99d3-09b899834d03,2026-05-26 09:40:13.301749+00:00,DEV_0877,credential_stuffing,credential_stuffing,credential_stuffing,XGBoost ML Classifier
ee7cd7b8-3227-411f-9832-8d801a71e1dc,2026-05-26 09:40:33.366312+00:00,DEV_0343,credential_stuffing,credential_stuffing,credential_stuffing,XGBoost ML Classifier
bbe66fa7-6991-48d1-bf20-89d78a57e604,2026-05-26 09:40:33.540100+00:00,USR_0594,credential_stuffing,credential_stuffing,credential_stuffing,XGBoost ML Classifier
e7a54a7b-6fac-4148-8665-6059bfbf6d88,2026-05-26 09:40:38.771072+00:00,DEV_0286,credential_stuffing,credential_stuffing,credential_stuffing,XGBoost ML Classifier
4ea87f89-9f67-48a5-a4f3-8cd91454e827,2026-05-26 09:40:46.385422+00:00,USR_0870,credential_stuffing,credential_stuffing,credential_stuffing,XGBoost ML Classifier
f04add27-d567-4f10-8199-505bdb503f22,2026-05-26 09:40:55.193980+00:00,USR_0387,credential_stuffing,credential_stuffing,credential_stuffing,XGBoost ML Classifier
765de937-8509-41db-9ac4-74855672d096,2026-05-26 09:40:56.059453+00:00,USR_0107,credential_stuffing,credential_stuffing,credential_stuffing,XGBoost ML Classifier
efbde02e-d996-4546-b514-89d42d867e10,2026-05-26 09:41:09.219649+00:00,USR_0277,credential_stuffing,credential_stuffing,credential_stuffing,XGBoost ML Classifier
1249d830-b412-42a1-8c93-de8039a85356,2026-05-26 09:41:14.780965+00:00,DEV_0013,credential_stuffing,credential_stuffing,credential_stuffing,XGBoost ML Classifier
ca5a43c5-3745-40f8-a127-0e1fb507919b,2026-05-26 09:41:31.482249+00:00,SRV_0840,credential_stuffing,credential_stuffing,credential_stuffing,XGBoost ML Classifier
f992676a-0e4f-4d0b-922f-9ecdca8eaa7a,2026-05-26 09:41:52.496108+00:00,SRV_0180,credential_stuffing,credential_stuffing,credential_stuffing,XGBoost ML Classifier
9aa75bf8-8778-4f65-87c6-a2ea431b034e,2026-05-26 09:41:55.922078+00:00,USR_0186,credential_stuffing,credential_stuffing,credential_stuffing,XGBoost ML Classifier
b225b8d7-ae24-48b7-9f1e-538bc04a890f,2026-05-26 09:42:37+00:00,USR_0933,device_spoofing,device_spoofing,device_spoofing,XGBoost ML Classifier
165a8a82-4682-4cb2-9d8b-032e9244f3d0,2026-05-26 09:46:09+00:00,USR_0338,impossible_travel,impossible_travel,impossible_travel,Rule Override: geo_velocity_kmh > 900 km/h AND geo_distance > 500 km
7c79989e-d9de-4695-8ca0-c4a96c8e5c1d,2026-05-26 09:59:29+00:00,DEV_0279,normal,unknown,unknown,XGBoost ML Classifier
50bee608-d778-4a59-b6b7-fc3b56e75cb5,2026-05-26 10:00:02+00:00,DEV_0947,normal,unknown,unknown,XGBoost ML Classifier
70a24a37-52a2-4ac5-8045-f059cb8c8cae,2026-05-26 10:17:22+00:00,SRV_0934,normal,unknown,unknown,XGBoost ML Classifier
c22234b3-78ae-4399-9565-93ff0fd0510d,2026-05-26 10:29:03+00:00,DEV_0529,impossible_travel,impossible_travel,impossible_travel,Rule Override: geo_velocity_kmh > 900 km/h AND geo_distance > 500 km
72dda73d-2c8a-47c6-ac84-840f819319e8,2026-05-26 10:54:29+00:00,USR_0893,impossible_travel,impossible_travel,impossible_travel,Rule Override: geo_velocity_kmh > 900 km/h AND geo_distance > 500 km
2cba96e5-a0cb-4013-80d6-99e2abc895ac,2026-05-26 11:04:42+00:00,USR_0738,impossible_travel,impossible_travel,impossible_travel,Rule Override: geo_velocity_kmh > 900 km/h AND geo_distance > 500 km
7545b8ce-4b2f-4a56-acb5-9dc1b83bd562,2026-05-26 11:10:22+00:00,USR_0021,impossible_travel,impossible_travel,impossible_travel,Rule Override: geo_velocity_kmh > 900 km/h AND geo_distance > 500 km
342acc35-8c77-4ef7-a9c4-90a542ed3779,2026-05-26 11:18:53+00:00,DEV_0065,impossible_travel,impossible_travel,impossible_travel,Rule Override: geo_velocity_kmh > 900 km/h AND geo_distance > 500 km
648bbbb7-534c-4067-ab13-4c73ce08e6fd,2026-05-26 11:35:05+00:00,SRV_0131,normal,unknown,unknown,XGBoost ML Classifier
708d0bf8-0b14-461a-a889-938f992e1e53,2026-05-26 11:50:07+00:00,USR_0695,insider_drift,insider_drift,insider_drift,XGBoost ML Classifier
8d0ed93e-4605-459f-b00e-1ec0dda630d4,2026-05-26 11:53:01+00:00,DEV_0799,normal,unknown,unknown,XGBoost ML Classifier
e7cf583c-6564-4e62-bcbb-6103dd497680,2026-05-26 12:12:55+00:00,USR_0724,normal,unknown,unknown,XGBoost ML Classifier
b8117525-d1f8-431d-9b62-78103e32f2ba,2026-05-26 12:31:59+00:00,USR_0872,normal,unknown,unknown,XGBoost ML Classifier
146f6930-ddfd-457f-99f6-f8b3aefae228,2026-05-26 12:40:28+00:00,DEV_0327,normal,unknown,unknown,XGBoost ML Classifier
4acbe40c-328b-4202-8750-5b6d37ed3af9,2026-05-26 12:43:06+00:00,DEV_0326,normal,unknown,unknown,XGBoost ML Classifier
d064acc5-3c08-4866-a136-a7bf29f263e3,2026-05-26 12:48:51+00:00,USR_0663,impossible_travel,impossible_travel,impossible_travel,Rule Override: geo_velocity_kmh > 900 km/h AND geo_distance > 500 km
b01dc070-a67f-47cd-9d9a-d529c3d5d6b7,2026-05-26 12:53:24+00:00,USR_0600,device_spoofing,device_spoofing,device_spoofing,XGBoost ML Classifier
4dc0f8e1-d7eb-4379-838e-2d35496fc88e,2026-05-26 12:54:50+00:00,USR_0113,normal,unknown,unknown,XGBoost ML Classifier
66148b4f-0fc3-443c-b548-176e14f279b7,2026-05-26 13:43:07+00:00,USR_0846,insider_drift,insider_drift,insider_drift,XGBoost ML Classifier
9d2ff724-1bc1-45bd-9c1c-8da5385c7dc0,2026-05-26 14:28:46+00:00,DEV_0237,normal,unknown,unknown,XGBoost ML Classifier
818978cf-6b80-4e4a-aabe-3aff2ded0800,2026-05-26 14:33:31+00:00,SRV_0161,normal,unknown,unknown,XGBoost ML Classifier
fa6362bd-f96c-42e9-bd38-dbbbdcd9ec50,2026-05-26 15:04:39+00:00,DEV_0135,normal,unknown,unknown,XGBoost ML Classifier
30de693c-569f-4180-9915-38fb60670f0e,2026-05-26 15:06:00+00:00,DEV_0237,normal,unknown,unknown,XGBoost ML Classifier
c659e8c6-b65d-41f1-9c95-6bccbcdfdd41,2026-05-26 15:23:42+00:00,USR_0111,impossible_travel,impossible_travel,impossible_travel,Rule Override: geo_velocity_kmh > 900 km/h AND geo_distance > 500 km
279087ce-1471-4741-a055-91ac59a737ec,2026-05-26 15:55:59+00:00,USR_0991,normal,unknown,unknown,XGBoost ML Classifier
63d55856-e0eb-47ff-9a6b-5e10ea8e624d,2026-05-26 16:00:04+00:00,USR_0036,impossible_travel,impossible_travel,impossible_travel,Rule Override: geo_velocity_kmh > 900 km/h AND geo_distance > 500 km
7fcaa43b-6f2a-4b02-8f9c-562c9b69f72a,2026-05-26 16:16:30+00:00,DEV_0664,normal,unknown,unknown,XGBoost ML Classifier
283298cc-faba-4d41-92b7-ef69260a47bb,2026-05-26 16:40:25+00:00,DEV_0537,normal,unknown,unknown,XGBoost ML Classifier
3ab43cc3-250a-4199-8a92-06e0d02f0e4c,2026-05-26 16:45:20+00:00,DEV_0485,normal,unknown,unknown,XGBoost ML Classifier
788cdf16-508c-422d-81a8-fcf1e6a36ee7,2026-05-26 17:43:46+00:00,USR_0917,normal,unknown,unknown,XGBoost ML Classifier
afa092d0-f5bb-426c-84b4-6ee37a9d210e,2026-05-26 17:48:52+00:00,SRV_0698,normal,unknown,unknown,XGBoost ML Classifier
1166c169-4d40-429e-b6cc-06164506a4c1,2026-05-26 18:00:43+00:00,USR_0897,impossible_travel,impossible_travel,impossible_travel,Rule Override: geo_velocity_kmh > 900 km/h AND geo_distance > 500 km
ead7f602-cfb7-4716-a2a5-25d202e33f70,2026-05-26 18:15:26+00:00,USR_0399,normal,unknown,insider_drift,XGBoost ML Classifier
ed91953e-df39-4a80-a8dd-1b259b02fa43,2026-05-26 18:26:44+00:00,DEV_0711,normal,unknown,unknown,XGBoost ML Classifier
c19af1de-f0e7-44c9-9481-62c50817f2e2,2026-05-26 18:35:03+00:00,SRV_0934,normal,unknown,unknown,XGBoost ML Classifier
878dec73-c140-4f3f-934a-abbd384c186c,2026-05-26 18:55:03+00:00,SRV_0934,impossible_travel,impossible_travel,impossible_travel,Rule Override: geo_velocity_kmh > 900 km/h AND geo_distance > 500 km
73eb17f3-7bcd-498f-a749-c318983d7fc6,2026-05-26 19:44:51+00:00,SRV_0645,normal,unknown,unknown,XGBoost ML Classifier
b1d8f7a0-ee5d-408a-8743-b199b4e57902,2026-05-26 19:45:14+00:00,DEV_0327,normal,unknown,unknown,XGBoost ML Classifier
3765fc29-ba9a-499c-999e-cf594e4782f8,2026-05-26 20:00:08+00:00,USR_0561,impossible_travel,impossible_travel,impossible_travel,Rule Override: geo_velocity_kmh > 900 km/h AND geo_distance > 500 km
7b95827e-ea4d-4a33-8597-c6b4366efd4a,2026-05-26 20:29:59+00:00,DEV_0848,normal,unknown,unknown,XGBoost ML Classifier
66178491-605d-4f47-a4f6-ede30e0d6644,2026-05-26 21:28:47+00:00,SRV_0018,normal,unknown,unknown,XGBoost ML Classifier
1d36772a-74a9-41ed-af6c-b7da315fc4aa,2026-05-26 23:23:22+00:00,DEV_0013,normal,unknown,unknown,XGBoost ML Classifier
1e274fb7-332f-4fed-947c-15b801d07c17,2026-05-26 23:59:24+00:00,DEV_0593,normal,unknown,unknown,XGBoost ML Classifier
f010a910-9278-4044-87be-3c92c245826d,2026-05-26 23:59:24+00:00,DEV_0876,normal,unknown,unknown,XGBoost ML Classifier
7d1fedb4-eaeb-45ab-8b24-35bf51328b90,2026-05-26 23:59:24+00:00,SRV_0283,normal,unknown,unknown,XGBoost ML Classifier
976ef5f4-8d5f-47fa-80ae-9eabf88eb80e,2026-05-27 00:00:02.277000+00:00,SRV_0301,normal,unknown,unknown,XGBoost ML Classifier
d308456f-be9d-4559-bbe1-93b9211f445d,2026-05-27 00:00:03.430000+00:00,SRV_0348,normal,unknown,unknown,XGBoost ML Classifier
7c690fb1-bd84-4a6c-b0b6-a991845b7462,2026-05-27 00:08:08+00:00,SRV_0919,normal,unknown,unknown,XGBoost ML Classifier
e4fd29a8-d415-4bd7-b06c-f5be41a53016,2026-05-27 00:11:00+00:00,SRV_0058,impossible_travel,impossible_travel,impossible_travel,Rule Override: geo_velocity_kmh > 900 km/h AND geo_distance > 500 km
c64740bd-b437-4572-abfd-f87c5479aff0,2026-05-27 00:14:24+00:00,DEV_0124,impossible_travel,impossible_travel,impossible_travel,Rule Override: geo_velocity_kmh > 900 km/h AND geo_distance > 500 km
20a584c7-f023-413e-86c2-23eff3700b01,2026-05-27 00:18:00+00:00,DEV_0571,impossible_travel,impossible_travel,impossible_travel,Rule Override: geo_velocity_kmh > 900 km/h AND geo_distance > 500 km
833891b9-bbf5-414c-ab39-3807f1ce1c60,2026-05-27 00:18:24+00:00,DEV_0983,impossible_travel,impossible_travel,impossible_travel,Rule Override: geo_velocity_kmh > 900 km/h AND geo_distance > 500 km
224daa09-b6d9-4570-be65-2bd86464a9a7,2026-05-27 01:14:35+00:00,USR_0206,low_slow_exfil,low_slow_exfil,low_slow_exfil,XGBoost ML Classifier
8355f73d-84de-4bc3-b723-ef37b0875e9f,2026-05-27 01:39:20+00:00,USR_0288,low_slow_exfil,low_slow_exfil,low_slow_exfil,XGBoost ML Classifier
4aa14f25-39d0-4563-8b37-f7a5b235ad2e,2026-05-27 01:44:20+00:00,USR_0978,low_slow_exfil,low_slow_exfil,low_slow_exfil,XGBoost ML Classifier
eec435bb-59e0-434b-9d1b-7d2989ae41fa,2026-05-27 01:45:01+00:00,USR_0942,low_slow_exfil,low_slow_exfil,low_slow_exfil,XGBoost ML Classifier
42a049ff-9588-41af-bfce-678d45be0635,2026-05-27 01:47:03+00:00,USR_0942,low_slow_exfil,low_slow_exfil,low_slow_exfil,XGBoost ML Classifier
d790fc3c-24bb-4f78-b8fe-d89fdd1f5cec,2026-05-27 01:54:58+00:00,USR_0172,low_slow_exfil,low_slow_exfil,low_slow_exfil,XGBoost ML Classifier
a66e4b50-60e1-43a3-8ba7-c6866b3a55ab,2026-05-27 02:19:08+00:00,USR_0351,low_slow_exfil,low_slow_exfil,low_slow_exfil,XGBoost ML Classifier
add37f5d-7a21-442c-8f6c-41b59ead254f,2026-05-27 02:28:51+00:00,USR_0830,low_slow_exfil,low_slow_exfil,low_slow_exfil,XGBoost ML Classifier
91fe27a0-051f-43b0-b610-3a54dc824c5b,2026-05-27 02:33:46+00:00,USR_0499,low_slow_exfil,low_slow_exfil,low_slow_exfil,XGBoost ML Classifier
8f9ee043-4a8d-4de5-b933-2459b7ee4781,2026-05-27 02:42:00+00:00,SRV_0965,impossible_travel,impossible_travel,impossible_travel,Rule Override: geo_velocity_kmh > 900 km/h AND geo_distance > 500 km
5f74ba05-4da0-485a-b34a-2949fa1cdaae,2026-05-27 02:44:04+00:00,USR_0351,low_slow_exfil,low_slow_exfil,low_slow_exfil,XGBoost ML Classifier
a042c3fa-8490-447c-b815-903b97554dd4,2026-05-27 02:45:29+00:00,DEV_0343,impossible_travel,impossible_travel,impossible_travel,Rule Override: geo_velocity_kmh > 900 km/h AND geo_distance > 500 km
21aa3674-3c89-4300-be91-47d2752d68c1,2026-05-27 02:47:06+00:00,USR_0062,low_slow_exfil,low_slow_exfil,low_slow_exfil,XGBoost ML Classifier
22faf0b0-b3a0-47f4-822c-3ab8aa7b31d8,2026-05-27 02:49:55+00:00,USR_0331,low_slow_exfil,low_slow_exfil,low_slow_exfil,XGBoost ML Classifier
f8d542d9-e303-43ec-a807-484e6fbe2896,2026-05-27 03:04:09+00:00,USR_0830,low_slow_exfil,low_slow_exfil,low_slow_exfil,XGBoost ML Classifier
caa2eac4-0b89-4005-ab2b-f847d307948d,2026-05-27 03:06:10+00:00,USR_0331,low_slow_exfil,low_slow_exfil,low_slow_exfil,XGBoost ML Classifier
e3f30c69-a36a-47b0-9bf5-c6e1f2945e80,2026-05-27 03:17:07+00:00,USR_0044,low_slow_exfil,low_slow_exfil,low_slow_exfil,XGBoost ML Classifier
5cd9a393-d5e9-44e6-858f-36bc2d19c7a5,2026-05-27 03:17:48+00:00,USR_0172,low_slow_exfil,low_slow_exfil,low_slow_exfil,XGBoost ML Classifier
219d664a-f9d7-4840-8e37-4745438e5a63,2026-05-27 03:25:50+00:00,USR_0331,low_slow_exfil,low_slow_exfil,low_slow_exfil,XGBoost ML Classifier
6981942c-3a42-430e-a027-29f6aef5cf6f,2026-05-27 03:26:41+00:00,SRV_0823,normal,unknown,unknown,XGBoost ML Classifier
90c202fe-76c7-41ac-be54-efcea9dc260e,2026-05-27 03:27:31+00:00,SRV_0184,normal,unknown,unknown,XGBoost ML Classifier
79ce2c4a-f9c3-4186-b975-ba0a90ffedba,2026-05-27 03:30:35+00:00,USR_0978,low_slow_exfil,low_slow_exfil,low_slow_exfil,XGBoost ML Classifier
9f141345-c731-4bc6-b0d8-7efb6c9af9f3,2026-05-27 03:33:20+00:00,USR_0949,low_slow_exfil,low_slow_exfil,low_slow_exfil,XGBoost ML Classifier
720efa62-2460-4138-a906-7d7ce51832d8,2026-05-27 03:34:41+00:00,USR_0172,low_slow_exfil,low_slow_exfil,low_slow_exfil,XGBoost ML Classifier
6d6fc9ad-b602-4998-8385-45f07a407606,2026-05-27 03:36:23+00:00,USR_0415,low_slow_exfil,low_slow_exfil,low_slow_exfil,XGBoost ML Classifier
a15e7f0f-ab79-4ac5-9cd5-1a8bccf43a19,2026-05-27 03:40:53+00:00,USR_0288,low_slow_exfil,low_slow_exfil,low_slow_exfil,XGBoost ML Classifier
c2aa5d8d-1596-4c87-b0b6-cc48d765a5bb,2026-05-27 03:47:55+00:00,USR_0044,low_slow_exfil,low_slow_exfil,low_slow_exfil,XGBoost ML Classifier
f5b036dd-7dbb-42d8-8358-44b41764258c,2026-05-27 03:58:15+00:00,USR_0172,low_slow_exfil,low_slow_exfil,low_slow_exfil,XGBoost ML Classifier
74ad904a-46bf-4251-a4a7-a8536f3b07bb,2026-05-27 03:59:02+00:00,USR_0504,device_spoofing,device_spoofing,device_spoofing,XGBoost ML Classifier
956d4bbf-9814-4d73-8690-c45afd93d7a7,2026-05-27 04:42:32+00:00,SRV_0059,normal,unknown,unknown,XGBoost ML Classifier
b0b55e30-a77a-4483-99aa-ec64241ba3c2,2026-05-27 04:55:01+00:00,DEV_0884,impossible_travel,impossible_travel,impossible_travel,Rule Override: geo_velocity_kmh > 900 km/h AND geo_distance > 500 km
534b9d57-0c1f-45f7-b19d-5dde5e051133,2026-05-27 04:55:52+00:00,USR_0220,insider_drift,insider_drift,insider_drift,XGBoost ML Classifier
30839dd8-efc5-4c96-a38c-017f61d48fcc,2026-05-27 05:14:37+00:00,DEV_0265,normal,unknown,unknown,XGBoost ML Classifier
17d979e1-daa0-403d-b6a4-7629d5f5abcd,2026-05-27 05:22:02+00:00,USR_0976,normal,unknown,unknown,XGBoost ML Classifier
bab05311-028c-4efe-be11-bda202407184,2026-05-27 05:42:21+00:00,USR_0957,normal,unknown,unknown,XGBoost ML Classifier
92b62ec8-f520-4c25-ab15-f47619003dd5,2026-05-27 06:15:46+00:00,SRV_0621,normal,unknown,unknown,XGBoost ML Classifier
9346bd1b-2aad-44bc-baa2-fcabf74361db,2026-05-27 06:45:55+00:00,USR_0656,impossible_travel,impossible_travel,impossible_travel,Rule Override: geo_velocity_kmh > 900 km/h AND geo_distance > 500 km
eb224da7-77f2-42e0-9d43-8fea4eddbaa1,2026-05-27 07:05:17.857046+00:00,DEV_0487,credential_stuffing,credential_stuffing,credential_stuffing,XGBoost ML Classifier
f57ea0a9-9770-4ad7-a5d6-5c64d1bc7f49,2026-05-27 07:05:18.563433+00:00,USR_0828,credential_stuffing,credential_stuffing,credential_stuffing,XGBoost ML Classifier
a25ef2a6-6bb0-45b8-a6b0-7388d9029c5f,2026-05-27 07:05:22.112753+00:00,DEV_0011,credential_stuffing,credential_stuffing,credential_stuffing,XGBoost ML Classifier
5e577332-6052-4d05-82ee-d69efff8ddc8,2026-05-27 07:05:23.822389+00:00,SRV_0232,credential_stuffing,credential_stuffing,credential_stuffing,XGBoost ML Classifier
7364f410-940d-4f33-86fc-9ca4348037df,2026-05-27 07:05:24.342399+00:00,SRV_0572,credential_stuffing,credential_stuffing,credential_stuffing,XGBoost ML Classifier
4c235823-3534-4efb-b59b-e86865594020,2026-05-27 07:05:24.627383+00:00,USR_0565,credential_stuffing,credential_stuffing,credential_stuffing,XGBoost ML Classifier
fbf351b1-dcda-46fb-a1a0-12d480ba2511,2026-05-27 07:05:24.667805+00:00,USR_0659,credential_stuffing,credential_stuffing,credential_stuffing,XGBoost ML Classifier
d462e510-bdc6-4a10-a73c-264d9f7dbf46,2026-05-27 07:05:25.498290+00:00,USR_0521,credential_stuffing,credential_stuffing,credential_stuffing,XGBoost ML Classifier
fc0aed36-d2eb-40f3-bfca-aba1e18804f3,2026-05-27 07:05:26.040406+00:00,USR_0720,credential_stuffing,credential_stuffing,credential_stuffing,XGBoost ML Classifier
d381c6b7-2030-4370-b50e-3f48a8eadc3d,2026-05-27 07:05:26.647802+00:00,DEV_0429,credential_stuffing,credential_stuffing,credential_stuffing,XGBoost ML Classifier
d3cee2c9-2cc8-450d-841b-1e38ab8c7972,2026-05-27 07:05:27.130957+00:00,USR_0614,credential_stuffing,credential_stuffing,credential_stuffing,XGBoost ML Classifier
c36cc306-089f-4b02-a9eb-3fad411326b0,2026-05-27 07:05:27.417341+00:00,USR_0149,credential_stuffing,credential_stuffing,credential_stuffing,XGBoost ML Classifier
72b4ad54-347c-4b54-913b-96fcc1ed5435,2026-05-27 07:05:33.007158+00:00,USR_0896,credential_stuffing,credential_stuffing,credential_stuffing,XGBoost ML Classifier
21ac3db0-17df-4c43-bf6d-1c919d1435cb,2026-05-27 07:05:34.247694+00:00,USR_0415,credential_stuffing,credential_stuffing,credential_stuffing,XGBoost ML Classifier
60534317-3a48-4451-90c8-13b94bbb0cad,2026-05-27 07:05:37.447475+00:00,USR_0255,credential_stuffing,credential_stuffing,credential_stuffing,XGBoost ML Classifier
1c8421c2-6b3a-4a21-9e9a-d5c869446ba2,2026-05-27 07:05:38.500617+00:00,USR_0751,credential_stuffing,credential_stuffing,credential_stuffing,XGBoost ML Classifier
5395b0c2-43a3-4c66-b433-c1d3483156ec,2026-05-27 07:05:39.001777+00:00,USR_0473,credential_stuffing,credential_stuffing,credential_stuffing,XGBoost ML Classifier
a9bc45ab-35ab-4983-b355-aa75b6d0d6e4,2026-05-27 07:05:41.433194+00:00,USR_0270,credential_stuffing,credential_stuffing,credential_stuffing,XGBoost ML Classifier
425b55cd-ad77-42e7-a73f-f3b80a928384,2026-05-27 07:05:42.665024+00:00,USR_0440,credential_stuffing,credential_stuffing,credential_stuffing,XGBoost ML Classifier
62d2fb66-8a37-4d5a-9b1d-9d76815d1aac,2026-05-27 07:05:44.756980+00:00,USR_0895,credential_stuffing,credential_stuffing,credential_stuffing,XGBoost ML Classifier
9d82c252-1ceb-40c9-8a03-92341e358716,2026-05-27 07:05:45.406051+00:00,SRV_0546,credential_stuffing,credential_stuffing,credential_stuffing,XGBoost ML Classifier
6a85463c-3c2f-40ab-b56e-e0eb4d0596c9,2026-05-27 07:05:45.867956+00:00,SRV_0900,credential_stuffing,credential_stuffing,credential_stuffing,XGBoost ML Classifier
bd6648a9-3db3-43d9-bc75-ad93c4cd5aaf,2026-05-27 07:05:47.310974+00:00,USR_0316,credential_stuffing,credential_stuffing,credential_stuffing,XGBoost ML Classifier
a981c1ef-7a61-4ce2-bf62-65d9239a37e8,2026-05-27 07:05:49.117639+00:00,USR_0958,credential_stuffing,credential_stuffing,credential_stuffing,XGBoost ML Classifier
80a5779a-4baa-4b16-b38f-562c48a06bd9,2026-05-27 07:05:50.723158+00:00,SRV_0498,credential_stuffing,credential_stuffing,credential_stuffing,XGBoost ML Classifier
af7beb08-9eb8-4b33-880b-ff2b548ee450,2026-05-27 07:05:50.901246+00:00,SRV_0202,credential_stuffing,credential_stuffing,credential_stuffing,XGBoost ML Classifier
1d80611d-ab63-4af9-8b97-97746e3dca5a,2026-05-27 07:05:52.842859+00:00,SRV_0818,credential_stuffing,credential_stuffing,credential_stuffing,XGBoost ML Classifier
a5cbe233-d74a-4de8-8ecf-6ae82e19b0b5,2026-05-27 07:05:56.578704+00:00,USR_0021,credential_stuffing,credential_stuffing,credential_stuffing,XGBoost ML Classifier
0967b3c2-96f6-4193-9e2c-fb74b8686982,2026-05-27 07:05:57.353113+00:00,DEV_0873,credential_stuffing,credential_stuffing,credential_stuffing,XGBoost ML Classifier
c64fc06d-6d6e-4b9e-8499-32482d390562,2026-05-27 07:05:58.860136+00:00,USR_0380,credential_stuffing,credential_stuffing,credential_stuffing,XGBoost ML Classifier
cea027e6-ccd2-496a-a77f-9f48276748ab,2026-05-27 07:05:59.856665+00:00,USR_0759,credential_stuffing,credential_stuffing,credential_stuffing,XGBoost ML Classifier
35a8b490-cdcf-47a6-9390-969b156ab5f2,2026-05-27 07:06:00.017304+00:00,USR_0821,credential_stuffing,credential_stuffing,credential_stuffing,XGBoost ML Classifier
aadf1772-9a0a-4766-addd-f4c6c1644aff,2026-05-27 07:06:00.935421+00:00,USR_0735,credential_stuffing,credential_stuffing,credential_stuffing,XGBoost ML Classifier
10b090c5-b64f-490d-80e4-4f694b83f53f,2026-05-27 07:06:07.145631+00:00,SRV_0228,credential_stuffing,credential_stuffing,credential_stuffing,XGBoost ML Classifier
24bc9093-816a-4405-8e6d-409b1a61cc7b,2026-05-27 07:06:12.910565+00:00,SRV_0818,credential_stuffing,credential_stuffing,credential_stuffing,XGBoost ML Classifier
6e0d17fa-03b3-47b0-b85a-2d84ab3e76c4,2026-05-27 07:06:13.372885+00:00,USR_0867,credential_stuffing,credential_stuffing,credential_stuffing,XGBoost ML Classifier
7c8bc5a4-3f7e-44d6-bd45-a246fda13006,2026-05-27 07:06:15.387305+00:00,USR_0864,credential_stuffing,credential_stuffing,credential_stuffing,XGBoost ML Classifier
50c56d03-6d07-43a8-9dcb-56511f76ccb5,2026-05-27 07:06:16.292638+00:00,USR_0032,credential_stuffing,credential_stuffing,credential_stuffing,XGBoost ML Classifier
72a7d687-a739-459b-a196-00df6cb67e25,2026-05-27 07:06:16.336055+00:00,USR_0216,credential_stuffing,credential_stuffing,credential_stuffing,XGBoost ML Classifier
2c6180e8-75d7-4044-9ad6-a0cdcae5628d,2026-05-27 07:06:20.032196+00:00,USR_0918,credential_stuffing,credential_stuffing,credential_stuffing,XGBoost ML Classifier
8f79b0f2-56b4-4c16-b781-39e8a4cc14b1,2026-05-27 07:06:26.227352+00:00,USR_0035,credential_stuffing,credential_stuffing,credential_stuffing,XGBoost ML Classifier
507b841a-54f6-460b-acd2-1ad428fcc546,2026-05-27 07:06:27.086090+00:00,USR_0349,credential_stuffing,credential_stuffing,credential_stuffing,XGBoost ML Classifier
00b1274d-f077-4031-bc43-d18791155f1a,2026-05-27 07:06:28.898125+00:00,USR_0275,credential_stuffing,credential_stuffing,credential_stuffing,XGBoost ML Classifier
7b3ea301-68c0-494a-854d-77979d1894d9,2026-05-27 07:06:34.251045+00:00,USR_0822,credential_stuffing,credential_stuffing,credential_stuffing,XGBoost ML Classifier
013d6456-c2b1-4f9a-b808-7287103e725d,2026-05-27 07:06:39.000821+00:00,DEV_0095,credential_stuffing,credential_stuffing,credential_stuffing,XGBoost ML Classifier
444075e7-55d6-43ab-b06d-39e7d86b3474,2026-05-27 07:06:40.995243+00:00,USR_0193,credential_stuffing,credential_stuffing,credential_stuffing,XGBoost ML Classifier
5a693a1f-05f4-43f8-894a-50ba868d45b1,2026-05-27 07:06:42.440137+00:00,USR_0028,credential_stuffing,credential_stuffing,credential_stuffing,XGBoost ML Classifier
e2a4bf66-f25c-4ccb-addb-0b794c6c3a83,2026-05-27 07:06:46.295374+00:00,USR_0178,credential_stuffing,credential_stuffing,credential_stuffing,XGBoost ML Classifier
b607698d-b82a-41b0-9683-dff90f2698f0,2026-05-27 07:06:47.204364+00:00,USR_0077,credential_stuffing,credential_stuffing,credential_stuffing,XGBoost ML Classifier
394a847c-6291-4ba9-aad1-5a4480c2aa3a,2026-05-27 07:06:51.955358+00:00,DEV_0268,credential_stuffing,credential_stuffing,credential_stuffing,XGBoost ML Classifier
92299f0f-aad5-4d79-8ea8-31221c2ce4f1,2026-05-27 07:06:52.156156+00:00,USR_0119,credential_stuffing,credential_stuffing,credential_stuffing,XGBoost ML Classifier
92a1fe9d-764c-490d-b857-a237283a5f37,2026-05-27 07:06:55.405961+00:00,USR_0247,credential_stuffing,credential_stuffing,credential_stuffing,XGBoost ML Classifier
bc1f3f78-793b-4404-8099-8e9efd90f41f,2026-05-27 07:06:57.885128+00:00,USR_0981,credential_stuffing,credential_stuffing,credential_stuffing,XGBoost ML Classifier
df24a19d-e9ec-49f1-92ce-061de2f85f22,2026-05-27 07:06:59.246311+00:00,USR_0436,credential_stuffing,credential_stuffing,credential_stuffing,XGBoost ML Classifier
eed9b397-14ad-43e0-b150-201183acd815,2026-05-27 07:07:03.343394+00:00,USR_0945,credential_stuffing,credential_stuffing,credential_stuffing,XGBoost ML Classifier
a30c6c03-8b6c-4386-9302-5095ecb13725,2026-05-27 07:07:03.873043+00:00,USR_0020,credential_stuffing,credential_stuffing,credential_stuffing,XGBoost ML Classifier
b884f59d-90ae-4dc1-9d4c-292e96a45eaa,2026-05-27 07:07:05.809208+00:00,DEV_0703,credential_stuffing,credential_stuffing,credential_stuffing,XGBoost ML Classifier
ec001f8e-a508-45fe-8430-73129bee121b,2026-05-27 07:07:05.945192+00:00,DEV_0507,credential_stuffing,credential_stuffing,credential_stuffing,XGBoost ML Classifier
798a28c4-1f40-44cf-91a0-43a3d8f0c375,2026-05-27 07:07:07.519881+00:00,USR_0424,credential_stuffing,credential_stuffing,credential_stuffing,XGBoost ML Classifier
8a19f4b9-5aeb-48f3-ab8c-464555371e64,2026-05-27 07:07:09.859602+00:00,USR_0389,credential_stuffing,credential_stuffing,credential_stuffing,XGBoost ML Classifier
d75d8e45-b89d-428f-87d7-b85c196b8931,2026-05-27 07:07:11.921515+00:00,USR_0564,credential_stuffing,credential_stuffing,credential_stuffing,XGBoost ML Classifier
114f572c-db16-4d45-b43c-cf218250bfb3,2026-05-27 07:07:14.960560+00:00,USR_0614,credential_stuffing,credential_stuffing,credential_stuffing,XGBoost ML Classifier
e31de448-e7ce-4690-83ef-b47bf8706735,2026-05-27 07:07:16.001925+00:00,USR_0073,credential_stuffing,credential_stuffing,credential_stuffing,XGBoost ML Classifier
c71957e5-801e-43bd-a2fc-e11554ca4cc1,2026-05-27 07:07:16.416686+00:00,USR_0374,credential_stuffing,credential_stuffing,credential_stuffing,XGBoost ML Classifier
bbcbe072-03a2-452d-a395-f362d0c4fb3a,2026-05-27 07:07:16.825185+00:00,USR_0299,credential_stuffing,credential_stuffing,credential_stuffing,XGBoost ML Classifier
d1061e8b-7383-4258-a933-b7b7ac226b3a,2026-05-27 07:07:18.229077+00:00,USR_0960,credential_stuffing,credential_stuffing,credential_stuffing,XGBoost ML Classifier
a35cbd72-20f8-4f52-bd9d-578eb7ba763b,2026-05-27 07:07:21.078093+00:00,DEV_0011,credential_stuffing,credential_stuffing,credential_stuffing,XGBoost ML Classifier
23983bb7-56e0-4b9f-a5fc-eebc0e5afc59,2026-05-27 07:07:21.101669+00:00,USR_0654,credential_stuffing,credential_stuffing,credential_stuffing,XGBoost ML Classifier
b232e429-48df-4590-ba22-4c66840132b3,2026-05-27 07:07:22.749437+00:00,USR_0567,credential_stuffing,credential_stuffing,credential_stuffing,XGBoost ML Classifier
7f0cb3ef-01b5-493c-a99a-f252b267ca08,2026-05-27 07:07:23.312302+00:00,USR_0718,credential_stuffing,credential_stuffing,credential_stuffing,XGBoost ML Classifier
2ccb51b7-d93b-4779-a98f-5cc49872e0d3,2026-05-27 07:07:23.337311+00:00,USR_0484,credential_stuffing,credential_stuffing,credential_stuffing,XGBoost ML Classifier
05a1ce5d-e3f6-4a7d-862a-ebed311b74f3,2026-05-27 07:07:23.502662+00:00,SRV_0180,credential_stuffing,credential_stuffing,credential_stuffing,XGBoost ML Classifier
d507df0c-8d56-4020-96da-fef1fada6fc1,2026-05-27 07:07:25.127139+00:00,USR_0337,credential_stuffing,credential_stuffing,credential_stuffing,XGBoost ML Classifier
2f75c1f5-c08c-4e72-acc4-f655572a31fa,2026-05-27 07:07:25.420918+00:00,SRV_0745,credential_stuffing,credential_stuffing,credential_stuffing,XGBoost ML Classifier
f49ca4d7-8da1-4d7f-b3b9-0e928f322eff,2026-05-27 07:07:26.222675+00:00,USR_0673,credential_stuffing,credential_stuffing,credential_stuffing,XGBoost ML Classifier
5f057182-f5af-47fb-a582-586f643c7449,2026-05-27 07:07:28.852617+00:00,USR_0638,credential_stuffing,credential_stuffing,credential_stuffing,XGBoost ML Classifier
5c65d286-da90-4b11-a565-72c9177eb52a,2026-05-27 07:07:29.107297+00:00,USR_0984,credential_stuffing,credential_stuffing,credential_stuffing,XGBoost ML Classifier
a70d7655-a2f3-467c-a960-173ece299e57,2026-05-27 07:07:30.118078+00:00,USR_0037,credential_stuffing,credential_stuffing,credential_stuffing,XGBoost ML Classifier
f520fc52-055c-47fb-aeb4-bb541d5f33a8,2026-05-27 07:07:31.543116+00:00,USR_0524,credential_stuffing,credential_stuffing,credential_stuffing,XGBoost ML Classifier
ce4ff6e6-be29-42ea-ae5b-ad4e9c83eac6,2026-05-27 07:07:34.463553+00:00,DEV_0124,credential_stuffing,credential_stuffing,credential_stuffing,XGBoost ML Classifier
05031e49-e28a-408e-a859-332abe5aab77,2026-05-27 07:07:36.642876+00:00,USR_0393,credential_stuffing,credential_stuffing,credential_stuffing,XGBoost ML Classifier
f6e818ec-4042-41eb-8ee1-26b81a2825a8,2026-05-27 07:07:36.660692+00:00,USR_0496,credential_stuffing,credential_stuffing,credential_stuffing,XGBoost ML Classifier
2f8adba1-e112-4e47-bc12-2bc384ad3c8e,2026-05-27 07:07:36.754816+00:00,USR_0574,credential_stuffing,credential_stuffing,credential_stuffing,XGBoost ML Classifier
b96c261f-b41b-48ea-ad0d-b4c314940243,2026-05-27 07:07:37.157939+00:00,USR_0968,credential_stuffing,credential_stuffing,credential_stuffing,XGBoost ML Classifier
c83fea3e-1bba-4fdf-a3d2-ad44ed7ee571,2026-05-27 07:07:39.171012+00:00,USR_0287,credential_stuffing,credential_stuffing,credential_stuffing,XGBoost ML Classifier
b14459e9-dd56-415e-8120-2c19f7513d54,2026-05-27 07:07:39.624609+00:00,USR_0150,credential_stuffing,credential_stuffing,credential_stuffing,XGBoost ML Classifier
82e2c4c3-b1be-4643-b208-8cac5fa01782,2026-05-27 07:07:40.354609+00:00,USR_0320,credential_stuffing,credential_stuffing,credential_stuffing,XGBoost ML Classifier
89e474a2-b40c-49eb-b2c8-bd21d7fa435e,2026-05-27 07:07:40.428541+00:00,USR_0402,credential_stuffing,credential_stuffing,credential_stuffing,XGBoost ML Classifier
0f83933e-cd28-4d2e-8600-cf016e156fb7,2026-05-27 07:07:40.980756+00:00,DEV_0174,credential_stuffing,credential_stuffing,credential_stuffing,XGBoost ML Classifier
0911bec7-6bfe-48ae-bc5d-a75344b6dcdd,2026-05-27 07:07:42.587368+00:00,USR_0299,credential_stuffing,credential_stuffing,credential_stuffing,XGBoost ML Classifier
02f05e76-6a57-4537-9518-e2b199cddfea,2026-05-27 07:07:45.559123+00:00,USR_0601,credential_stuffing,credential_stuffing,credential_stuffing,XGBoost ML Classifier
0fd9e61b-53a5-4c87-8f1a-ba67ca8cfcfe,2026-05-27 07:07:48.156545+00:00,USR_0644,credential_stuffing,credential_stuffing,credential_stuffing,XGBoost ML Classifier
a3f45269-8aef-4fdc-a964-3974a4e492d0,2026-05-27 07:07:51.374085+00:00,USR_0119,credential_stuffing,credential_stuffing,credential_stuffing,XGBoost ML Classifier
0b35bb3f-a73a-4272-b48a-b3bf5c6dc731,2026-05-27 07:07:51.459633+00:00,USR_0564,credential_stuffing,credential_stuffing,credential_stuffing,XGBoost ML Classifier
e56c2725-9428-469b-9d18-414b6bd79679,2026-05-27 07:07:51.883916+00:00,USR_0375,credential_stuffing,credential_stuffing,credential_stuffing,XGBoost ML Classifier
bd9c89d3-1d3f-49e7-8421-d4be5629ee39,2026-05-27 07:07:55.077041+00:00,DEV_0943,credential_stuffing,credential_stuffing,credential_stuffing,XGBoost ML Classifier
d08d54cc-3482-4c39-91a9-47ccc3bcb4f3,2026-05-27 07:07:57.596492+00:00,USR_0544,credential_stuffing,credential_stuffing,credential_stuffing,XGBoost ML Classifier
cdee04b2-8ff0-4c1e-986b-65c6b84d0b20,2026-05-27 07:07:57.615493+00:00,SRV_0059,credential_stuffing,credential_stuffing,credential_stuffing,XGBoost ML Classifier
c9489f76-84f2-4cfd-bd14-5c3ad0dd6c1d,2026-05-27 07:08:04.116204+00:00,SRV_0401,credential_stuffing,credential_stuffing,credential_stuffing,XGBoost ML Classifier
41a35b57-1c04-4f15-855c-d2b32427417a,2026-05-27 07:08:04.497894+00:00,USR_0288,credential_stuffing,credential_stuffing,credential_stuffing,XGBoost ML Classifier
7f55339d-9536-4540-b15a-3530df2eb5d1,2026-05-27 07:08:05.551281+00:00,USR_0952,credential_stuffing,credential_stuffing,credential_stuffing,XGBoost ML Classifier
fd011885-f607-49d7-a48e-c7356e46f9dc,2026-05-27 07:08:06.328452+00:00,SRV_0965,credential_stuffing,credential_stuffing,credential_stuffing,XGBoost ML Classifier
5ec2fafc-2837-4bf3-a0fc-224939825303,2026-05-27 07:08:09.112606+00:00,USR_0671,credential_stuffing,credential_stuffing,credential_stuffing,XGBoost ML Classifier
256ee843-76d9-4859-a86f-a0b99e653735,2026-05-27 07:08:11.825421+00:00,USR_0629,credential_stuffing,credential_stuffing,credential_stuffing,XGBoost ML Classifier
70831bd1-79a1-4c4a-87bc-6f6f8d1a3c79,2026-05-27 07:08:14.257299+00:00,USR_0918,credential_stuffing,credential_stuffing,credential_stuffing,XGBoost ML Classifier
50eebd22-e7e6-498b-89e5-704026adc5d4,2026-05-27 07:08:15.401809+00:00,DEV_0993,credential_stuffing,credential_stuffing,credential_stuffing,XGBoost ML Classifier
30f3f4dd-7075-4c57-a42f-95db961cfa20,2026-05-27 07:08:16.236364+00:00,SRV_0161,credential_stuffing,credential_stuffing,credential_stuffing,XGBoost ML Classifier
42c358a5-bdad-434b-850f-07fa19bc2cc8,2026-05-27 07:08:20.855774+00:00,USR_0686,credential_stuffing,credential_stuffing,credential_stuffing,XGBoost ML Classifier
09df3caa-af99-4783-8937-6b18ab4e78f0,2026-05-27 07:08:24.826573+00:00,USR_0671,credential_stuffing,credential_stuffing,credential_stuffing,XGBoost ML Classifier
b51891cf-5003-4bfe-adca-78ebc4fc453b,2026-05-27 07:08:25.459166+00:00,USR_0505,credential_stuffing,credential_stuffing,credential_stuffing,XGBoost ML Classifier
79c154c4-7223-4b89-abb2-8638677e4275,2026-05-27 07:08:28.878431+00:00,SRV_0979,credential_stuffing,credential_stuffing,credential_stuffing,XGBoost ML Classifier
878579fc-4132-4092-bea8-45da19561b26,2026-05-27 07:08:29.396517+00:00,USR_0421,credential_stuffing,credential_stuffing,credential_stuffing,XGBoost ML Classifier
e9fa09c5-b4d2-41ca-bc20-35eab848fd79,2026-05-27 07:08:29.583209+00:00,DEV_0765,credential_stuffing,credential_stuffing,credential_stuffing,XGBoost ML Classifier
75231e9a-1c64-485f-919e-8a50196b47f8,2026-05-27 07:08:30.390468+00:00,USR_0261,credential_stuffing,credential_stuffing,credential_stuffing,XGBoost ML Classifier
3f0d58d1-98bb-45f3-a895-5fb99c14fa3e,2026-05-27 07:08:30.969085+00:00,USR_0287,credential_stuffing,credential_stuffing,credential_stuffing,XGBoost ML Classifier
dbc545f9-b155-4b82-8a63-823cedfaabe9,2026-05-27 07:08:35.346637+00:00,USR_0576,credential_stuffing,credential_stuffing,credential_stuffing,XGBoost ML Classifier
5fa35d65-1940-4ea2-aa97-0da31bf058eb,2026-05-27 07:08:38.835245+00:00,USR_0288,credential_stuffing,credential_stuffing,credential_stuffing,XGBoost ML Classifier
3c03c1d7-7dea-4ece-8725-dd8a45e15cca,2026-05-27 07:08:39.990184+00:00,USR_0200,credential_stuffing,credential_stuffing,credential_stuffing,XGBoost ML Classifier
49ee08ef-5584-494d-a764-8d7c69e72b09,2026-05-27 07:08:40.912826+00:00,USR_0171,credential_stuffing,credential_stuffing,credential_stuffing,XGBoost ML Classifier
1ba5e022-9da2-4a3c-8e5c-a9aaa35787b0,2026-05-27 07:08:41.034723+00:00,USR_0989,credential_stuffing,credential_stuffing,credential_stuffing,XGBoost ML Classifier
62b53148-03f6-4b6a-a305-26bbe8766644,2026-05-27 07:08:41.070772+00:00,SRV_0283,credential_stuffing,credential_stuffing,credential_stuffing,XGBoost ML Classifier
623ba3e4-bad8-4710-ba95-65c2c667b94a,2026-05-27 07:08:41.164069+00:00,USR_0377,credential_stuffing,credential_stuffing,credential_stuffing,XGBoost ML Classifier
c5565d47-fd98-4cf8-b5c9-50a9fe3e7d85,2026-05-27 07:08:42.420334+00:00,SRV_0798,credential_stuffing,credential_stuffing,credential_stuffing,XGBoost ML Classifier
2f134d99-9e02-42e5-8fe9-84dae995a93e,2026-05-27 07:08:43.168529+00:00,SRV_0525,credential_stuffing,credential_stuffing,credential_stuffing,XGBoost ML Classifier
ef2ecde9-5aeb-4e21-a96c-da9c02233790,2026-05-27 07:08:43.474936+00:00,DEV_0993,credential_stuffing,credential_stuffing,credential_stuffing,XGBoost ML Classifier
5ea6b6ae-eeca-48f9-b334-d68ec87a6b92,2026-05-27 07:08:44.675422+00:00,USR_0171,credential_stuffing,credential_stuffing,credential_stuffing,XGBoost ML Classifier
2ecdedcc-9c1b-4368-99c5-09e859ccf59e,2026-05-27 07:08:45.588903+00:00,USR_0200,credential_stuffing,credential_stuffing,credential_stuffing,XGBoost ML Classifier
55f10060-8e52-41f1-aab1-d70f1ebe53ea,2026-05-27 07:08:47.714053+00:00,USR_0872,credential_stuffing,credential_stuffing,credential_stuffing,XGBoost ML Classifier
ff30f37e-40b9-41f4-813d-416e5e638ca9,2026-05-27 07:08:48.342281+00:00,USR_0110,credential_stuffing,credential_stuffing,credential_stuffing,XGBoost ML Classifier
e6acfc6d-52cd-4e4b-8d28-90582d97162d,2026-05-27 07:08:48.543105+00:00,USR_0249,credential_stuffing,credential_stuffing,credential_stuffing,XGBoost ML Classifier
54cd8c98-4e56-4ff1-977f-ca40fe68b6ce,2026-05-27 07:08:48.950873+00:00,USR_0518,credential_stuffing,credential_stuffing,credential_stuffing,XGBoost ML Classifier
78573f8f-e287-4f34-9591-4f5ef65d25bd,2026-05-27 07:08:49.963680+00:00,USR_0817,credential_stuffing,credential_stuffing,credential_stuffing,XGBoost ML Classifier
b228c09e-36b5-4008-8800-c973c10e7380,2026-05-27 07:08:50.104640+00:00,USR_0853,credential_stuffing,credential_stuffing,credential_stuffing,XGBoost ML Classifier
ebc9cf59-637e-41e0-8ece-6453b75a2969,2026-05-27 07:08:51.349633+00:00,USR_0152,credential_stuffing,credential_stuffing,credential_stuffing,XGBoost ML Classifier
6c764ee8-9693-4ca6-8f1f-786f4f9d26ce,2026-05-27 07:08:54.325070+00:00,USR_0665,credential_stuffing,credential_stuffing,credential_stuffing,XGBoost ML Classifier
4f4c5d29-7d38-45d7-9782-1bf1411e7ceb,2026-05-27 07:08:56.129878+00:00,USR_0656,credential_stuffing,credential_stuffing,impossible_travel,Rule Override: geo_velocity_kmh > 900 km/h AND geo_distance > 500 km
87f3ff14-7252-428f-8583-bf1fb83e867b,2026-05-27 07:08:59.714322+00:00,USR_0612,credential_stuffing,credential_stuffing,credential_stuffing,XGBoost ML Classifier
44da1ec8-c544-411c-9372-3bcb138ec5e6,2026-05-27 07:08:59.720998+00:00,USR_0193,credential_stuffing,credential_stuffing,credential_stuffing,XGBoost ML Classifier
83b2c001-4234-4f65-9eb7-38c4d76a813f,2026-05-27 07:09:00.310844+00:00,DEV_0904,credential_stuffing,credential_stuffing,credential_stuffing,XGBoost ML Classifier
087ffd3f-534c-49d8-8429-d206fb9e44e9,2026-05-27 07:09:03.771112+00:00,USR_0958,credential_stuffing,credential_stuffing,credential_stuffing,XGBoost ML Classifier
5aac0231-677e-491f-b76d-5894b4bb4021,2026-05-27 07:09:06.159290+00:00,USR_0913,credential_stuffing,credential_stuffing,credential_stuffing,XGBoost ML Classifier
e941ebd7-3e6f-48c6-ad49-0bc0ff8de25c,2026-05-27 07:09:06.163066+00:00,USR_0992,credential_stuffing,credential_stuffing,credential_stuffing,XGBoost ML Classifier
d91b0c70-1d98-4e85-b831-f20b13825745,2026-05-27 07:09:07.122975+00:00,USR_0201,credential_stuffing,credential_stuffing,credential_stuffing,XGBoost ML Classifier
c88595d8-ef17-4852-93cb-93d6d4cb579b,2026-05-27 07:09:09.814035+00:00,USR_0292,credential_stuffing,credential_stuffing,credential_stuffing,XGBoost ML Classifier
79c37a36-e09d-4aa0-a7d1-b7a60e5a4992,2026-05-27 07:09:12.754868+00:00,USR_0710,credential_stuffing,credential_stuffing,credential_stuffing,XGBoost ML Classifier
1ae21e77-656a-46fe-8744-135789bf79d7,2026-05-27 07:09:15.039960+00:00,USR_0496,credential_stuffing,credential_stuffing,credential_stuffing,XGBoost ML Classifier
b4bcb6ce-5e3d-4ab4-b3c0-07086c72f598,2026-05-27 07:09:20.618966+00:00,DEV_0902,credential_stuffing,credential_stuffing,credential_stuffing,XGBoost ML Classifier
f2e7c65a-f167-4b6f-bb08-445a7961b548,2026-05-27 07:09:21.861895+00:00,USR_0592,credential_stuffing,credential_stuffing,credential_stuffing,XGBoost ML Classifier
33c34f1e-ae6f-447f-8987-32089cd4ebc5,2026-05-27 07:09:27.475193+00:00,USR_0338,credential_stuffing,credential_stuffing,credential_stuffing,XGBoost ML Classifier
32ba2501-ced1-41c0-a1f5-0a2c6e5ca621,2026-05-27 07:09:29.298872+00:00,USR_0883,credential_stuffing,credential_stuffing,credential_stuffing,XGBoost ML Classifier
fd1870d7-29ed-4d02-88d2-996935770c17,2026-05-27 07:09:32.546873+00:00,USR_0175,credential_stuffing,credential_stuffing,credential_stuffing,XGBoost ML Classifier
c7b179de-a00c-4bdc-a4ce-4e4e01d57969,2026-05-27 07:09:34.395064+00:00,USR_0091,credential_stuffing,credential_stuffing,credential_stuffing,XGBoost ML Classifier
943d5bd7-7de4-4355-b5d3-d21e2da4ac59,2026-05-27 07:09:36.229864+00:00,USR_0073,credential_stuffing,credential_stuffing,credential_stuffing,XGBoost ML Classifier
336ce2d0-dc21-41e2-be6b-d20f69f239ce,2026-05-27 07:09:44.949094+00:00,USR_0517,credential_stuffing,credential_stuffing,credential_stuffing,XGBoost ML Classifier
23cead62-3800-4d52-b54a-9ca73ed0f8ca,2026-05-27 07:09:45.964162+00:00,USR_0179,credential_stuffing,credential_stuffing,credential_stuffing,XGBoost ML Classifier
5bd6929a-a48b-4d1a-bec6-f5190da64af1,2026-05-27 07:09:53.565051+00:00,USR_0521,credential_stuffing,credential_stuffing,credential_stuffing,XGBoost ML Classifier
65c3be91-5255-4e2b-a1ba-44c707f1b856,2026-05-27 07:09:56.573792+00:00,USR_0557,credential_stuffing,credential_stuffing,credential_stuffing,XGBoost ML Classifier
3cb39f5e-a204-4069-bbaa-715caa1e1dee,2026-05-27 07:10:02.550905+00:00,USR_0516,credential_stuffing,credential_stuffing,credential_stuffing,XGBoost ML Classifier
a01a7c4f-431f-4210-afae-fc418dd9918b,2026-05-27 07:10:08.929114+00:00,USR_0824,credential_stuffing,credential_stuffing,credential_stuffing,XGBoost ML Classifier
c314b451-b50b-4999-95d7-d86811fcdfe5,2026-05-27 07:10:13.801061+00:00,USR_0891,credential_stuffing,credential_stuffing,credential_stuffing,XGBoost ML Classifier
e02fa9cb-25ac-455a-a10c-ebfdafc333cf,2026-05-27 07:10:14.451717+00:00,SRV_0745,credential_stuffing,credential_stuffing,credential_stuffing,XGBoost ML Classifier
ad594860-fe0d-4a1c-8c95-30cc032f2e01,2026-05-27 07:10:15.824753+00:00,SRV_0861,credential_stuffing,credential_stuffing,credential_stuffing,XGBoost ML Classifier
51a3ea20-3093-4cef-a649-2a2b3eaaf3f0,2026-05-27 07:10:15.954861+00:00,SRV_0528,credential_stuffing,credential_stuffing,credential_stuffing,XGBoost ML Classifier
2968ea99-48fd-4a6d-b099-2c15e7da1d18,2026-05-27 07:10:18.662703+00:00,USR_0706,credential_stuffing,credential_stuffing,credential_stuffing,XGBoost ML Classifier
16b4c941-affb-49e0-9f01-9caff85fad37,2026-05-27 07:10:27.603231+00:00,USR_0039,credential_stuffing,credential_stuffing,credential_stuffing,XGBoost ML Classifier
4b850502-e765-437a-b4bc-4f5d9f05b108,2026-05-27 07:10:29.157150+00:00,SRV_0782,credential_stuffing,credential_stuffing,credential_stuffing,XGBoost ML Classifier
ef9b230f-f793-4401-aba7-95f8c215e6fa,2026-05-27 07:10:34.832644+00:00,USR_0722,credential_stuffing,credential_stuffing,credential_stuffing,XGBoost ML Classifier
4d32ffc4-a073-47d4-9725-7ea5cc73e7aa,2026-05-27 07:10:35.761482+00:00,SRV_0182,credential_stuffing,credential_stuffing,credential_stuffing,XGBoost ML Classifier
c3c261ec-78a1-4ee3-8c59-68d0b942e05a,2026-05-27 07:10:38.062081+00:00,SRV_0159,credential_stuffing,credential_stuffing,credential_stuffing,XGBoost ML Classifier
a4161ed8-98fe-4143-ae2e-000d422f49d5,2026-05-27 07:10:39.896226+00:00,USR_0240,credential_stuffing,credential_stuffing,credential_stuffing,XGBoost ML Classifier
95473594-8463-4098-8592-9e5a3b759fac,2026-05-27 07:10:45.130615+00:00,USR_0347,credential_stuffing,credential_stuffing,credential_stuffing,XGBoost ML Classifier
9d3538a9-8358-4e51-b5c9-c4d817733ada,2026-05-27 07:10:46.503075+00:00,SRV_0295,credential_stuffing,credential_stuffing,credential_stuffing,XGBoost ML Classifier
5f22bdec-e71a-4a4b-be67-89e94027825b,2026-05-27 07:10:50.584503+00:00,USR_0556,credential_stuffing,credential_stuffing,credential_stuffing,XGBoost ML Classifier
c04a5acd-eb68-4c0a-8b9b-da56afd54230,2026-05-27 07:10:51.389437+00:00,SRV_0001,credential_stuffing,credential_stuffing,credential_stuffing,XGBoost ML Classifier
fd77779e-9949-47c2-a5d2-7de939e49c6d,2026-05-27 07:10:52.642805+00:00,SRV_0060,credential_stuffing,credential_stuffing,credential_stuffing,XGBoost ML Classifier
e331aedd-5cd8-4e07-b38b-b4593dd9eef3,2026-05-27 07:10:52.989212+00:00,DEV_0213,credential_stuffing,credential_stuffing,credential_stuffing,XGBoost ML Classifier
7c65b60c-cfa4-4a55-9e76-eb5141d5f96c,2026-05-27 07:10:56.607341+00:00,USR_0273,credential_stuffing,credential_stuffing,credential_stuffing,XGBoost ML Classifier
061afe7e-ed0c-4fd0-a5f8-8ae56ac03429,2026-05-27 07:10:56.754103+00:00,DEV_0857,credential_stuffing,credential_stuffing,credential_stuffing,XGBoost ML Classifier
06074a55-ab43-4b62-ba8e-50f0727f129c,2026-05-27 07:10:57.329580+00:00,USR_0325,credential_stuffing,credential_stuffing,credential_stuffing,XGBoost ML Classifier
42c2a377-44ca-4416-af9f-f0da4b437a5a,2026-05-27 07:11:11.053607+00:00,USR_0792,credential_stuffing,credential_stuffing,credential_stuffing,XGBoost ML Classifier
5b3b375e-8469-4aeb-9f51-935510644db9,2026-05-27 07:11:12.660972+00:00,USR_0997,credential_stuffing,credential_stuffing,credential_stuffing,XGBoost ML Classifier
a94d3639-b9ae-403c-8ba8-57855b91e873,2026-05-27 07:11:17.296606+00:00,SRV_0242,credential_stuffing,credential_stuffing,credential_stuffing,XGBoost ML Classifier
871a55d6-b5a8-4fc5-a32e-e33b71b74d06,2026-05-27 07:11:21.372891+00:00,USR_0925,credential_stuffing,credential_stuffing,credential_stuffing,XGBoost ML Classifier
0b40d8be-e3f1-4fc2-9e23-d069aeaff4ea,2026-05-27 07:11:24.469154+00:00,DEV_0664,credential_stuffing,credential_stuffing,credential_stuffing,XGBoost ML Classifier
ac59145f-1ee5-46c2-86f6-dbeb8f25dea6,2026-05-27 07:11:30.709810+00:00,SRV_0055,credential_stuffing,credential_stuffing,credential_stuffing,XGBoost ML Classifier
12bb614a-f0b2-4aae-a359-bb0a832cbb81,2026-05-27 07:11:35.131573+00:00,USR_0780,credential_stuffing,credential_stuffing,credential_stuffing,XGBoost ML Classifier
bd4246f6-bc3b-445d-8fb1-77bd9e9713a5,2026-05-27 07:11:36.561018+00:00,USR_0935,credential_stuffing,credential_stuffing,credential_stuffing,XGBoost ML Classifier
526ac756-ac3b-49a5-a621-7d3f6f97fff6,2026-05-27 07:11:43.769716+00:00,USR_0977,credential_stuffing,credential_stuffing,credential_stuffing,XGBoost ML Classifier
20fc0c23-d6da-419d-a307-ffc295b26911,2026-05-27 07:11:44.056940+00:00,SRV_0966,credential_stuffing,credential_stuffing,credential_stuffing,XGBoost ML Classifier
cd22437b-f7f8-4082-9922-2cf4f7a0dd3d,2026-05-27 07:11:44.844488+00:00,USR_0520,credential_stuffing,credential_stuffing,credential_stuffing,XGBoost ML Classifier
31d7368c-e0bd-4628-8414-e1ce0dbd7bf5,2026-05-27 07:11:46.856260+00:00,USR_0935,credential_stuffing,credential_stuffing,credential_stuffing,XGBoost ML Classifier
de6929b4-05f7-46f1-a88d-b46f94c2f65d,2026-05-27 07:11:47.539169+00:00,USR_0302,credential_stuffing,credential_stuffing,credential_stuffing,XGBoost ML Classifier
58c59a75-4b1f-4e30-a5ef-d6c71e3d5cc9,2026-05-27 07:11:49.505888+00:00,USR_0577,credential_stuffing,credential_stuffing,credential_stuffing,XGBoost ML Classifier
6b83bd4c-6aa2-4ad2-8ad7-0a41a8011f33,2026-05-27 07:11:50.694596+00:00,DEV_0095,credential_stuffing,credential_stuffing,credential_stuffing,XGBoost ML Classifier
4a25ce1c-99f6-4e96-92ea-10e89fb5e40d,2026-05-27 07:11:58.563323+00:00,SRV_0630,credential_stuffing,credential_stuffing,credential_stuffing,XGBoost ML Classifier
4bfa3650-f299-4421-9e73-61c3c37f2608,2026-05-27 07:12:04.905872+00:00,USR_0892,credential_stuffing,credential_stuffing,credential_stuffing,XGBoost ML Classifier
27098cce-eb72-4049-a4f2-5e2dfd438218,2026-05-27 07:12:06.722263+00:00,USR_0046,credential_stuffing,credential_stuffing,credential_stuffing,XGBoost ML Classifier
759a945d-af63-4394-8907-033e43339887,2026-05-27 07:12:24.961555+00:00,USR_0872,credential_stuffing,credential_stuffing,credential_stuffing,XGBoost ML Classifier
80210aae-2970-443c-add8-4e84185fd740,2026-05-27 07:12:32.271992+00:00,USR_0471,credential_stuffing,credential_stuffing,credential_stuffing,XGBoost ML Classifier
edeccb8a-a571-41dd-b367-b726148841fd,2026-05-27 07:12:35.955041+00:00,USR_0473,credential_stuffing,credential_stuffing,credential_stuffing,XGBoost ML Classifier
9658673d-3219-458a-bce9-d67a119aaf24,2026-05-27 07:12:41.647452+00:00,USR_0720,credential_stuffing,credential_stuffing,credential_stuffing,XGBoost ML Classifier
ca2d867d-5576-4bd0-9e0c-4ea7bb7d79fa,2026-05-27 07:13:01.503057+00:00,USR_0730,credential_stuffing,credential_stuffing,credential_stuffing,XGBoost ML Classifier
5fb9ffa3-add5-44e8-9795-bbf93d0e0181,2026-05-27 07:13:06+00:00,USR_0620,impossible_travel,impossible_travel,impossible_travel,Rule Override: geo_velocity_kmh > 900 km/h AND geo_distance > 500 km
a566d294-609c-4d13-8916-2169c533238d,2026-05-27 07:13:10.703024+00:00,USR_0952,credential_stuffing,credential_stuffing,credential_stuffing,XGBoost ML Classifier
d283a186-be99-47c2-923e-91c96dddc830,2026-05-27 07:13:19.349215+00:00,USR_0456,credential_stuffing,credential_stuffing,credential_stuffing,XGBoost ML Classifier
8638d2ec-0cb6-441c-ab91-5e90a8a9c32b,2026-05-27 07:13:22.183491+00:00,DEV_0449,credential_stuffing,credential_stuffing,credential_stuffing,XGBoost ML Classifier
7e82f67e-40f4-4ef3-96d4-8bfd00e9ded9,2026-05-27 07:13:38.249709+00:00,DEV_0199,credential_stuffing,credential_stuffing,credential_stuffing,XGBoost ML Classifier
54a4eb1b-c638-429d-ac8a-567262715a10,2026-05-27 07:13:41.344971+00:00,SRV_0798,credential_stuffing,credential_stuffing,credential_stuffing,XGBoost ML Classifier
ef96ed7f-0026-4454-8542-a7549058caa0,2026-05-27 07:13:49.390910+00:00,DEV_0476,credential_stuffing,credential_stuffing,credential_stuffing,XGBoost ML Classifier
1abf8f6e-ac8d-4adc-b941-30dae2ce02cc,2026-05-27 07:14:12.969395+00:00,DEV_0063,credential_stuffing,credential_stuffing,credential_stuffing,XGBoost ML Classifier
69eb2e10-012f-495f-b573-63fbf5e7e9a8,2026-05-27 07:14:23.982200+00:00,USR_0439,credential_stuffing,credential_stuffing,credential_stuffing,XGBoost ML Classifier
0c493e24-85ee-4820-88b6-dba18fdeea07,2026-05-27 07:14:37.007341+00:00,DEV_0514,credential_stuffing,credential_stuffing,credential_stuffing,XGBoost ML Classifier
f331d7c8-7e6a-4a6b-8327-fa1f2f2b9cbf,2026-05-27 07:14:48.428510+00:00,DEV_0831,credential_stuffing,credential_stuffing,credential_stuffing,XGBoost ML Classifier
58a5955c-374a-4d1d-bede-e5c8251c9b6a,2026-05-27 07:14:58.879876+00:00,SRV_0372,credential_stuffing,credential_stuffing,credential_stuffing,XGBoost ML Classifier
40c2ebfe-8a3b-4ed9-8b7e-f01c74fe176c,2026-05-27 07:15:04.751632+00:00,USR_0201,credential_stuffing,credential_stuffing,credential_stuffing,XGBoost ML Classifier
6d9cb7a3-537d-4785-a810-66cabe7df44d,2026-05-27 07:15:10.214754+00:00,DEV_0474,credential_stuffing,credential_stuffing,credential_stuffing,XGBoost ML Classifier
d3d2da5a-a3b6-4adf-a93c-ed4970dbfcf0,2026-05-27 07:15:29.054254+00:00,USR_0447,credential_stuffing,credential_stuffing,credential_stuffing,XGBoost ML Classifier
73da9de3-1776-4fa9-b73f-58bf25d13e34,2026-05-27 07:16:02.600229+00:00,USR_0402,credential_stuffing,credential_stuffing,credential_stuffing,XGBoost ML Classifier
a1f758e5-09b8-41bb-ac77-13d7ccff9cec,2026-05-27 07:16:15.314956+00:00,USR_0518,credential_stuffing,credential_stuffing,credential_stuffing,XGBoost ML Classifier
3d61eea3-9948-4845-b535-6fc0e1e62faf,2026-05-27 07:16:19.551493+00:00,USR_0741,credential_stuffing,credential_stuffing,credential_stuffing,XGBoost ML Classifier
6761db57-3407-474c-9d68-5984b5549c16,2026-05-27 07:16:59.934457+00:00,USR_0028,credential_stuffing,credential_stuffing,credential_stuffing,XGBoost ML Classifier
5b9792c2-6fab-4526-8c81-7a7ef0444b30,2026-05-27 07:17:01.197091+00:00,USR_0992,credential_stuffing,credential_stuffing,credential_stuffing,XGBoost ML Classifier
9d0ab80d-ee4b-4ac9-82a4-e875f7d8e7f7,2026-05-27 07:25:27+00:00,SRV_0541,normal,unknown,unknown,XGBoost ML Classifier
522d16ba-e602-45b5-801a-31a48b24e272,2026-05-27 08:04:43+00:00,SRV_0606,normal,unknown,unknown,XGBoost ML Classifier
4f6cd169-4b4f-4006-b793-ce6984427879,2026-05-27 08:09:01+00:00,DEV_0876,normal,unknown,unknown,XGBoost ML Classifier
3e74fbdc-8c15-4ddf-89c8-54f239386e7d,2026-05-27 08:17:19+00:00,SRV_0818,normal,unknown,unknown,XGBoost ML Classifier
cbbcf0f5-4909-40e7-8006-ca32d4bf6fd5,2026-05-27 08:21:16+00:00,USR_0878,impossible_travel,impossible_travel,impossible_travel,Rule Override: geo_velocity_kmh > 900 km/h AND geo_distance > 500 km
3a3c1397-4efb-40c0-a461-f6b17e9c735f,2026-05-27 08:36:46+00:00,SRV_0131,normal,unknown,unknown,XGBoost ML Classifier
07156f8d-7633-4c2d-bde8-19eb505ca523,2026-05-27 09:03:08+00:00,DEV_0593,normal,unknown,unknown,XGBoost ML Classifier
b6082bf6-3cf7-4032-a4a7-25a855729b9d,2026-05-27 09:04:49+00:00,USR_0895,impossible_travel,impossible_travel,impossible_travel,Rule Override: geo_velocity_kmh > 900 km/h AND geo_distance > 500 km
787e247f-52f5-4cee-b77f-ed1325857a21,2026-05-27 09:26:03+00:00,USR_0254,impossible_travel,impossible_travel,impossible_travel,Rule Override: geo_velocity_kmh > 900 km/h AND geo_distance > 500 km
c5d3eccc-76f2-4aac-9c11-4383612bac72,2026-05-27 09:35:04+00:00,DEV_0429,normal,unknown,unknown,XGBoost ML Classifier
5e3778c0-3df8-4346-95de-d557e7f5a2e0,2026-05-27 09:49:26+00:00,DEV_0788,normal,unknown,unknown,XGBoost ML Classifier
eb3df06b-6c12-448d-bab3-c4f6e4e79f9a,2026-05-27 10:31:03+00:00,USR_0093,impossible_travel,impossible_travel,impossible_travel,Rule Override: geo_velocity_kmh > 900 km/h AND geo_distance > 500 km
d018232c-d85a-41bb-a484-0a81049b3fe8,2026-05-27 10:50:02+00:00,USR_0376,impossible_travel,impossible_travel,impossible_travel,Rule Override: geo_velocity_kmh > 900 km/h AND geo_distance > 500 km
ef9e8776-32b7-4c91-a23b-2d8180aed0fb,2026-05-27 10:56:51+00:00,SRV_0645,normal,unknown,unknown,XGBoost ML Classifier
fbd47168-b8c8-4690-a7c7-25dc660888e4,2026-05-27 11:04:39+00:00,USR_0981,normal,unknown,unknown,XGBoost ML Classifier
09697211-2c2a-40c9-b469-27b961595c53,2026-05-27 11:17:38+00:00,USR_0317,impossible_travel,impossible_travel,impossible_travel,Rule Override: geo_velocity_kmh > 900 km/h AND geo_distance > 500 km
07ada5d8-f99a-475a-8016-1080e618fe94,2026-05-27 11:22:04+00:00,USR_0094,impossible_travel,impossible_travel,impossible_travel,Rule Override: geo_velocity_kmh > 900 km/h AND geo_distance > 500 km
e539ca0f-a196-49af-93c7-ba854c3577a4,2026-05-27 11:39:44+00:00,USR_0360,impossible_travel,impossible_travel,impossible_travel,Rule Override: geo_velocity_kmh > 900 km/h AND geo_distance > 500 km
ca8cb7fc-b038-4969-ba1c-9bc2d25b4119,2026-05-27 12:08:25+00:00,USR_0062,impossible_travel,impossible_travel,impossible_travel,Rule Override: geo_velocity_kmh > 900 km/h AND geo_distance > 500 km
b7b6e110-c13f-40ee-8c11-ac580abdab49,2026-05-27 12:28:01+00:00,USR_0218,insider_drift,insider_drift,insider_drift,XGBoost ML Classifier
b42a0abe-d1cd-4c5e-93fe-95860807b972,2026-05-27 12:46:58+00:00,DEV_0332,normal,unknown,unknown,XGBoost ML Classifier
b51a1137-7a1c-4dc8-a3e7-73468aaf6256,2026-05-27 12:49:38+00:00,USR_0945,impossible_travel,impossible_travel,impossible_travel,Rule Override: geo_velocity_kmh > 900 km/h AND geo_distance > 500 km
c25f0afa-002a-4960-818a-e0219d06780a,2026-05-27 12:50:04+00:00,USR_0427,normal,unknown,unknown,XGBoost ML Classifier
4b0bc35e-a21a-4566-ab70-2ca12f40fe64,2026-05-27 12:52:23+00:00,SRV_0806,normal,unknown,unknown,XGBoost ML Classifier
4c8b6139-dbf9-46cf-b4db-9c874e7f819b,2026-05-27 13:12:45+00:00,DEV_0065,normal,unknown,unknown,XGBoost ML Classifier
9809a1dd-c458-4035-84b3-b22390605a9b,2026-05-27 13:41:44+00:00,SRV_0819,normal,unknown,unknown,XGBoost ML Classifier
a58ba9f6-3fcd-49d7-8ab2-d1a611326a84,2026-05-27 14:06:11+00:00,USR_0218,impossible_travel,impossible_travel,impossible_travel,Rule Override: geo_velocity_kmh > 900 km/h AND geo_distance > 500 km
4ed5fe7e-32fe-4349-987b-0f39471a18c1,2026-05-27 14:34:46+00:00,USR_0419,normal,unknown,unknown,XGBoost ML Classifier
45ffe8e3-51ae-4cb3-8a05-92627bab621b,2026-05-27 15:29:00+00:00,USR_0544,impossible_travel,impossible_travel,impossible_travel,Rule Override: geo_velocity_kmh > 900 km/h AND geo_distance > 500 km
4e0b9b86-a7ee-440e-9182-ff47fdb3d996,2026-05-27 15:44:37+00:00,USR_0882,impossible_travel,impossible_travel,impossible_travel,Rule Override: geo_velocity_kmh > 900 km/h AND geo_distance > 500 km
0264c640-3e28-4655-894b-1edd6ec27a43,2026-05-27 16:14:51+00:00,SRV_0640,normal,unknown,unknown,XGBoost ML Classifier
de9faf44-69b2-4db1-a6ec-87f77598dd34,2026-05-27 16:28:24+00:00,SRV_0963,normal,unknown,unknown,XGBoost ML Classifier
30a87961-fd45-4a60-b727-dc6d8a9ad7b4,2026-05-27 16:58:15+00:00,SRV_0797,impossible_travel,impossible_travel,impossible_travel,Rule Override: geo_velocity_kmh > 900 km/h AND geo_distance > 500 km
4dc0587f-a7fc-463f-9e99-5890c4309848,2026-05-27 17:00:12+00:00,DEV_0685,impossible_travel,impossible_travel,impossible_travel,Rule Override: geo_velocity_kmh > 900 km/h AND geo_distance > 500 km
861257f6-472a-4446-a683-a3947ac5566a,2026-05-27 17:07:23+00:00,SRV_0232,normal,unknown,unknown,XGBoost ML Classifier
e5fc4508-dc5c-4b5d-aae7-b56ae591bc1a,2026-05-27 17:15:12+00:00,SRV_0616,normal,unknown,unknown,XGBoost ML Classifier
5947c2ca-dd11-4166-81cd-f2c79fe9ca54,2026-05-27 17:34:07+00:00,USR_0273,impossible_travel,impossible_travel,impossible_travel,Rule Override: geo_velocity_kmh > 900 km/h AND geo_distance > 500 km
cee3d8ab-a6ae-43ab-8b17-3a125bc5f2df,2026-05-27 17:36:49+00:00,SRV_0934,normal,unknown,unknown,XGBoost ML Classifier
0c5621b8-94a6-45b2-a6bd-aa5127133484,2026-05-27 17:47:33+00:00,USR_0495,impossible_travel,impossible_travel,impossible_travel,Rule Override: geo_velocity_kmh > 900 km/h AND geo_distance > 500 km
75a7df4f-cae8-4185-9641-5ebc4e2be0b7,2026-05-27 18:30:36+00:00,DEV_0444,normal,unknown,unknown,XGBoost ML Classifier
4ad42cc4-8481-4782-8729-9ee9be23eac8,2026-05-27 18:50:04+00:00,USR_0667,insider_drift,insider_drift,insider_drift,XGBoost ML Classifier
68d92c4a-6541-4e6b-98d3-8b9bf3cb9763,2026-05-27 18:57:36+00:00,DEV_0065,normal,unknown,unknown,XGBoost ML Classifier
b2df58f8-0734-4342-a666-5b011ec5b714,2026-05-27 19:01:45+00:00,USR_0986,impossible_travel,impossible_travel,impossible_travel,Rule Override: geo_velocity_kmh > 900 km/h AND geo_distance > 500 km
bc30c681-e6c6-4c27-a565-2722b26e3b53,2026-05-27 19:08:30+00:00,DEV_0084,normal,unknown,unknown,XGBoost ML Classifier
4eedd027-90ca-4529-a1e3-4f1bfe27e542,2026-05-27 19:40:04+00:00,DEV_0026,normal,unknown,unknown,XGBoost ML Classifier
b58fdfeb-3bef-42e9-a186-e7714295a557,2026-05-27 19:41:31+00:00,DEV_0416,normal,unknown,unknown,XGBoost ML Classifier
ae5128ec-76e1-4f1e-b124-c334c4176fd4,2026-05-27 20:21:41+00:00,USR_0784,normal,unknown,unknown,XGBoost ML Classifier
a4158958-5bd8-4d58-a0da-c4db42b6fafd,2026-05-27 20:51:42+00:00,DEV_0144,normal,unknown,unknown,XGBoost ML Classifier
eab195cd-6d6b-4b3d-b85a-c3acb520bf74,2026-05-27 21:48:35.849590+00:00,DEV_0425,brute_force,brute_force,brute_force,XGBoost ML Classifier
3981c9e2-48cc-4c07-affa-1b433c422e91,2026-05-27 21:48:36.047229+00:00,DEV_0425,brute_force,brute_force,brute_force,XGBoost ML Classifier
5235712d-f23c-4b17-b8a1-ec742385be88,2026-05-27 21:48:37.577931+00:00,DEV_0425,brute_force,brute_force,brute_force,XGBoost ML Classifier
54e22351-272b-4e0b-80d5-d82e6136aa5c,2026-05-27 21:48:37.720379+00:00,DEV_0425,brute_force,brute_force,brute_force,XGBoost ML Classifier
fa2a0466-ef0a-433f-b542-7e654ba03c33,2026-05-27 21:48:37.813012+00:00,DEV_0425,brute_force,brute_force,brute_force,XGBoost ML Classifier
1985c507-377a-4948-8573-35718fb4348e,2026-05-27 21:48:38.097547+00:00,DEV_0425,brute_force,brute_force,brute_force,XGBoost ML Classifier
eb3602fb-e838-4348-ace8-052259aff8fb,2026-05-27 21:48:38.513873+00:00,DEV_0425,brute_force,brute_force,brute_force,XGBoost ML Classifier
b1b7cb08-2b06-4160-9800-f38652b66ca2,2026-05-27 21:48:39.430915+00:00,DEV_0425,brute_force,brute_force,brute_force,XGBoost ML Classifier
effbf578-ed57-4ac4-b633-e5b1c1dceba2,2026-05-27 21:48:39.530940+00:00,DEV_0425,brute_force,brute_force,brute_force,XGBoost ML Classifier
aa1d6cbf-88ed-42e5-bbea-24eef3ba8cf9,2026-05-27 21:48:39.778601+00:00,DEV_0425,brute_force,brute_force,brute_force,XGBoost ML Classifier
fbf7fb9a-81fc-4b50-a8cb-1043c3ee4626,2026-05-27 21:48:39.986444+00:00,DEV_0425,brute_force,brute_force,brute_force,XGBoost ML Classifier
3889498d-a055-453b-9b7d-254ff7f29622,2026-05-27 21:48:40.748158+00:00,DEV_0425,brute_force,brute_force,brute_force,XGBoost ML Classifier
0f45ddda-8a39-42d1-9e04-62ac232704b1,2026-05-27 21:48:41.071463+00:00,DEV_0425,brute_force,brute_force,brute_force,XGBoost ML Classifier
c56e2bd5-13ca-4a3e-a76d-f8b3bf9c06e9,2026-05-27 21:48:41.107344+00:00,DEV_0425,brute_force,brute_force,brute_force,XGBoost ML Classifier
769ba4fc-45c5-407f-82ae-30be9527a89f,2026-05-27 21:48:41.382253+00:00,DEV_0425,brute_force,brute_force,brute_force,XGBoost ML Classifier
e87caa94-43b6-4296-a319-b964d71b59cd,2026-05-27 21:48:41.664086+00:00,DEV_0425,brute_force,brute_force,brute_force,XGBoost ML Classifier
11e3447a-d6cb-43f2-a28a-c7e268a5559e,2026-05-27 21:48:41.916041+00:00,DEV_0425,brute_force,brute_force,brute_force,XGBoost ML Classifier
f198b7d2-e62f-4680-8952-ce71d3adb7ed,2026-05-27 21:48:42.374970+00:00,DEV_0425,brute_force,brute_force,brute_force,XGBoost ML Classifier
6435dc04-f9be-4a4a-a794-f33c028143d0,2026-05-27 21:48:42.616473+00:00,DEV_0425,brute_force,brute_force,brute_force,XGBoost ML Classifier
6d6c40dc-dc1b-4275-9993-ebdd1f558cf1,2026-05-27 21:48:42.857690+00:00,DEV_0425,brute_force,brute_force,brute_force,XGBoost ML Classifier
53fd41c0-64ad-41a2-8aef-623578485b4f,2026-05-27 21:48:44.627927+00:00,DEV_0425,brute_force,brute_force,brute_force,XGBoost ML Classifier
984111c0-9aef-42cd-83bf-3a67e9bf5398,2026-05-27 21:48:44.673159+00:00,DEV_0425,brute_force,brute_force,brute_force,XGBoost ML Classifier
7480bf1f-dc06-447d-8027-2e62c88560aa,2026-05-27 21:48:45.414013+00:00,DEV_0425,brute_force,brute_force,brute_force,XGBoost ML Classifier
208df0a3-b91f-4253-8383-75a48cb0dcf0,2026-05-27 21:48:46.520031+00:00,DEV_0425,brute_force,brute_force,brute_force,XGBoost ML Classifier
463d759c-73d1-469b-90d4-e0d4ab0e8cbc,2026-05-27 21:48:46.796726+00:00,DEV_0425,brute_force,brute_force,brute_force,XGBoost ML Classifier
b755a797-3b1e-4488-aaa9-95285bb1eabf,2026-05-27 21:48:46.936862+00:00,DEV_0425,brute_force,brute_force,brute_force,XGBoost ML Classifier
2a5016a6-e72a-427f-8312-9c263ce7431f,2026-05-27 21:48:47.549368+00:00,DEV_0425,brute_force,brute_force,brute_force,XGBoost ML Classifier
d7ee42b8-12b0-4d3c-bcf6-616a167e04cd,2026-05-27 21:48:48.088841+00:00,DEV_0425,brute_force,brute_force,brute_force,XGBoost ML Classifier
8c43dc4d-dab7-4bb0-9dfa-1892d826798e,2026-05-27 21:48:48.891620+00:00,DEV_0425,brute_force,brute_force,brute_force,XGBoost ML Classifier
ca23b25d-807c-4a60-aaad-8a1b1877bbb9,2026-05-27 21:48:49.396064+00:00,DEV_0425,brute_force,brute_force,brute_force,XGBoost ML Classifier
277ae121-8ba7-4320-9092-da53e0a6456b,2026-05-27 21:48:50.287957+00:00,DEV_0425,brute_force,brute_force,brute_force,Rule Override: failed_auth_count_5min > 30
ad88764d-ca92-4d5a-a730-3dcd372f0449,2026-05-27 21:48:50.373698+00:00,DEV_0425,brute_force,brute_force,brute_force,Rule Override: failed_auth_count_5min > 30
9695d1e0-9548-482a-a9fa-4c96534bc985,2026-05-27 21:48:50.400271+00:00,DEV_0425,brute_force,brute_force,brute_force,Rule Override: failed_auth_count_5min > 30
892b38b1-5d99-4980-b91a-a5e5b7e7c303,2026-05-27 21:48:50.489458+00:00,DEV_0425,brute_force,brute_force,brute_force,Rule Override: failed_auth_count_5min > 30
a1222513-f453-4088-b998-c7363e266a7e,2026-05-27 21:48:52.111985+00:00,DEV_0425,brute_force,brute_force,brute_force,Rule Override: failed_auth_count_5min > 30
a4bbf81b-f785-4b93-90da-69de1df032ff,2026-05-27 21:48:52.308319+00:00,DEV_0425,brute_force,brute_force,brute_force,Rule Override: failed_auth_count_5min > 30
1cf58370-107a-4f32-a4c7-becee7cf46f6,2026-05-27 21:48:53.756987+00:00,DEV_0425,brute_force,brute_force,brute_force,Rule Override: failed_auth_count_5min > 30
ed1ec83c-8130-46bc-bfa3-a983f7ba4041,2026-05-27 21:48:53.994880+00:00,DEV_0425,brute_force,brute_force,brute_force,Rule Override: failed_auth_count_5min > 30
681982f9-766e-4135-bdeb-4233df363d81,2026-05-27 21:48:54.261573+00:00,DEV_0425,brute_force,brute_force,brute_force,Rule Override: failed_auth_count_5min > 30
e9e5df66-68d0-4414-a231-7b6446e3c72c,2026-05-27 21:48:54.286090+00:00,DEV_0425,brute_force,brute_force,brute_force,Rule Override: failed_auth_count_5min > 30
e245d4df-2513-4e5b-b44f-fe087005cbc6,2026-05-27 21:48:54.760774+00:00,DEV_0425,brute_force,brute_force,brute_force,Rule Override: failed_auth_count_5min > 30
b01c6c0b-d07b-45b6-9be8-96926b2ec910,2026-05-27 21:48:55.069601+00:00,DEV_0425,brute_force,brute_force,brute_force,Rule Override: failed_auth_count_5min > 30
2a426331-e213-41b4-900b-401c01f7caa6,2026-05-27 21:48:55.313495+00:00,DEV_0425,brute_force,brute_force,brute_force,Rule Override: failed_auth_count_5min > 30
853421bb-47a9-4b72-b9f4-be2fa3c6eab4,2026-05-27 21:48:55.921572+00:00,DEV_0425,brute_force,brute_force,brute_force,Rule Override: failed_auth_count_5min > 30
dd76d819-6a81-43f0-a826-9ae3d55cffae,2026-05-27 21:48:57.204824+00:00,DEV_0425,brute_force,brute_force,brute_force,Rule Override: failed_auth_count_5min > 30
a6d04a75-fa36-4088-8b4f-54302fe0ba0c,2026-05-27 21:48:57.252802+00:00,DEV_0425,brute_force,brute_force,brute_force,Rule Override: failed_auth_count_5min > 30
eb6fb751-6d8c-4769-b830-698fb91477fd,2026-05-27 21:48:57.502464+00:00,DEV_0425,brute_force,brute_force,brute_force,Rule Override: failed_auth_count_5min > 30
9fd22ef0-039f-41b6-9130-c83a2582f48a,2026-05-27 21:48:59.003394+00:00,DEV_0425,brute_force,brute_force,brute_force,Rule Override: failed_auth_count_5min > 30
155c8ecb-2f75-488b-aece-2799b564e7df,2026-05-27 21:48:59.212821+00:00,DEV_0425,brute_force,brute_force,brute_force,Rule Override: failed_auth_count_5min > 30
2afb04cc-7413-4c3a-b04e-23a641728a78,2026-05-27 21:48:59.503844+00:00,DEV_0425,brute_force,brute_force,brute_force,Rule Override: failed_auth_count_5min > 30
a0ef9cc3-2f2e-471c-a16a-726e703cacd1,2026-05-27 21:49:00.004183+00:00,DEV_0425,brute_force,brute_force,brute_force,Rule Override: failed_auth_count_5min > 30
e1f8cf2b-f23e-40cf-b80f-977023a29a2f,2026-05-27 21:49:00.346695+00:00,DEV_0425,brute_force,brute_force,brute_force,Rule Override: failed_auth_count_5min > 30
d785e5fa-a005-46af-8c84-c832301fdfda,2026-05-27 21:49:00.472843+00:00,DEV_0425,brute_force,brute_force,brute_force,Rule Override: failed_auth_count_5min > 30
a2c0f781-a048-45ca-8841-330724c58091,2026-05-27 21:49:00.573401+00:00,DEV_0425,brute_force,brute_force,brute_force,Rule Override: failed_auth_count_5min > 30
812808d6-cd3d-4989-a110-0f21fe8fb232,2026-05-27 21:49:00.575028+00:00,DEV_0425,brute_force,brute_force,brute_force,Rule Override: failed_auth_count_5min > 30
8af3bd66-f708-43ea-9438-81728c8bf490,2026-05-27 21:49:01.201874+00:00,DEV_0425,brute_force,brute_force,brute_force,Rule Override: failed_auth_count_5min > 30
b2ee6e1f-15f7-40e6-b8f9-db20e975f9f5,2026-05-27 21:49:01.923118+00:00,DEV_0425,brute_force,brute_force,brute_force,Rule Override: failed_auth_count_5min > 30
b47f6e2f-8dc8-44b9-926e-00f9280e81a7,2026-05-27 21:49:03.563086+00:00,DEV_0425,brute_force,brute_force,brute_force,Rule Override: failed_auth_count_5min > 30
97224f8c-6549-4102-a03d-0dd15bad7cd6,2026-05-27 21:49:04.149867+00:00,DEV_0425,brute_force,brute_force,brute_force,Rule Override: failed_auth_count_5min > 30
990c0b55-7dfe-47ba-86d0-196ce71264af,2026-05-27 21:49:04.263723+00:00,DEV_0425,brute_force,brute_force,brute_force,Rule Override: failed_auth_count_5min > 30
9d1ab79c-f02d-4650-aa31-160279722b2c,2026-05-27 21:49:04.596454+00:00,DEV_0425,brute_force,brute_force,brute_force,Rule Override: failed_auth_count_5min > 30
4f4056e9-0898-4b98-ad2b-3a199f60b050,2026-05-27 21:49:05.095814+00:00,DEV_0425,brute_force,brute_force,brute_force,Rule Override: failed_auth_count_5min > 30
ff0a66fc-3ae5-4c2d-85ac-7df52044d913,2026-05-27 21:49:05.486280+00:00,DEV_0425,brute_force,brute_force,brute_force,Rule Override: failed_auth_count_5min > 30
106c1006-914f-4bda-b823-1bb79d15e0b5,2026-05-27 21:49:05.933036+00:00,DEV_0425,brute_force,brute_force,brute_force,Rule Override: failed_auth_count_5min > 30
7d324c33-df8b-47ef-ba7f-c620ae8c9f6a,2026-05-27 21:49:06.050074+00:00,DEV_0425,brute_force,brute_force,brute_force,Rule Override: failed_auth_count_5min > 30
f0f5dbbc-48f6-4f61-b6f0-a0da6e4b6993,2026-05-27 21:49:06.206663+00:00,DEV_0425,brute_force,brute_force,brute_force,Rule Override: failed_auth_count_5min > 30
754aee2f-f150-427f-a3ad-16afbf0d7ef7,2026-05-27 21:49:06.368128+00:00,DEV_0425,brute_force,brute_force,brute_force,Rule Override: failed_auth_count_5min > 30
b5dd7ee3-8a00-4da9-9eba-f7e25678bdf6,2026-05-27 21:49:06.557664+00:00,DEV_0425,brute_force,brute_force,brute_force,Rule Override: failed_auth_count_5min > 30
ef3180dd-11a0-4d38-8d48-9892524685cd,2026-05-27 21:49:06.687443+00:00,DEV_0425,brute_force,brute_force,brute_force,Rule Override: failed_auth_count_5min > 30
67401c12-059a-4727-bc57-d7a13aa37db5,2026-05-27 21:49:07.098554+00:00,DEV_0425,brute_force,brute_force,brute_force,Rule Override: failed_auth_count_5min > 30
1e3a3ca5-e601-4a7a-acef-ea1688225ea6,2026-05-27 21:49:07.437332+00:00,DEV_0425,brute_force,brute_force,brute_force,Rule Override: failed_auth_count_5min > 30
9f788cab-0935-48a0-8252-0b0c1ebc01b3,2026-05-27 21:49:08.001200+00:00,DEV_0425,brute_force,brute_force,brute_force,Rule Override: failed_auth_count_5min > 30
8a0e1231-5400-4aee-adb2-d239bd6d3976,2026-05-27 21:49:08.629860+00:00,DEV_0425,brute_force,brute_force,brute_force,Rule Override: failed_auth_count_5min > 30
9e4b7f3a-168e-4aa1-b520-5c63faacc107,2026-05-27 21:49:09.032833+00:00,DEV_0425,brute_force,brute_force,brute_force,Rule Override: failed_auth_count_5min > 30
5573e6ec-2d46-430c-bb1f-7287fb8cc6e8,2026-05-27 21:49:09.558746+00:00,DEV_0425,brute_force,brute_force,brute_force,Rule Override: failed_auth_count_5min > 30
10b6c4c2-52ee-4274-bb33-303b908026f1,2026-05-27 21:49:10.105535+00:00,DEV_0425,brute_force,brute_force,brute_force,Rule Override: failed_auth_count_5min > 30
a3239dae-a982-411e-af65-3407b88f5f76,2026-05-27 21:49:12.409288+00:00,DEV_0425,brute_force,brute_force,brute_force,Rule Override: failed_auth_count_5min > 30
0c622f2a-2985-4892-afef-75f89d01114b,2026-05-27 21:49:12.427473+00:00,DEV_0425,brute_force,brute_force,brute_force,Rule Override: failed_auth_count_5min > 30
6549310f-070f-466f-bc79-14aa171ed8ce,2026-05-27 21:49:12.625258+00:00,DEV_0425,brute_force,brute_force,brute_force,Rule Override: failed_auth_count_5min > 30
d923cc27-856d-428d-bf56-cf2445da47fa,2026-05-27 21:49:12.883386+00:00,DEV_0425,brute_force,brute_force,brute_force,Rule Override: failed_auth_count_5min > 30
abf4a371-3069-427a-bec2-10eef9482c59,2026-05-27 21:49:13.246505+00:00,DEV_0425,brute_force,brute_force,brute_force,Rule Override: failed_auth_count_5min > 30
1bdc9d2d-3faf-48bc-b9b5-e71391ed75f3,2026-05-27 21:49:15.559250+00:00,DEV_0425,brute_force,brute_force,brute_force,Rule Override: failed_auth_count_5min > 30
e266f708-88d9-4bbc-bf44-a98c01e688af,2026-05-27 21:49:15.903386+00:00,DEV_0425,brute_force,brute_force,brute_force,Rule Override: failed_auth_count_5min > 30
7158e8ed-0325-43f7-9aba-24884bb00169,2026-05-27 21:49:17.433428+00:00,DEV_0425,brute_force,brute_force,brute_force,Rule Override: failed_auth_count_5min > 30
19ccd0f1-e088-4afa-a6f7-8b13333a4696,2026-05-27 21:49:18.743061+00:00,DEV_0425,brute_force,brute_force,brute_force,Rule Override: failed_auth_count_5min > 30
6b2c50a7-fc0f-45a8-9e5c-87a963a465d6,2026-05-27 21:49:19.292250+00:00,DEV_0425,brute_force,brute_force,brute_force,Rule Override: failed_auth_count_5min > 30
80a86942-ef4e-4acd-9747-1741f89fd6ae,2026-05-27 21:49:19.528284+00:00,DEV_0425,brute_force,brute_force,brute_force,Rule Override: failed_auth_count_5min > 30
6b49541f-5b93-4f73-970f-5b811b342cd8,2026-05-27 21:49:20.267944+00:00,DEV_0425,brute_force,brute_force,brute_force,Rule Override: failed_auth_count_5min > 30
b813f90c-ffaf-46fb-96e2-99eda9590b86,2026-05-27 21:49:20.557026+00:00,DEV_0425,brute_force,brute_force,brute_force,Rule Override: failed_auth_count_5min > 30
f7d26d6c-0ecd-44c2-9e98-9cc22d3500b0,2026-05-27 21:49:21.380488+00:00,DEV_0425,brute_force,brute_force,brute_force,Rule Override: failed_auth_count_5min > 30
d2504ab7-353e-45c8-b4d8-9324f7a37dc5,2026-05-27 21:49:21.908629+00:00,DEV_0425,brute_force,brute_force,brute_force,Rule Override: failed_auth_count_5min > 30
64c268ee-0ffb-4fcd-bbea-ece9df64f3d5,2026-05-27 21:49:22.809799+00:00,DEV_0425,brute_force,brute_force,brute_force,Rule Override: failed_auth_count_5min > 30
86044c14-eb55-468b-b127-e20d537e9b5a,2026-05-27 21:49:23.497360+00:00,DEV_0425,brute_force,brute_force,brute_force,Rule Override: failed_auth_count_5min > 30
742ba8bc-e3a9-42c4-bc65-9c95161b597b,2026-05-27 21:49:23.779723+00:00,DEV_0425,brute_force,brute_force,brute_force,Rule Override: failed_auth_count_5min > 30
35677897-c810-41e5-a6ac-cc9024b943b6,2026-05-27 21:49:24.209468+00:00,DEV_0425,brute_force,brute_force,brute_force,Rule Override: failed_auth_count_5min > 30
b9005027-4083-48d7-ba19-fd378cfc1444,2026-05-27 21:49:25.199244+00:00,DEV_0425,brute_force,brute_force,brute_force,Rule Override: failed_auth_count_5min > 30
6ad6b2b7-391d-41be-83e9-ba6f7dae12dd,2026-05-27 21:49:26.565053+00:00,DEV_0425,brute_force,brute_force,brute_force,Rule Override: failed_auth_count_5min > 30
4f3c0974-d6dd-4a1a-bc6d-51a04dd4ea20,2026-05-27 21:49:27.453650+00:00,DEV_0425,brute_force,brute_force,brute_force,Rule Override: failed_auth_count_5min > 30
fd066604-2d8e-4336-b7e7-c57ec6ef9446,2026-05-27 21:49:27.933083+00:00,DEV_0425,brute_force,brute_force,brute_force,Rule Override: failed_auth_count_5min > 30
b84e23f8-80b3-4be7-8ca9-dd0763e10508,2026-05-27 21:49:28.364307+00:00,DEV_0425,brute_force,brute_force,brute_force,Rule Override: failed_auth_count_5min > 30
4741878d-e9fc-40ab-8a32-49ba17b5a98e,2026-05-27 21:49:28.649145+00:00,DEV_0425,brute_force,brute_force,brute_force,Rule Override: failed_auth_count_5min > 30
418824fa-2db4-4c16-9f25-3c31f1f98d50,2026-05-27 21:49:29.436336+00:00,DEV_0425,brute_force,brute_force,brute_force,Rule Override: failed_auth_count_5min > 30
7b7a1016-763e-4d5b-b3e5-ae96811efbc9,2026-05-27 21:49:30.969082+00:00,DEV_0425,brute_force,brute_force,brute_force,Rule Override: failed_auth_count_5min > 30
9962dd54-bd0d-4ebe-b928-c2a5df3ec784,2026-05-27 21:49:30.970368+00:00,DEV_0425,brute_force,brute_force,brute_force,Rule Override: failed_auth_count_5min > 30
5679ee86-580e-4065-9574-9f0d32f3222c,2026-05-27 21:49:36.400494+00:00,DEV_0425,brute_force,brute_force,brute_force,Rule Override: failed_auth_count_5min > 30
1138d45f-c367-43f7-90e8-08cc68376077,2026-05-27 21:49:36.510696+00:00,DEV_0425,brute_force,brute_force,brute_force,Rule Override: failed_auth_count_5min > 30
b625f2f1-ac4d-4d9f-9a1d-5098fa63f48d,2026-05-27 21:49:36.684029+00:00,DEV_0425,brute_force,brute_force,brute_force,Rule Override: failed_auth_count_5min > 30
8eaf31a1-012d-43e4-9ea7-d800c1781241,2026-05-27 21:49:36.752739+00:00,DEV_0425,brute_force,brute_force,brute_force,Rule Override: failed_auth_count_5min > 30
525cd3c0-79e9-4d2b-8fb5-1be4e9dda2de,2026-05-27 21:49:37.933782+00:00,DEV_0425,brute_force,brute_force,brute_force,Rule Override: failed_auth_count_5min > 30
4af7b1fe-c76a-410f-bd67-a178fa3425f0,2026-05-27 21:49:40.601739+00:00,DEV_0425,brute_force,brute_force,brute_force,Rule Override: failed_auth_count_5min > 30
5f0f8119-8236-4ece-9f12-2c324b7ceeba,2026-05-27 21:49:40.656157+00:00,DEV_0425,brute_force,brute_force,brute_force,Rule Override: failed_auth_count_5min > 30
8a78ba7a-ba0b-4564-8cdd-01242d7236ab,2026-05-27 21:49:41.530467+00:00,DEV_0425,brute_force,brute_force,brute_force,Rule Override: failed_auth_count_5min > 30
83a2d0ca-b698-44dd-a2b6-8714ac68494f,2026-05-27 21:49:43.091815+00:00,DEV_0425,brute_force,brute_force,brute_force,Rule Override: failed_auth_count_5min > 30
c6a98e0e-2484-4769-86d0-c64b61e88736,2026-05-27 21:49:43.685956+00:00,DEV_0425,brute_force,brute_force,brute_force,Rule Override: failed_auth_count_5min > 30
b33c2001-e544-4be1-91ad-dd4bf6041bd8,2026-05-27 21:49:45.788890+00:00,DEV_0425,brute_force,brute_force,brute_force,Rule Override: failed_auth_count_5min > 30
bc709b1f-e699-43fd-859d-a8ed2862c6bd,2026-05-27 21:49:48.364908+00:00,DEV_0425,brute_force,brute_force,brute_force,Rule Override: failed_auth_count_5min > 30
cd1bfaba-7577-431b-aa3d-77ab4de76d08,2026-05-27 21:49:48.676653+00:00,DEV_0425,brute_force,brute_force,brute_force,Rule Override: failed_auth_count_5min > 30
fbd9240c-03eb-496c-b816-05c21517e7e2,2026-05-27 21:49:50.679703+00:00,DEV_0425,brute_force,brute_force,brute_force,Rule Override: failed_auth_count_5min > 30
d0d3393f-f631-4ef3-bc29-d00b483dad38,2026-05-27 21:49:52.743890+00:00,DEV_0425,brute_force,brute_force,brute_force,Rule Override: failed_auth_count_5min > 30
72aebe41-afe0-4a68-b8ed-757aaf0abdb7,2026-05-27 21:49:57.964523+00:00,DEV_0425,brute_force,brute_force,brute_force,Rule Override: failed_auth_count_5min > 30
afd6962a-9408-45b8-b949-457dc4d4bd16,2026-05-27 21:49:58.364500+00:00,DEV_0425,brute_force,brute_force,brute_force,Rule Override: failed_auth_count_5min > 30
a60b92e6-9aa6-4efd-923c-30ee05cccd6a,2026-05-27 21:50:05.258118+00:00,DEV_0425,brute_force,brute_force,brute_force,Rule Override: failed_auth_count_5min > 30
4894e8c4-5725-4d36-b745-113c444a9cb6,2026-05-27 21:50:06.768666+00:00,DEV_0425,brute_force,brute_force,brute_force,Rule Override: failed_auth_count_5min > 30
43c6b4f4-ddda-4719-99ff-e1434fd873bf,2026-05-27 21:50:09.463962+00:00,DEV_0425,brute_force,brute_force,brute_force,Rule Override: failed_auth_count_5min > 30
94dbcaed-ae59-42c3-9b7e-ce8b04301545,2026-05-27 21:50:11.596473+00:00,DEV_0425,brute_force,brute_force,brute_force,Rule Override: failed_auth_count_5min > 30
2724099c-8863-47be-9bbe-735e07d426ef,2026-05-27 21:50:14.804381+00:00,DEV_0425,brute_force,brute_force,brute_force,Rule Override: failed_auth_count_5min > 30
326bf04e-7416-4e64-8de7-f8807ec73b73,2026-05-27 21:50:15.654996+00:00,DEV_0425,brute_force,brute_force,brute_force,Rule Override: failed_auth_count_5min > 30
cdcf7b71-7656-4b8d-9527-2e442b4e9f74,2026-05-27 21:50:16.867697+00:00,DEV_0425,brute_force,brute_force,brute_force,Rule Override: failed_auth_count_5min > 30
49bf519c-1721-4b2d-b7ba-4ca8cf033a60,2026-05-27 21:50:19.137260+00:00,DEV_0425,brute_force,brute_force,brute_force,Rule Override: failed_auth_count_5min > 30
c58ba486-92b9-4c59-9626-0ed10c07ec16,2026-05-27 21:50:19.642290+00:00,DEV_0425,brute_force,brute_force,brute_force,Rule Override: failed_auth_count_5min > 30
b7abc251-ce4b-44cf-8253-9407da633274,2026-05-27 21:50:22.236246+00:00,DEV_0425,brute_force,brute_force,brute_force,Rule Override: failed_auth_count_5min > 30
24c5739d-0770-48be-a6d4-307d8f378d9d,2026-05-27 21:50:26.944384+00:00,DEV_0425,brute_force,brute_force,brute_force,Rule Override: failed_auth_count_5min > 30
9bf6bf4d-7ec0-4a91-b685-1871ede38d90,2026-05-27 21:50:32.272290+00:00,DEV_0425,brute_force,brute_force,brute_force,Rule Override: failed_auth_count_5min > 30
7ff88bed-cee9-4406-92c0-7abe1fa6c126,2026-05-27 22:06:36+00:00,SRV_0293,device_spoofing,device_spoofing,device_spoofing,XGBoost ML Classifier
0e6b10aa-20c2-4a4a-bdfe-419761a68ce2,2026-05-27 22:19:34+00:00,SRV_0697,impossible_travel,impossible_travel,impossible_travel,Rule Override: geo_velocity_kmh > 900 km/h AND geo_distance > 500 km
c78cf090-01c6-457b-9112-922b9a9af6e0,2026-05-27 22:33:28+00:00,SRV_0936,normal,unknown,unknown,XGBoost ML Classifier
02bdf82d-d546-4549-9ef5-adbe603bd563,2026-05-27 23:59:24+00:00,SRV_0358,normal,unknown,unknown,XGBoost ML Classifier
86903abf-2541-4570-947a-a09a24f85f6d,2026-05-27 23:59:24+00:00,SRV_0202,normal,unknown,unknown,XGBoost ML Classifier
5656ef87-2346-4e16-a53b-916c7a1fe43a,2026-05-28 00:05:45+00:00,DEV_0368,normal,unknown,unknown,XGBoost ML Classifier
12422d0e-81bb-49ff-90ef-00559733790b,2026-05-28 00:08:00+00:00,DEV_0177,impossible_travel,impossible_travel,impossible_travel,Rule Override: geo_velocity_kmh > 900 km/h AND geo_distance > 500 km
82c6d2b4-b2c6-4585-9e8b-bfd2e35b4861,2026-05-28 00:13:00+00:00,SRV_0058,impossible_travel,impossible_travel,impossible_travel,Rule Override: geo_velocity_kmh > 900 km/h AND geo_distance > 500 km
7018948f-418d-4a4e-a941-28347d684fd0,2026-05-28 00:36:40+00:00,SRV_0086,impossible_travel,impossible_travel,impossible_travel,Rule Override: geo_velocity_kmh > 900 km/h AND geo_distance > 500 km
c9d555a7-cddc-470c-9d12-418b136cdf4c,2026-05-28 00:58:55+00:00,SRV_0670,normal,unknown,unknown,XGBoost ML Classifier
87506949-b22d-4130-84fd-ca670b566904,2026-05-28 01:04:23+00:00,USR_0978,low_slow_exfil,low_slow_exfil,low_slow_exfil,XGBoost ML Classifier
94a76c4d-af25-4f4a-9177-6647f6d889ca,2026-05-28 01:16:53+00:00,USR_0415,low_slow_exfil,low_slow_exfil,low_slow_exfil,XGBoost ML Classifier
564f55c3-adad-4ad3-afa9-2f7bfa501d88,2026-05-28 01:28:37+00:00,DEV_0009,normal,unknown,unknown,XGBoost ML Classifier
bbe605ac-6b15-4efc-8468-436877686105,2026-05-28 01:32:42+00:00,USR_0351,low_slow_exfil,low_slow_exfil,low_slow_exfil,XGBoost ML Classifier
aba4ad41-bc72-49b2-9c15-f58e4274bdbe,2026-05-28 01:33:19+00:00,USR_0942,low_slow_exfil,low_slow_exfil,low_slow_exfil,XGBoost ML Classifier
e3a63db4-bc31-4bd8-9d54-a328728814ce,2026-05-28 01:34:32+00:00,USR_0172,low_slow_exfil,low_slow_exfil,low_slow_exfil,XGBoost ML Classifier
3200a2ac-e24a-424b-a478-909e69e782e6,2026-05-28 01:35:02+00:00,DEV_0332,normal,unknown,unknown,XGBoost ML Classifier
68eec99c-c8c3-47cd-8d32-ef9fd935a4b8,2026-05-28 01:40:13+00:00,USR_0172,low_slow_exfil,low_slow_exfil,low_slow_exfil,XGBoost ML Classifier
7426491b-2b0a-4ada-be64-7949c923e425,2026-05-28 01:43:51+00:00,USR_0331,low_slow_exfil,low_slow_exfil,low_slow_exfil,XGBoost ML Classifier
6008f361-5692-4953-bba2-ea0d434f9974,2026-05-28 01:56:28+00:00,USR_0119,low_slow_exfil,low_slow_exfil,low_slow_exfil,XGBoost ML Classifier
1bd8142e-cc9e-4351-80cc-cf06c03c0337,2026-05-28 01:59:53+00:00,USR_0351,low_slow_exfil,low_slow_exfil,low_slow_exfil,XGBoost ML Classifier
e4bc6e32-1aef-465e-afa6-13b0d484c05d,2026-05-28 02:05:06+00:00,USR_0331,low_slow_exfil,low_slow_exfil,low_slow_exfil,XGBoost ML Classifier
238f1d88-c826-41b4-a009-7e522103fb7c,2026-05-28 02:06:55+00:00,SRV_0480,normal,unknown,unknown,XGBoost ML Classifier
33dcadeb-9212-4f49-bc51-cbfabece5f29,2026-05-28 02:29:01+00:00,USR_0172,low_slow_exfil,low_slow_exfil,low_slow_exfil,XGBoost ML Classifier
b52cd1ee-9667-4a79-ad2e-f785db40332b,2026-05-28 02:43:32+00:00,USR_0499,low_slow_exfil,low_slow_exfil,low_slow_exfil,XGBoost ML Classifier
cffe45c2-162a-4de4-9714-7c6649a06ba1,2026-05-28 03:02:39+00:00,USR_0331,low_slow_exfil,low_slow_exfil,low_slow_exfil,XGBoost ML Classifier
2a05d519-4728-4e63-8d85-7b3421b9d2e7,2026-05-28 03:06:51+00:00,USR_0331,low_slow_exfil,low_slow_exfil,low_slow_exfil,XGBoost ML Classifier
8b8ffa5e-b4e0-4ac5-8d6c-b8b509d5828f,2026-05-28 03:19:54+00:00,SRV_0058,normal,unknown,unknown,XGBoost ML Classifier
97de3ebc-19ae-438f-973b-31d923906aba,2026-05-28 03:27:51+00:00,USR_0830,low_slow_exfil,low_slow_exfil,low_slow_exfil,XGBoost ML Classifier
448208c2-92eb-4c69-8589-703949a2073a,2026-05-28 03:30:07+00:00,USR_0044,low_slow_exfil,low_slow_exfil,low_slow_exfil,XGBoost ML Classifier
2f947904-a20f-496d-91b6-20218227b1d8,2026-05-28 03:30:48+00:00,USR_0288,low_slow_exfil,low_slow_exfil,low_slow_exfil,XGBoost ML Classifier
b9791d83-d040-49f2-a06e-4c95ee1c9fdb,2026-05-28 03:43:18+00:00,USR_0830,low_slow_exfil,low_slow_exfil,low_slow_exfil,XGBoost ML Classifier
3bd9cef6-8a26-4638-a7a5-b85e272b43cd,2026-05-28 03:44:22+00:00,SRV_0156,normal,unknown,unknown,XGBoost ML Classifier
2d90ee7f-7218-4e7a-a3b0-a63916168f4b,2026-05-28 03:45:07+00:00,USR_0206,low_slow_exfil,low_slow_exfil,low_slow_exfil,XGBoost ML Classifier
e900d52a-be95-469e-8ce8-dcb00fcd73cc,2026-05-28 03:46:05+00:00,SRV_0058,normal,unknown,unknown,XGBoost ML Classifier
621694ce-6d64-4e81-832b-424c9edc9aec,2026-05-28 03:47:25+00:00,USR_0062,low_slow_exfil,low_slow_exfil,low_slow_exfil,XGBoost ML Classifier
b31c5a1c-5bd3-4045-8308-c15dd2848e1b,2026-05-28 04:42:44+00:00,DEV_0164,normal,unknown,unknown,XGBoost ML Classifier
a0cd2e99-f14c-4b5d-b7d3-aea765fde626,2026-05-28 05:03:49+00:00,USR_0194,normal,unknown,insider_drift,XGBoost ML Classifier
3a959e5f-e670-41a1-92f6-bfbe584a7415,2026-05-28 05:41:04.662047+00:00,DEV_0526,lateral_movement,lateral_movement,unknown,XGBoost ML Classifier
0f4c431d-f0ae-4aec-8d71-b5df02f18cc0,2026-05-28 05:42:20.961211+00:00,DEV_0526,lateral_movement,lateral_movement,lateral_movement,XGBoost ML Classifier
41e59479-ce7a-4bd5-863c-2c6d737f2b7d,2026-05-28 05:42:58.717060+00:00,DEV_0526,lateral_movement,lateral_movement,lateral_movement,XGBoost ML Classifier
0b331dfc-ace0-4f39-b924-29555525e145,2026-05-28 05:44:01.481397+00:00,DEV_0526,lateral_movement,lateral_movement,lateral_movement,XGBoost ML Classifier
b945a9dd-90f0-4967-8b5f-e1c6acf4755f,2026-05-28 06:30:57+00:00,SRV_0228,normal,unknown,unknown,XGBoost ML Classifier
4277e541-f9d0-43b4-8b4d-157bfd75108c,2026-05-28 06:33:06+00:00,SRV_0153,normal,unknown,unknown,XGBoost ML Classifier
469ee266-730e-458a-afa1-de81aa968dec,2026-05-28 06:57:11+00:00,USR_0491,impossible_travel,impossible_travel,impossible_travel,Rule Override: geo_velocity_kmh > 900 km/h AND geo_distance > 500 km
4818519e-a150-46fb-a609-ab13b7e9baee,2026-05-28 07:48:33+00:00,DEV_0429,normal,unknown,unknown,XGBoost ML Classifier
de4b33ac-b4db-464d-8351-e3a52d441ba4,2026-05-28 07:50:01+00:00,SRV_0728,normal,unknown,unknown,XGBoost ML Classifier
7354262a-cfb2-4764-8497-5be0af07d7f5,2026-05-28 08:55:23+00:00,DEV_0009,normal,unknown,unknown,XGBoost ML Classifier
5d974dd7-e87d-47b4-b313-2e74d531fe97,2026-05-28 09:24:42+00:00,USR_0928,normal,unknown,unknown,XGBoost ML Classifier
bbc360c5-7556-4289-8486-eead64e04b6e,2026-05-28 09:32:25+00:00,USR_0347,normal,unknown,unknown,XGBoost ML Classifier
63c5fe54-01e7-4716-aa30-0ff7f1750375,2026-05-28 09:57:03+00:00,DEV_0135,normal,unknown,unknown,XGBoost ML Classifier
e4270651-15ea-463c-886e-0ac8c30f1ae2,2026-05-28 09:58:49+00:00,USR_0565,impossible_travel,impossible_travel,impossible_travel,Rule Override: geo_velocity_kmh > 900 km/h AND geo_distance > 500 km
a498a663-2a67-4ee7-873d-3688c1f474c9,2026-05-28 10:01:47+00:00,SRV_0728,normal,unknown,unknown,XGBoost ML Classifier
93a0ff02-b9e2-4769-9133-12b172546d34,2026-05-28 10:02:05+00:00,SRV_0457,normal,unknown,unknown,XGBoost ML Classifier
f3b200e7-2547-4e88-9c99-ca41c3373eb7,2026-05-28 10:17:10.263351+00:00,USR_0660,lateral_movement,lateral_movement,lateral_movement,XGBoost ML Classifier
dfcb402c-1fd8-46b2-b9db-f4f12c91bc18,2026-05-28 10:23:53+00:00,SRV_0936,normal,unknown,unknown,XGBoost ML Classifier
486bb671-fb42-4edf-a7fd-eac02d41f3f3,2026-05-28 10:42:08+00:00,USR_0643,impossible_travel,impossible_travel,impossible_travel,Rule Override: geo_velocity_kmh > 900 km/h AND geo_distance > 500 km
ed6db222-4989-44c9-86aa-2abebfd4e7a1,2026-05-28 10:42:51+00:00,USR_0488,normal,unknown,unknown,XGBoost ML Classifier
c9b27870-c59c-4682-9ba5-bbdd5567cc02,2026-05-28 11:22:54+00:00,DEV_0212,normal,unknown,unknown,XGBoost ML Classifier
efa15e9c-a03a-4909-9cea-235ca41b811d,2026-05-28 11:23:13+00:00,USR_0940,normal,unknown,unknown,XGBoost ML Classifier
915c9452-9444-4b67-ac70-b94876685347,2026-05-28 11:33:52+00:00,USR_0639,impossible_travel,impossible_travel,impossible_travel,Rule Override: geo_velocity_kmh > 900 km/h AND geo_distance > 500 km
8c3e6a2e-fff5-4bb9-a28b-604f65a7b601,2026-05-28 11:54:11+00:00,USR_0459,impossible_travel,impossible_travel,impossible_travel,Rule Override: geo_velocity_kmh > 900 km/h AND geo_distance > 500 km
8617949d-a744-4c01-ba30-4e06a7c93b2a,2026-05-28 11:57:56+00:00,USR_0057,impossible_travel,impossible_travel,impossible_travel,Rule Override: geo_velocity_kmh > 900 km/h AND geo_distance > 500 km
e2b042e6-a062-4576-ae07-8a60f09d3f90,2026-05-28 12:12:01+00:00,USR_0680,insider_drift,insider_drift,insider_drift,XGBoost ML Classifier
f2786517-684f-4937-b828-c817ef3af7f4,2026-05-28 12:14:47+00:00,SRV_0018,normal,unknown,unknown,XGBoost ML Classifier
e9d4de93-c46f-44d5-a84e-d36f4c277f80,2026-05-28 12:17:17+00:00,USR_0221,impossible_travel,impossible_travel,impossible_travel,Rule Override: geo_velocity_kmh > 900 km/h AND geo_distance > 500 km
a481081e-303e-4a01-a7a9-b1d2bdc7e5bb,2026-05-28 12:22:21+00:00,USR_0165,impossible_travel,impossible_travel,impossible_travel,Rule Override: geo_velocity_kmh > 900 km/h AND geo_distance > 500 km
e997f9e4-22ce-4002-a960-26a393b9d6d9,2026-05-28 12:38:03+00:00,USR_0381,impossible_travel,impossible_travel,impossible_travel,Rule Override: geo_velocity_kmh > 900 km/h AND geo_distance > 500 km
2a567758-b8e4-47e4-aec5-bb125e01be5a,2026-05-28 12:42:59+00:00,USR_0789,normal,unknown,insider_drift,XGBoost ML Classifier
1328872f-ffa9-47e3-a9aa-31a45a92fff4,2026-05-28 12:44:27+00:00,USR_0959,impossible_travel,impossible_travel,impossible_travel,Rule Override: geo_velocity_kmh > 900 km/h AND geo_distance > 500 km
0a88af9d-ae27-4d9e-9ab5-8c2ebca2e26d,2026-05-28 12:58:32+00:00,SRV_0819,normal,unknown,unknown,XGBoost ML Classifier
48180fb6-3fe7-444a-8ffc-88f2ba76b172,2026-05-28 13:01:58+00:00,USR_0112,impossible_travel,impossible_travel,impossible_travel,Rule Override: geo_velocity_kmh > 900 km/h AND geo_distance > 500 km
419916ac-cd2b-4377-81e2-0fbd9794a7ea,2026-05-28 13:08:30+00:00,DEV_0632,normal,unknown,unknown,XGBoost ML Classifier
457641fa-bb80-4d06-bb50-350c28d05b19,2026-05-28 13:11:14+00:00,USR_0673,normal,unknown,insider_drift,XGBoost ML Classifier
516a524f-969f-4105-8c56-8862382cf0d7,2026-05-28 13:22:24+00:00,DEV_0286,impossible_travel,impossible_travel,impossible_travel,Rule Override: geo_velocity_kmh > 900 km/h AND geo_distance > 500 km
f63d01b1-0e25-4cef-b1af-ca89b6c91370,2026-05-28 13:30:31+00:00,USR_0140,normal,unknown,insider_drift,XGBoost ML Classifier
bee603fd-2253-44d7-bfb2-6483c2556296,2026-05-28 13:35:17+00:00,USR_0454,normal,unknown,insider_drift,XGBoost ML Classifier
fb96960a-858b-413b-bf1c-0bb3def03d27,2026-05-28 13:43:31+00:00,DEV_0669,normal,unknown,unknown,XGBoost ML Classifier
4104308b-372e-4bd4-9dc9-cdde201bc853,2026-05-28 13:46:26+00:00,USR_0172,impossible_travel,impossible_travel,impossible_travel,Rule Override: geo_velocity_kmh > 900 km/h AND geo_distance > 500 km
a16497de-e327-410b-b6cd-30f6970802bc,2026-05-28 13:50:53+00:00,USR_0821,impossible_travel,impossible_travel,impossible_travel,Rule Override: geo_velocity_kmh > 900 km/h AND geo_distance > 500 km
aa5ded91-c263-457e-b409-9c9de82ac46b,2026-05-28 13:52:06+00:00,DEV_0279,normal,unknown,unknown,XGBoost ML Classifier
9618284e-50fa-4b9f-b954-e9e6a048239e,2026-05-28 14:21:59+00:00,USR_0204,normal,unknown,unknown,XGBoost ML Classifier
d5d22c41-2522-40c7-ae8a-26e9671b7796,2026-05-28 14:30:08+00:00,USR_0561,impossible_travel,impossible_travel,impossible_travel,Rule Override: geo_velocity_kmh > 900 km/h AND geo_distance > 500 km
bf6a641c-c642-4ba3-a96d-20624dabeffe,2026-05-28 14:31:35+00:00,USR_0220,insider_drift,insider_drift,insider_drift,XGBoost ML Classifier
5b32a4e1-eda3-4b8a-ac78-5fb77a099aef,2026-05-28 14:32:21+00:00,USR_0665,normal,unknown,unknown,XGBoost ML Classifier
8b5a4de9-562f-4e03-9fea-e0e5c977b965,2026-05-28 14:37:26+00:00,USR_0203,impossible_travel,impossible_travel,impossible_travel,Rule Override: geo_velocity_kmh > 900 km/h AND geo_distance > 500 km
e0b29669-d02a-4dd0-86e5-eee3edc53197,2026-05-28 14:41:21+00:00,DEV_0420,normal,unknown,unknown,XGBoost ML Classifier
08ea3551-3061-4f49-93f1-38d4a284ec29,2026-05-28 14:55:20+00:00,SRV_0538,normal,unknown,unknown,XGBoost ML Classifier
ca25788e-d33a-409a-b2b6-e0224819c2a2,2026-05-28 15:04:18+00:00,USR_0544,impossible_travel,impossible_travel,impossible_travel,Rule Override: geo_velocity_kmh > 900 km/h AND geo_distance > 500 km
ea58d51e-86bd-4abe-b928-081af3c6f7ce,2026-05-28 15:05:17+00:00,USR_0224,impossible_travel,impossible_travel,impossible_travel,Rule Override: geo_velocity_kmh > 900 km/h AND geo_distance > 500 km
34900f62-f8e8-4638-b873-38303ae10b23,2026-05-28 15:14:28+00:00,SRV_0963,normal,unknown,unknown,XGBoost ML Classifier
1f3ebefe-1403-4af6-8224-b78e4ffc476d,2026-05-28 15:52:40+00:00,USR_0042,normal,unknown,unknown,XGBoost ML Classifier
0e13bb9f-63a0-4661-8e16-5453cdc80837,2026-05-28 15:55:52+00:00,USR_0578,impossible_travel,impossible_travel,impossible_travel,Rule Override: geo_velocity_kmh > 900 km/h AND geo_distance > 500 km
0405106d-2ebd-496d-b728-3bc8e993ce50,2026-05-28 16:04:43+00:00,SRV_0966,normal,unknown,unknown,XGBoost ML Classifier
e7fc0339-8bd4-46f3-9ee2-0872348dcd3a,2026-05-28 16:29:43+00:00,SRV_0697,normal,unknown,unknown,XGBoost ML Classifier
c7643b12-246e-412e-879e-4ce2864486a2,2026-05-28 16:42:48+00:00,SRV_0207,normal,unknown,unknown,XGBoost ML Classifier
a9cb9d54-bb0f-4d8c-b8be-14f4804d608f,2026-05-28 16:46:04+00:00,USR_0110,impossible_travel,impossible_travel,impossible_travel,Rule Override: geo_velocity_kmh > 900 km/h AND geo_distance > 500 km
ec358150-aac1-4735-9afc-016da989aac5,2026-05-28 16:56:52+00:00,SRV_0841,normal,unknown,unknown,XGBoost ML Classifier
d8b92d48-c5a4-4315-b011-ceb18393d83d,2026-05-28 16:59:05+00:00,USR_0972,impossible_travel,impossible_travel,impossible_travel,Rule Override: geo_velocity_kmh > 900 km/h AND geo_distance > 500 km
544fcd2e-60e9-44f4-8868-3b7b1a96fe1c,2026-05-28 17:19:26+00:00,USR_0132,normal,unknown,unknown,XGBoost ML Classifier
5513f2a8-caba-4354-b87d-f9cd6473ce7e,2026-05-28 17:26:25+00:00,DEV_0974,impossible_travel,impossible_travel,impossible_travel,Rule Override: geo_velocity_kmh > 900 km/h AND geo_distance > 500 km
6ead5715-487a-466d-97ed-a150630569b3,2026-05-28 17:40:48+00:00,DEV_0837,normal,unknown,unknown,XGBoost ML Classifier
10e99cca-b185-4717-a5e1-600fc0e6835d,2026-05-28 17:44:16+00:00,DEV_0394,normal,unknown,unknown,XGBoost ML Classifier
368b7535-b937-49b6-856f-14521e9c9441,2026-05-28 18:09:59+00:00,USR_0846,insider_drift,insider_drift,insider_drift,XGBoost ML Classifier
ec192929-87a8-42aa-93ec-3f2527ebce2d,2026-05-28 18:21:16+00:00,USR_0027,normal,unknown,unknown,XGBoost ML Classifier
5130e598-6806-47cb-b2d0-4648f37a669a,2026-05-28 18:27:03+00:00,DEV_0444,normal,unknown,unknown,XGBoost ML Classifier
2c45662c-21c9-4981-b321-ce26c233deb3,2026-05-28 19:05:13+00:00,DEV_0664,normal,unknown,unknown,XGBoost ML Classifier
b3c30622-7da7-482b-b600-76a3420e33a2,2026-05-28 19:21:34.519576+00:00,USR_0436,lateral_movement,lateral_movement,unknown,XGBoost ML Classifier
d8748e35-9d68-4529-ba49-7133060d479d,2026-05-28 19:21:51.102167+00:00,USR_0436,lateral_movement,lateral_movement,lateral_movement,XGBoost ML Classifier
e72d8978-c67c-46de-8dc5-d92747421f04,2026-05-28 19:21:53.984312+00:00,USR_0436,lateral_movement,lateral_movement,lateral_movement,XGBoost ML Classifier
83211423-e59e-4f70-9a5d-f2a2ca27c757,2026-05-28 19:24:07.911845+00:00,USR_0436,lateral_movement,lateral_movement,lateral_movement,XGBoost ML Classifier
d3797f8d-158a-43ff-9a03-5db8216b97d0,2026-05-28 19:27:07.495108+00:00,USR_0436,lateral_movement,lateral_movement,lateral_movement,XGBoost ML Classifier
95c8e7bd-2fb7-4d46-8e5b-7c3aa3c976a4,2026-05-28 20:06:45+00:00,SRV_0129,normal,unknown,unknown,XGBoost ML Classifier
b8658779-9213-44a4-9fea-8a76653d12b3,2026-05-28 20:12:32+00:00,USR_0654,impossible_travel,impossible_travel,impossible_travel,Rule Override: geo_velocity_kmh > 900 km/h AND geo_distance > 500 km
38d47b4c-7b0f-4af5-8cfe-5290a40246f4,2026-05-28 20:46:35+00:00,SRV_0079,normal,unknown,unknown,XGBoost ML Classifier
a628aeef-2ceb-4d9d-8715-9800ea981749,2026-05-28 21:07:53+00:00,DEV_0416,normal,unknown,unknown,XGBoost ML Classifier
a702850f-aece-4552-8e10-b2d6f8fb22a9,2026-05-28 21:26:32+00:00,SRV_0477,normal,unknown,unknown,XGBoost ML Classifier
0145e76e-27d8-46b7-b7ca-723cce3feb91,2026-05-28 22:01:57+00:00,DEV_0848,normal,unknown,unknown,XGBoost ML Classifier
e7ceaf15-5459-487c-9e99-d72884f0de4e,2026-05-28 22:11:18+00:00,DEV_0685,normal,unknown,unknown,XGBoost ML Classifier
f817904c-7b73-46c8-8345-62f04bcd1689,2026-05-28 23:59:24+00:00,SRV_0702,normal,unknown,unknown,XGBoost ML Classifier
dfff0b3e-0275-4dde-a2bf-5035ed1d1836,2026-05-28 23:59:24+00:00,DEV_0260,normal,unknown,unknown,XGBoost ML Classifier
926bc7b8-bd22-45bb-b9e7-b34c1558df61,2026-05-28 23:59:25.801000+00:00,DEV_0862,normal,unknown,unknown,XGBoost ML Classifier
2f2130b6-249d-49fe-bfd9-3fa52cbdc04b,2026-05-28 23:59:26.297000+00:00,DEV_0420,normal,unknown,unknown,XGBoost ML Classifier
c9f0ffda-7856-402b-aa6e-c9b92a5e6aa8,2026-05-29 00:00:00+00:00,SRV_0621,normal,unknown,unknown,XGBoost ML Classifier
94e686f2-23b4-4469-979a-6ae21fb6db73,2026-05-29 00:00:00+00:00,DEV_0664,normal,unknown,unknown,XGBoost ML Classifier
ffba9431-8abb-4cac-a8d9-d81a038e7e93,2026-05-29 00:00:00+00:00,SRV_0283,normal,unknown,unknown,XGBoost ML Classifier
bf2d2f7c-0312-4401-b730-95a8d320b08c,2026-05-29 00:00:00+00:00,DEV_0384,normal,unknown,unknown,XGBoost ML Classifier
10a2d8b7-839a-4437-8b47-4434a42ae66a,2026-05-29 00:00:00.852000+00:00,SRV_0645,normal,unknown,unknown,XGBoost ML Classifier
f438b331-487d-47de-a82e-481d321e7984,2026-05-29 00:00:02.275000+00:00,SRV_0645,normal,unknown,unknown,XGBoost ML Classifier
28dc6bbf-c29f-4080-827c-705a4ec13eb5,2026-05-29 00:00:03.577000+00:00,DEV_0260,normal,unknown,unknown,XGBoost ML Classifier
f47239d2-4c4b-437f-bac8-492958ee0fee,2026-05-29 00:00:04.289000+00:00,DEV_0676,normal,unknown,unknown,XGBoost ML Classifier
acf231fb-0e83-4b7c-9377-91839a26c7d4,2026-05-29 00:13:24+00:00,SRV_0709,impossible_travel,impossible_travel,impossible_travel,Rule Override: geo_velocity_kmh > 900 km/h AND geo_distance > 500 km
81294f74-abdd-44fc-af5e-1dd6619dbaf0,2026-05-29 00:17:24+00:00,DEV_0711,impossible_travel,impossible_travel,impossible_travel,Rule Override: geo_velocity_kmh > 900 km/h AND geo_distance > 500 km
1fb7d89b-60d3-4be1-b7bc-bd0242472c34,2026-05-29 01:07:55+00:00,USR_0172,low_slow_exfil,low_slow_exfil,low_slow_exfil,XGBoost ML Classifier
bedc4370-0edc-4ad7-8643-c3ce1fce9680,2026-05-29 01:11:06+00:00,USR_0288,low_slow_exfil,low_slow_exfil,low_slow_exfil,XGBoost ML Classifier
4ca5fac7-5199-48c5-9edf-dfa88172cdfa,2026-05-29 01:14:33+00:00,USR_0331,low_slow_exfil,low_slow_exfil,low_slow_exfil,XGBoost ML Classifier
d10525d6-62fe-4b66-9186-8958a11268ed,2026-05-29 01:14:46+00:00,USR_0351,low_slow_exfil,low_slow_exfil,low_slow_exfil,XGBoost ML Classifier
7af37741-5ccd-4443-9605-97b9a16f9cc2,2026-05-29 01:22:22+00:00,USR_0978,low_slow_exfil,low_slow_exfil,low_slow_exfil,XGBoost ML Classifier
14a10018-d3c1-4eb0-b8c2-cb9545e433c1,2026-05-29 01:22:57+00:00,USR_0502,low_slow_exfil,low_slow_exfil,low_slow_exfil,XGBoost ML Classifier
d5452b8f-35cc-47ea-ac7d-1d861273bd1b,2026-05-29 01:33:03+00:00,USR_0830,low_slow_exfil,low_slow_exfil,low_slow_exfil,XGBoost ML Classifier
c23bc5e1-361b-4f96-a020-dd5ba3a2802c,2026-05-29 01:37:14+00:00,USR_0331,low_slow_exfil,low_slow_exfil,low_slow_exfil,XGBoost ML Classifier
626df1dd-32de-4bea-9242-7439395a4b36,2026-05-29 01:38:17+00:00,USR_0502,low_slow_exfil,low_slow_exfil,low_slow_exfil,XGBoost ML Classifier
efe43bac-781a-426b-8108-eae80fd1697c,2026-05-29 02:04:10+00:00,USR_0949,low_slow_exfil,low_slow_exfil,low_slow_exfil,XGBoost ML Classifier
8ab54489-8361-4383-8d95-355db63c6e45,2026-05-29 02:05:02+00:00,DEV_0294,normal,unknown,unknown,XGBoost ML Classifier
3a1887ac-5362-4c17-862f-53e0e409584f,2026-05-29 02:12:44+00:00,USR_0172,low_slow_exfil,low_slow_exfil,low_slow_exfil,XGBoost ML Classifier
aeeaa0dc-eb1e-4a08-9359-3585b66103a5,2026-05-29 02:15:03+00:00,USR_0307,low_slow_exfil,low_slow_exfil,low_slow_exfil,XGBoost ML Classifier
5d90c709-5ad1-43cb-aa13-232ccca152cf,2026-05-29 02:28:37+00:00,USR_0346,low_slow_exfil,low_slow_exfil,low_slow_exfil,XGBoost ML Classifier
635fb4c0-e5b2-477d-8c72-7c5177627ffa,2026-05-29 02:28:50+00:00,USR_0415,low_slow_exfil,low_slow_exfil,low_slow_exfil,XGBoost ML Classifier
41bea594-5689-46cf-babe-0172de214daf,2026-05-29 02:30:45+00:00,USR_0206,low_slow_exfil,low_slow_exfil,low_slow_exfil,XGBoost ML Classifier
267721a7-f677-496b-8b67-cec9a54b11c7,2026-05-29 02:46:40+00:00,USR_0942,low_slow_exfil,low_slow_exfil,low_slow_exfil,XGBoost ML Classifier
a3910df7-9010-48a6-b0b3-d3d56b2a7448,2026-05-29 03:10:49+00:00,USR_0172,low_slow_exfil,low_slow_exfil,low_slow_exfil,XGBoost ML Classifier
4b61e4f9-eefa-4bb3-8967-a59a6816f3b4,2026-05-29 03:16:49+00:00,USR_0062,low_slow_exfil,low_slow_exfil,low_slow_exfil,XGBoost ML Classifier
921786c0-68d4-4aef-8dfc-a852d2cc327b,2026-05-29 03:21:59+00:00,SRV_0630,normal,unknown,unknown,XGBoost ML Classifier
504d85e1-6937-4823-b5b8-74efcae876ee,2026-05-29 03:24:40+00:00,USR_0331,low_slow_exfil,low_slow_exfil,low_slow_exfil,XGBoost ML Classifier
2bba6647-f403-4939-9e7b-bc04b6e870dc,2026-05-29 03:26:44+00:00,USR_0351,low_slow_exfil,low_slow_exfil,low_slow_exfil,XGBoost ML Classifier
57a4344e-600a-4a12-aa89-70af8bdfa526,2026-05-29 03:32:05+00:00,USR_0942,low_slow_exfil,low_slow_exfil,low_slow_exfil,XGBoost ML Classifier
9f678bcd-b029-42dc-8702-a8d1cfec790f,2026-05-29 03:37:23+00:00,USR_0044,low_slow_exfil,low_slow_exfil,low_slow_exfil,XGBoost ML Classifier
88fa7d42-1e5a-4d72-ae4c-ba873dece657,2026-05-29 03:44:04+00:00,USR_0415,low_slow_exfil,low_slow_exfil,low_slow_exfil,XGBoost ML Classifier
22f88f1a-2a75-4286-9851-eae213d71813,2026-05-29 03:51:00+00:00,SRV_0541,impossible_travel,impossible_travel,impossible_travel,Rule Override: geo_velocity_kmh > 900 km/h AND geo_distance > 500 km
528c4b5a-700e-4472-8ca6-0899e9ddf077,2026-05-29 03:53:45+00:00,USR_0830,low_slow_exfil,low_slow_exfil,low_slow_exfil,XGBoost ML Classifier
db037317-33f6-4fd3-be13-8f66fea5a21f,2026-05-29 03:56:22+00:00,USR_0346,low_slow_exfil,low_slow_exfil,low_slow_exfil,XGBoost ML Classifier
c647387b-e08a-4407-b263-7749590ed354,2026-05-29 04:15:40+00:00,SRV_0570,normal,unknown,unknown,XGBoost ML Classifier
803d6c7d-0464-4d71-9427-f5861ab2f21e,2026-05-29 04:15:44+00:00,USR_0800,insider_drift,insider_drift,insider_drift,XGBoost ML Classifier
9cb34c29-9bee-4086-b2f7-cbdcdb3f19f9,2026-05-29 04:37:24+00:00,USR_0319,insider_drift,insider_drift,insider_drift,XGBoost ML Classifier
06c52aa5-ac6d-4d65-b720-d217eeacf568,2026-05-29 05:00:51+00:00,DEV_0837,normal,unknown,unknown,XGBoost ML Classifier
753b686c-362e-4a24-a1a4-6daf746e1591,2026-05-29 05:32:08+00:00,SRV_0184,impossible_travel,impossible_travel,impossible_travel,Rule Override: geo_velocity_kmh > 900 km/h AND geo_distance > 500 km
c1634540-f3b1-4993-9920-66351a2925db,2026-05-29 05:51:13+00:00,SRV_0934,normal,unknown,lateral_movement,XGBoost ML Classifier
e5526ca4-7d94-44b9-92c3-035655151d16,2026-05-29 06:42:51+00:00,USR_0235,device_spoofing,device_spoofing,device_spoofing,XGBoost ML Classifier
296d556f-9b98-4f32-adaf-c10ac18d47ec,2026-05-29 06:43:51+00:00,USR_0235,device_spoofing,device_spoofing,device_spoofing,XGBoost ML Classifier
6e69e79d-aeeb-4de0-aa76-1d9bc48f582d,2026-05-29 07:29:39+00:00,DEV_0703,normal,unknown,unknown,XGBoost ML Classifier
f73ecfbc-6906-459d-9bed-837603a8c024,2026-05-29 07:35:49+00:00,USR_0510,normal,unknown,unknown,XGBoost ML Classifier
738cf70f-cff9-427b-9eba-4615d0c7fbb1,2026-05-29 07:55:28+00:00,SRV_0645,normal,unknown,unknown,XGBoost ML Classifier
0e581071-b3b6-4516-84f0-b8e21ca564ad,2026-05-29 08:31:19+00:00,USR_0362,impossible_travel,impossible_travel,impossible_travel,Rule Override: geo_velocity_kmh > 900 km/h AND geo_distance > 500 km
509ae837-d43f-42f2-b736-e883afc50d02,2026-05-29 10:06:15+00:00,DEV_0394,normal,unknown,unknown,XGBoost ML Classifier
9df016fe-d992-43f1-8d30-af091f4114a7,2026-05-29 10:09:58+00:00,USR_0781,impossible_travel,impossible_travel,impossible_travel,Rule Override: geo_velocity_kmh > 900 km/h AND geo_distance > 500 km
a1ae8e9e-b1f5-4a78-893d-bacf67705429,2026-05-29 10:11:55+00:00,DEV_0485,normal,unknown,unknown,XGBoost ML Classifier
6deef6de-ac35-46d1-ac0d-c9328bd15dd1,2026-05-29 10:20:21+00:00,DEV_0848,normal,unknown,unknown,XGBoost ML Classifier
b05b1ff8-c5e0-4f7a-890e-a923eba4e0ed,2026-05-29 10:30:39+00:00,DEV_0534,normal,unknown,unknown,XGBoost ML Classifier
7a5067bf-2b21-40db-9221-7dea6c131dae,2026-05-29 10:31:10+00:00,SRV_0283,normal,unknown,unknown,XGBoost ML Classifier
ae76ba74-94cc-4f24-b1be-e38014c412f1,2026-05-29 10:42:20+00:00,SRV_0477,impossible_travel,impossible_travel,impossible_travel,Rule Override: geo_velocity_kmh > 900 km/h AND geo_distance > 500 km
0d95c6c6-4b65-44af-ad48-e7ce21c7a6f0,2026-05-29 10:55:08+00:00,USR_0039,impossible_travel,impossible_travel,impossible_travel,Rule Override: geo_velocity_kmh > 900 km/h AND geo_distance > 500 km
06920bed-12b2-4ada-8480-f73cc43b61cf,2026-05-29 11:03:14+00:00,DEV_0237,normal,unknown,unknown,XGBoost ML Classifier
8e9e250e-8011-44e8-9152-ab881b55b7bf,2026-05-29 11:07:51+00:00,USR_0053,normal,unknown,unknown,XGBoost ML Classifier
64c3cfed-6248-4410-a05b-dad0c7485830,2026-05-29 11:19:32+00:00,DEV_0026,impossible_travel,impossible_travel,impossible_travel,Rule Override: geo_velocity_kmh > 900 km/h AND geo_distance > 500 km
0353efa0-bc76-478e-aa43-68a92232b2e7,2026-05-29 11:29:23+00:00,DEV_0734,impossible_travel,impossible_travel,impossible_travel,Rule Override: geo_velocity_kmh > 900 km/h AND geo_distance > 500 km
231d2629-2fa1-4a05-989f-3fd0c62699d1,2026-05-29 12:19:59+00:00,USR_0804,impossible_travel,impossible_travel,impossible_travel,Rule Override: geo_velocity_kmh > 900 km/h AND geo_distance > 500 km
7841f814-64dd-4a0d-9f47-db6ad2673ec4,2026-05-29 12:39:06+00:00,DEV_0177,normal,unknown,unknown,XGBoost ML Classifier
a02384c2-7de9-4f2b-a995-e0e890029c33,2026-05-29 12:45:16+00:00,SRV_0358,impossible_travel,impossible_travel,impossible_travel,Rule Override: geo_velocity_kmh > 900 km/h AND geo_distance > 500 km
c22d87ce-1c75-4329-8b79-82e379696bf1,2026-05-29 13:26:44+00:00,USR_0288,impossible_travel,impossible_travel,impossible_travel,Rule Override: geo_velocity_kmh > 900 km/h AND geo_distance > 500 km
845ec292-9d75-46d6-8ced-304034e6099d,2026-05-29 13:30:20+00:00,SRV_0851,normal,unknown,unknown,XGBoost ML Classifier
12f261db-9534-4fcc-897e-ebbe85a158bf,2026-05-29 13:49:27+00:00,USR_0057,impossible_travel,impossible_travel,impossible_travel,Rule Override: geo_velocity_kmh > 900 km/h AND geo_distance > 500 km
547c63a0-e26b-4d66-b626-d901542b4b6b,2026-05-29 14:22:31+00:00,USR_0466,impossible_travel,impossible_travel,impossible_travel,Rule Override: geo_velocity_kmh > 900 km/h AND geo_distance > 500 km
242b51ee-9b4d-4b45-9427-ce1b3b569892,2026-05-29 14:35:18+00:00,USR_0077,normal,unknown,insider_drift,XGBoost ML Classifier
f878f533-efc1-4551-a85a-be876a7d3756,2026-05-29 15:08:26+00:00,DEV_0294,normal,unknown,unknown,XGBoost ML Classifier
9770c394-beb1-46f5-8e30-8f7299605aa1,2026-05-29 15:13:18+00:00,USR_0981,impossible_travel,impossible_travel,impossible_travel,Rule Override: geo_velocity_kmh > 900 km/h AND geo_distance > 500 km
483e7e97-8cd8-4be6-b8e6-69390f458204,2026-05-29 15:50:56+00:00,SRV_0182,normal,unknown,unknown,XGBoost ML Classifier
c65d397f-36db-4904-9316-b16adb1e00e3,2026-05-29 16:11:35+00:00,DEV_0177,normal,unknown,unknown,XGBoost ML Classifier
1ee15e09-4a55-40ce-a790-acc45ed22a32,2026-05-29 16:16:47+00:00,SRV_0185,impossible_travel,impossible_travel,impossible_travel,Rule Override: geo_velocity_kmh > 900 km/h AND geo_distance > 500 km
344df150-2302-47c0-838f-d242f762b1fd,2026-05-29 16:22:00+00:00,DEV_0065,normal,unknown,unknown,XGBoost ML Classifier
7228acbc-fc92-4b09-a55a-4d6b962522a3,2026-05-29 16:36:43+00:00,USR_0764,impossible_travel,impossible_travel,impossible_travel,Rule Override: geo_velocity_kmh > 900 km/h AND geo_distance > 500 km
ecd5df69-b6ac-495d-84f9-0394ee713203,2026-05-29 16:55:27+00:00,SRV_0729,normal,unknown,unknown,XGBoost ML Classifier
00e6c209-2f3f-4089-97e8-0ecfe30e7cdb,2026-05-29 17:19:09+00:00,SRV_0083,normal,unknown,unknown,XGBoost ML Classifier
1063e9a6-dfbe-4920-b2d9-688b9ab12619,2026-05-29 17:25:36+00:00,USR_0421,impossible_travel,impossible_travel,impossible_travel,Rule Override: geo_velocity_kmh > 900 km/h AND geo_distance > 500 km
8da42b34-6548-4ca1-91dd-75714be2706f,2026-05-29 17:32:33+00:00,USR_0379,normal,unknown,unknown,XGBoost ML Classifier
f3139817-e809-4941-a9c7-dfcf7d5f5fe7,2026-05-29 17:35:38+00:00,DEV_0290,normal,unknown,unknown,XGBoost ML Classifier
a30c770c-0918-4fcf-8835-3a8464c4aa2e,2026-05-29 17:37:07+00:00,USR_0075,impossible_travel,impossible_travel,impossible_travel,Rule Override: geo_velocity_kmh > 900 km/h AND geo_distance > 500 km
f33d1988-60f3-47d6-8ee2-15797b09ed39,2026-05-29 17:59:06+00:00,USR_0935,normal,unknown,unknown,XGBoost ML Classifier
19bc6091-8df0-4183-be17-bf7f7aa79713,2026-05-29 18:11:27+00:00,USR_0240,impossible_travel,impossible_travel,impossible_travel,Rule Override: geo_velocity_kmh > 900 km/h AND geo_distance > 500 km
1609e0b4-d547-4709-9add-426329df5edb,2026-05-29 18:31:04+00:00,SRV_0004,normal,unknown,unknown,XGBoost ML Classifier
0cd211c5-253b-4bf0-b77c-06bf273eca4a,2026-05-29 18:45:45+00:00,SRV_0458,normal,unknown,unknown,XGBoost ML Classifier
b6f96b4c-b3ca-4e39-a91e-65f5ef66c323,2026-05-29 19:08:03+00:00,SRV_0293,normal,unknown,unknown,XGBoost ML Classifier
e899b6f8-d4cc-4f04-bf9f-40657b7baea0,2026-05-29 19:33:45+00:00,USR_0236,normal,unknown,unknown,XGBoost ML Classifier
b8c8e14b-f2dd-4a43-9dbd-33e8ffe44cac,2026-05-29 20:23:21+00:00,DEV_0877,normal,unknown,unknown,XGBoost ML Classifier
b6f6086b-00a7-4c8e-8d41-700d57de4faa,2026-05-29 20:26:43+00:00,DEV_0820,normal,unknown,unknown,XGBoost ML Classifier
fc676bab-c50b-4caa-a02d-9565143ec7a2,2026-05-29 20:47:42+00:00,SRV_0628,normal,unknown,unknown,XGBoost ML Classifier
575a9e27-0cc2-4b5c-b609-099cb539924e,2026-05-29 21:15:15+00:00,DEV_0799,normal,unknown,unknown,XGBoost ML Classifier
0b07ab6b-c5c7-4aeb-b48a-5cce606cca87,2026-05-29 22:02:55+00:00,SRV_0823,normal,unknown,unknown,XGBoost ML Classifier
2934f37d-0d91-4cdd-8707-6b7c6b4a7550,2026-05-29 23:59:24+00:00,SRV_0606,normal,unknown,unknown,XGBoost ML Classifier
d178d25a-3a8f-46da-aa0e-84e6f1a2e0e8,2026-05-29 23:59:26.826000+00:00,DEV_0902,normal,unknown,unknown,XGBoost ML Classifier
42d7f37b-c13a-4ba1-9983-0183b9afdc05,2026-05-29 23:59:29.178000+00:00,DEV_0084,normal,unknown,unknown,XGBoost ML Classifier
2ad06441-0a50-48c8-9c83-5af32306db71,2026-05-30 00:00:00+00:00,SRV_0004,normal,unknown,unknown,XGBoost ML Classifier
5e599b1a-e18f-4700-8a28-873a3e2f8ee7,2026-05-30 00:00:02.476000+00:00,DEV_0332,normal,unknown,unknown,XGBoost ML Classifier
1bde5718-bdd6-4edc-8465-c1d2feef2674,2026-05-30 00:13:24+00:00,DEV_0868,impossible_travel,impossible_travel,impossible_travel,Rule Override: geo_velocity_kmh > 900 km/h AND geo_distance > 500 km
c5e9c7d8-1cfb-40e1-9b8e-10025251a336,2026-05-30 01:08:20+00:00,DEV_0177,normal,unknown,unknown,XGBoost ML Classifier
6edbcaaf-8918-47a6-a59e-876db89a2f5f,2026-05-30 01:13:21+00:00,USR_0351,low_slow_exfil,low_slow_exfil,low_slow_exfil,XGBoost ML Classifier
a1662509-cf7e-4081-a0a8-99fb20148fdd,2026-05-30 01:19:33+00:00,USR_0978,low_slow_exfil,low_slow_exfil,low_slow_exfil,XGBoost ML Classifier
c7ad7b52-069f-4095-97a1-d14907bd7719,2026-05-30 01:21:41+00:00,USR_0499,low_slow_exfil,low_slow_exfil,low_slow_exfil,XGBoost ML Classifier
174e2259-f8e7-4fd0-849e-0b548a0e54c5,2026-05-30 01:23:17+00:00,USR_0942,low_slow_exfil,low_slow_exfil,low_slow_exfil,XGBoost ML Classifier
7219bae9-3c6d-4dee-a5df-e2ddd1809054,2026-05-30 01:24:50+00:00,USR_0172,low_slow_exfil,low_slow_exfil,low_slow_exfil,XGBoost ML Classifier
6bceca37-dd9a-44f5-9475-945a79dc46f8,2026-05-30 01:28:17+00:00,USR_0206,low_slow_exfil,low_slow_exfil,low_slow_exfil,XGBoost ML Classifier
942ebd18-8e7a-4a43-8a19-80274127a429,2026-05-30 01:47:19+00:00,USR_0062,low_slow_exfil,low_slow_exfil,low_slow_exfil,XGBoost ML Classifier
4dc5fb87-35c2-45af-8cb6-28b291e7a5c6,2026-05-30 01:50:36+00:00,USR_0830,low_slow_exfil,low_slow_exfil,low_slow_exfil,XGBoost ML Classifier
252ba467-5e28-4cca-9b98-4a3f7663133d,2026-05-30 01:52:48+00:00,USR_0415,low_slow_exfil,low_slow_exfil,low_slow_exfil,XGBoost ML Classifier
3ee07306-9bea-4bf2-9014-300ec795bd39,2026-05-30 02:01:55+00:00,DEV_0394,normal,unknown,unknown,XGBoost ML Classifier
e4d68529-5b66-48ca-b622-c6688568a47a,2026-05-30 02:04:32+00:00,DEV_0177,normal,unknown,unknown,XGBoost ML Classifier
c2d7b438-58a0-45a7-8664-c5190bd4c3b4,2026-05-30 02:08:09+00:00,USR_0830,low_slow_exfil,low_slow_exfil,low_slow_exfil,XGBoost ML Classifier
946d7580-8b4b-43d9-b3fd-d53ffc3efdca,2026-05-30 02:12:55+00:00,USR_0502,low_slow_exfil,low_slow_exfil,low_slow_exfil,XGBoost ML Classifier
005d737b-a4a7-4227-a977-5d2a7e0aac76,2026-05-30 02:13:12+00:00,USR_0942,low_slow_exfil,low_slow_exfil,low_slow_exfil,XGBoost ML Classifier
958a7cfd-58af-4c45-a2bd-81066581872f,2026-05-30 02:17:45+00:00,USR_0331,low_slow_exfil,low_slow_exfil,low_slow_exfil,XGBoost ML Classifier
e2223302-990c-40b9-be35-a4fde4a3ae6d,2026-05-30 02:37:01+00:00,USR_0044,low_slow_exfil,low_slow_exfil,low_slow_exfil,XGBoost ML Classifier
f0b3828e-8938-45f1-a8c0-cbcacb05374d,2026-05-30 02:46:50.717655+00:00,USR_0223,credential_stuffing,credential_stuffing,credential_stuffing,XGBoost ML Classifier
be8e620c-6a21-4389-8909-a05ddf915f43,2026-05-30 02:46:51.241426+00:00,USR_0028,credential_stuffing,credential_stuffing,credential_stuffing,XGBoost ML Classifier
fa716cd2-3aa3-4a74-a468-d0f13a5647cf,2026-05-30 02:46:51.580985+00:00,USR_0648,credential_stuffing,credential_stuffing,credential_stuffing,XGBoost ML Classifier
e1aa67ec-186c-4c21-a715-d62316ba67d0,2026-05-30 02:46:54.691058+00:00,USR_0688,credential_stuffing,credential_stuffing,credential_stuffing,XGBoost ML Classifier
a5b4e5d0-ba6d-4098-926a-45b45c69ebca,2026-05-30 02:46:56.307965+00:00,USR_0883,credential_stuffing,credential_stuffing,credential_stuffing,XGBoost ML Classifier
eeee3963-0ef1-4814-b0ed-fca8ce9bf5c1,2026-05-30 02:46:57.483096+00:00,USR_0408,credential_stuffing,credential_stuffing,credential_stuffing,XGBoost ML Classifier
1f6f46a5-440d-4729-9c35-69ebf411ad59,2026-05-30 02:46:57.750904+00:00,SRV_0156,credential_stuffing,credential_stuffing,credential_stuffing,XGBoost ML Classifier
a706a9ae-5a79-465b-bdfb-f2d4e11b342e,2026-05-30 02:46:58.384869+00:00,USR_0690,credential_stuffing,credential_stuffing,credential_stuffing,XGBoost ML Classifier
23064c87-76a5-49c9-bf5a-d2e9a7ace53e,2026-05-30 02:46:59.343924+00:00,USR_0940,credential_stuffing,credential_stuffing,credential_stuffing,XGBoost ML Classifier
a71a798d-e5ab-4f8f-bbc4-2faba54c9aec,2026-05-30 02:46:59.943437+00:00,USR_0807,credential_stuffing,credential_stuffing,credential_stuffing,XGBoost ML Classifier
b3a7a434-22e5-4953-9436-40761b55e9bd,2026-05-30 02:47:02.242856+00:00,USR_0118,credential_stuffing,credential_stuffing,credential_stuffing,XGBoost ML Classifier
c9c267d4-a895-4fa4-9b90-9ba9b31027ee,2026-05-30 02:47:06.010843+00:00,USR_0155,credential_stuffing,credential_stuffing,credential_stuffing,XGBoost ML Classifier
74a1daaa-688c-400c-9fbb-2c4040ad3750,2026-05-30 02:47:06.663238+00:00,DEV_0834,credential_stuffing,credential_stuffing,credential_stuffing,XGBoost ML Classifier
a6a88cff-b5bf-432d-b878-5209d85bb2fd,2026-05-30 02:47:06.676708+00:00,USR_0373,credential_stuffing,credential_stuffing,credential_stuffing,XGBoost ML Classifier
ad139bde-83dc-49f2-a785-21341a403386,2026-05-30 02:47:13.861801+00:00,DEV_0181,credential_stuffing,credential_stuffing,credential_stuffing,XGBoost ML Classifier
dad5c6d5-b257-43e5-b772-a83d239fd183,2026-05-30 02:47:16.763484+00:00,USR_0434,credential_stuffing,credential_stuffing,credential_stuffing,XGBoost ML Classifier
6c86c0da-de7b-4425-a86f-5c08de56c2c9,2026-05-30 02:47:19.741661+00:00,USR_0413,credential_stuffing,credential_stuffing,credential_stuffing,XGBoost ML Classifier
3a973e9e-4cd7-46bb-8379-bd70fe2075e9,2026-05-30 02:47:20.183490+00:00,USR_0856,credential_stuffing,credential_stuffing,credential_stuffing,XGBoost ML Classifier
c978eb7a-f3ec-403a-a10a-8dc31c7fafcf,2026-05-30 02:47:22.498846+00:00,DEV_0248,credential_stuffing,credential_stuffing,credential_stuffing,XGBoost ML Classifier
e35a78af-7f34-490a-9e77-14d2293b7fac,2026-05-30 02:47:26.422064+00:00,SRV_0182,credential_stuffing,credential_stuffing,credential_stuffing,XGBoost ML Classifier
4bd671f8-8285-42a0-a94c-8b4cfa549f51,2026-05-30 02:47:29.516534+00:00,SRV_0305,credential_stuffing,credential_stuffing,credential_stuffing,XGBoost ML Classifier
b17b7d9d-bf9b-436c-bcad-0bc92e717454,2026-05-30 02:47:29.867642+00:00,USR_0303,credential_stuffing,credential_stuffing,credential_stuffing,XGBoost ML Classifier
cf077549-ec55-46a0-b68c-bc40ed02eb9d,2026-05-30 02:47:33.446761+00:00,USR_0465,credential_stuffing,credential_stuffing,credential_stuffing,XGBoost ML Classifier
be4db851-8dbd-45dc-8f40-2b8ac1e4599b,2026-05-30 02:47:34.414416+00:00,SRV_0931,credential_stuffing,credential_stuffing,credential_stuffing,XGBoost ML Classifier
e73815ff-8bd1-4d76-9707-b2ccc03b25b2,2026-05-30 02:47:34.606202+00:00,USR_0020,credential_stuffing,credential_stuffing,credential_stuffing,XGBoost ML Classifier
3f6ec76a-70e4-4848-b37d-9c8c9f4c6b81,2026-05-30 02:47:35.881657+00:00,USR_0093,credential_stuffing,credential_stuffing,credential_stuffing,XGBoost ML Classifier
3872d220-3f62-4f19-a212-ba2d422774d9,2026-05-30 02:47:36.529979+00:00,DEV_0095,credential_stuffing,credential_stuffing,credential_stuffing,XGBoost ML Classifier
ca1cb29c-314e-49d1-9432-a18eae4c6d65,2026-05-30 02:47:36.941793+00:00,SRV_0018,credential_stuffing,credential_stuffing,credential_stuffing,XGBoost ML Classifier
d605a210-9ebc-48b8-970f-d4395f615d2c,2026-05-30 02:47:37.392144+00:00,SRV_0295,credential_stuffing,credential_stuffing,credential_stuffing,XGBoost ML Classifier
a9b4d88f-aff4-48b2-92d6-4e8c9a6fa2a4,2026-05-30 02:47:38.017234+00:00,USR_0121,credential_stuffing,credential_stuffing,credential_stuffing,XGBoost ML Classifier
5fd97647-22ab-4d4c-af9f-802024e8ccc7,2026-05-30 02:47:39.196009+00:00,SRV_0096,credential_stuffing,credential_stuffing,credential_stuffing,XGBoost ML Classifier
663bf8ae-fd43-4e87-aa1c-bc3235a8237e,2026-05-30 02:47:40.781691+00:00,USR_0334,credential_stuffing,credential_stuffing,credential_stuffing,XGBoost ML Classifier
1e111050-c18b-41f1-99a1-ddd13a21cb08,2026-05-30 02:47:40.872599+00:00,DEV_0877,credential_stuffing,credential_stuffing,credential_stuffing,XGBoost ML Classifier
8a4350b3-67db-4e98-b581-26aab9076f57,2026-05-30 02:47:42.096257+00:00,DEV_0383,credential_stuffing,credential_stuffing,credential_stuffing,XGBoost ML Classifier
33ef0cef-c8b6-4449-a782-fd9e9cebe3dd,2026-05-30 02:47:43.473205+00:00,USR_0629,credential_stuffing,credential_stuffing,credential_stuffing,XGBoost ML Classifier
01c89922-e738-45aa-ae95-a7cf176844c6,2026-05-30 02:47:44.180029+00:00,USR_0306,credential_stuffing,credential_stuffing,credential_stuffing,XGBoost ML Classifier
f47093e9-c88e-440e-9872-562a7110a61f,2026-05-30 02:47:44.968558+00:00,SRV_0329,credential_stuffing,credential_stuffing,credential_stuffing,XGBoost ML Classifier
dcbcb66f-fa41-4a2b-ba85-598c8f0591bf,2026-05-30 02:47:45.195825+00:00,SRV_0840,credential_stuffing,credential_stuffing,credential_stuffing,XGBoost ML Classifier
db2a3f7c-e6a4-4403-9734-67fa7c633a4a,2026-05-30 02:47:46.427753+00:00,USR_0751,credential_stuffing,credential_stuffing,credential_stuffing,XGBoost ML Classifier
4853fa57-f620-495b-a51b-0ada70ff4bd5,2026-05-30 02:47:50.285147+00:00,SRV_0861,credential_stuffing,credential_stuffing,credential_stuffing,XGBoost ML Classifier
d4d4ea46-eb88-40ed-9d63-9b1293871fd7,2026-05-30 02:47:50.292012+00:00,USR_0920,credential_stuffing,credential_stuffing,credential_stuffing,XGBoost ML Classifier
c165f3b2-0a26-446d-9620-caee6cfd0cfa,2026-05-30 02:47:50.471393+00:00,USR_0386,credential_stuffing,credential_stuffing,credential_stuffing,XGBoost ML Classifier
02b9cd0c-789b-4c11-93d5-b03e44b5ec3e,2026-05-30 02:47:54.803452+00:00,USR_0041,credential_stuffing,credential_stuffing,credential_stuffing,XGBoost ML Classifier
80508f7c-5928-4e83-b37e-7802b03af7b6,2026-05-30 02:47:55.644567+00:00,USR_0972,credential_stuffing,credential_stuffing,credential_stuffing,XGBoost ML Classifier
d71691e6-e97c-4a91-ae5b-fc4dfdd71bce,2026-05-30 02:47:56.143251+00:00,USR_0560,credential_stuffing,credential_stuffing,credential_stuffing,XGBoost ML Classifier
369475bd-09fe-4088-977d-fc54c77fcfdd,2026-05-30 02:47:57.295006+00:00,USR_0007,credential_stuffing,credential_stuffing,credential_stuffing,XGBoost ML Classifier
38dcc09c-2946-4ba3-b387-88720a9a1208,2026-05-30 02:47:57.893519+00:00,USR_0687,credential_stuffing,credential_stuffing,credential_stuffing,XGBoost ML Classifier
ee95cca6-8926-4864-8437-dd8ef7936764,2026-05-30 02:47:58.580114+00:00,USR_0112,credential_stuffing,credential_stuffing,credential_stuffing,XGBoost ML Classifier
2aede501-0690-443c-bed3-2675fd68ef8f,2026-05-30 02:47:59.845690+00:00,SRV_0712,credential_stuffing,credential_stuffing,credential_stuffing,XGBoost ML Classifier
f18671e2-dcb2-4334-85db-6017bd628b40,2026-05-30 02:48:00.902285+00:00,USR_0667,credential_stuffing,credential_stuffing,credential_stuffing,XGBoost ML Classifier
bcf50b8d-85c8-41fe-861a-e7305432e807,2026-05-30 02:48:02.256707+00:00,USR_0746,credential_stuffing,credential_stuffing,credential_stuffing,XGBoost ML Classifier
18c76b36-9e28-4b42-9bac-c70fdd04fd2f,2026-05-30 02:48:03.402448+00:00,DEV_0998,credential_stuffing,credential_stuffing,credential_stuffing,XGBoost ML Classifier
c93b53de-2ebe-4e89-9c19-e65331d33c31,2026-05-30 02:48:06.864043+00:00,USR_0247,credential_stuffing,credential_stuffing,credential_stuffing,XGBoost ML Classifier
7bf9610c-96b6-4f92-8a99-6ffdf3aba54b,2026-05-30 02:48:07.400459+00:00,USR_0223,credential_stuffing,credential_stuffing,credential_stuffing,XGBoost ML Classifier
108d2a58-f08d-44f0-8dcf-79854449e30d,2026-05-30 02:48:10+00:00,USR_0288,low_slow_exfil,low_slow_exfil,low_slow_exfil,XGBoost ML Classifier
be2764f2-aefa-4dcb-82aa-49ac02c087f9,2026-05-30 02:48:11.298329+00:00,USR_0007,credential_stuffing,credential_stuffing,credential_stuffing,XGBoost ML Classifier
9a8ad095-aa18-42a6-987b-dfc8bf2c2360,2026-05-30 02:48:11.790711+00:00,USR_0596,credential_stuffing,credential_stuffing,credential_stuffing,XGBoost ML Classifier
7ec7e234-f7c5-41ea-9e80-b559857e843d,2026-05-30 02:48:12.802991+00:00,USR_0206,credential_stuffing,credential_stuffing,credential_stuffing,XGBoost ML Classifier
369b80ad-5726-4c65-b4ab-b4ad6da872d1,2026-05-30 02:48:13.156644+00:00,USR_0346,credential_stuffing,credential_stuffing,credential_stuffing,XGBoost ML Classifier
b9cd6da0-1829-4423-be9b-cec358c01633,2026-05-30 02:48:14.405325+00:00,USR_0792,credential_stuffing,credential_stuffing,credential_stuffing,XGBoost ML Classifier
9fabace2-66f4-40e5-a9ff-76143e28d4a8,2026-05-30 02:48:16.232540+00:00,USR_0225,credential_stuffing,credential_stuffing,credential_stuffing,XGBoost ML Classifier
6fe0dc1f-114a-4427-8bf7-3e771a774572,2026-05-30 02:48:16.273066+00:00,USR_0277,credential_stuffing,credential_stuffing,credential_stuffing,XGBoost ML Classifier
8c909d51-3222-4707-b202-0641ca0ed8a5,2026-05-30 02:48:16.687427+00:00,USR_0028,credential_stuffing,credential_stuffing,credential_stuffing,XGBoost ML Classifier
36887cb8-b49d-4b91-92b4-b7178df95fe1,2026-05-30 02:48:18.298745+00:00,USR_0915,credential_stuffing,credential_stuffing,credential_stuffing,XGBoost ML Classifier
741be39f-9333-463e-89fc-cc7a44823a49,2026-05-30 02:48:19.314990+00:00,USR_0252,credential_stuffing,credential_stuffing,credential_stuffing,XGBoost ML Classifier
2164dae0-8897-428a-b610-c449049d1224,2026-05-30 02:48:20.476518+00:00,USR_0504,credential_stuffing,credential_stuffing,credential_stuffing,XGBoost ML Classifier
a6f5b5bc-df5a-4b44-9804-dc006252096d,2026-05-30 02:48:23.328596+00:00,DEV_0799,credential_stuffing,credential_stuffing,credential_stuffing,XGBoost ML Classifier
648ebb2b-a587-43d3-aa59-bb16e1278f05,2026-05-30 02:48:23.685326+00:00,USR_0019,credential_stuffing,credential_stuffing,credential_stuffing,XGBoost ML Classifier
745e70bb-d726-4b19-aee7-9e9246d5a948,2026-05-30 02:48:25.131015+00:00,USR_0954,credential_stuffing,credential_stuffing,credential_stuffing,XGBoost ML Classifier
34542962-430b-4434-a8a1-2e5cb8223623,2026-05-30 02:48:25.579438+00:00,USR_0684,credential_stuffing,credential_stuffing,credential_stuffing,XGBoost ML Classifier
60c68303-3fdd-4e72-ba9a-8542d5f982c0,2026-05-30 02:48:27.290145+00:00,SRV_0698,credential_stuffing,credential_stuffing,credential_stuffing,XGBoost ML Classifier
52d151d9-11b0-4820-a75d-4bd8700acbd3,2026-05-30 02:48:29.898633+00:00,USR_0784,credential_stuffing,credential_stuffing,credential_stuffing,XGBoost ML Classifier
2cdce2a7-8dff-47f2-b64f-0ce638262667,2026-05-30 02:48:31.092078+00:00,USR_0826,credential_stuffing,credential_stuffing,credential_stuffing,XGBoost ML Classifier
d5f70ccd-ae27-4c9b-a34f-9a75321d104b,2026-05-30 02:48:32.334335+00:00,USR_0459,credential_stuffing,credential_stuffing,credential_stuffing,XGBoost ML Classifier
be7e129d-de12-416a-9e6b-c3d146c391d3,2026-05-30 02:48:32.391953+00:00,USR_0995,credential_stuffing,credential_stuffing,credential_stuffing,XGBoost ML Classifier
24db7b7e-3d20-442a-bcb4-c089f8f52a77,2026-05-30 02:48:35.899573+00:00,SRV_0159,credential_stuffing,credential_stuffing,credential_stuffing,XGBoost ML Classifier
8e9168a2-2137-4e56-bce4-f2e4e5f583fc,2026-05-30 02:48:36.281776+00:00,USR_0116,credential_stuffing,credential_stuffing,credential_stuffing,XGBoost ML Classifier
7d0f5442-2d55-432a-adb2-33230ea124d0,2026-05-30 02:48:36.444988+00:00,USR_0738,credential_stuffing,credential_stuffing,credential_stuffing,XGBoost ML Classifier
d5a6058a-120b-4c14-b8a3-f5ab69a30fc1,2026-05-30 02:48:36.991728+00:00,USR_0987,credential_stuffing,credential_stuffing,credential_stuffing,XGBoost ML Classifier
4bee7ea7-85d4-4317-a33a-5a9520f79034,2026-05-30 02:48:37.137276+00:00,DEV_0177,credential_stuffing,credential_stuffing,credential_stuffing,XGBoost ML Classifier
9a335e6d-58ee-44ae-ba43-04806913352b,2026-05-30 02:48:40.673154+00:00,USR_0380,credential_stuffing,credential_stuffing,credential_stuffing,XGBoost ML Classifier
29972b6a-3579-47f2-9b27-eed57282f3f5,2026-05-30 02:48:41.253212+00:00,SRV_0641,credential_stuffing,credential_stuffing,credential_stuffing,XGBoost ML Classifier
cb7d3bf4-4e5d-47eb-981b-6b2b85e65973,2026-05-30 02:48:42.752599+00:00,DEV_0114,credential_stuffing,credential_stuffing,credential_stuffing,XGBoost ML Classifier
1271ded9-c95a-47dd-94ae-19a80fa5b2e4,2026-05-30 02:48:43.225704+00:00,USR_0036,credential_stuffing,credential_stuffing,credential_stuffing,XGBoost ML Classifier
25514ac7-9ff7-48db-8e6d-2caad8ef5e63,2026-05-30 02:48:46.191362+00:00,SRV_0921,credential_stuffing,credential_stuffing,credential_stuffing,XGBoost ML Classifier
528b2b0e-7df5-4d1c-858c-32a795581894,2026-05-30 02:48:47.582987+00:00,USR_0289,credential_stuffing,credential_stuffing,credential_stuffing,XGBoost ML Classifier
4a2be381-acc6-4ec1-a6c9-345c7d449a69,2026-05-30 02:48:48.475128+00:00,USR_0786,credential_stuffing,credential_stuffing,credential_stuffing,XGBoost ML Classifier
f5fdc004-63c2-440a-90c9-59f2f4383347,2026-05-30 02:48:50.455620+00:00,USR_0403,credential_stuffing,credential_stuffing,credential_stuffing,XGBoost ML Classifier
da39920b-1195-43c2-b3ef-3a98cce2582c,2026-05-30 02:48:53.000503+00:00,DEV_0526,credential_stuffing,credential_stuffing,credential_stuffing,XGBoost ML Classifier
3d2c2400-fab7-4f49-a781-5ce6615885de,2026-05-30 02:48:59.473993+00:00,USR_0171,credential_stuffing,credential_stuffing,credential_stuffing,XGBoost ML Classifier
e7c7742e-5fbf-4dbe-b563-61a5f5051b0e,2026-05-30 02:49:00.469217+00:00,USR_0647,credential_stuffing,credential_stuffing,credential_stuffing,XGBoost ML Classifier
0642bb7e-8a6e-4bdf-9d0e-305bdca9f490,2026-05-30 02:49:03.212635+00:00,USR_0706,credential_stuffing,credential_stuffing,credential_stuffing,XGBoost ML Classifier
b9b442f6-39d8-4b13-be6d-107c7f841006,2026-05-30 02:49:06.759584+00:00,USR_0601,credential_stuffing,credential_stuffing,credential_stuffing,XGBoost ML Classifier
212a195c-55d0-457e-a028-f159a7ea6b87,2026-05-30 02:49:06.777526+00:00,USR_0989,credential_stuffing,credential_stuffing,credential_stuffing,XGBoost ML Classifier
347326fd-07c9-46bd-8b16-b52d005fd4a7,2026-05-30 02:49:08.302547+00:00,USR_0625,credential_stuffing,credential_stuffing,credential_stuffing,XGBoost ML Classifier
f8571283-0640-455d-ac7a-72207d115ba2,2026-05-30 02:49:08.383698+00:00,SRV_0050,credential_stuffing,credential_stuffing,credential_stuffing,XGBoost ML Classifier
c316205f-4ad4-43e4-a022-eb6e186ac57c,2026-05-30 02:49:09.053054+00:00,USR_0455,credential_stuffing,credential_stuffing,credential_stuffing,XGBoost ML Classifier
10649bcf-8b99-421c-9778-995e548b880b,2026-05-30 02:49:14.360335+00:00,SRV_0572,credential_stuffing,credential_stuffing,credential_stuffing,XGBoost ML Classifier
7d23d793-65c8-43da-bf9c-c7f0a1e60809,2026-05-30 02:49:15.770954+00:00,DEV_0065,credential_stuffing,credential_stuffing,credential_stuffing,XGBoost ML Classifier
dc56c02f-af17-4cab-a7b9-f67bf8d9dbfe,2026-05-30 02:49:17.588046+00:00,DEV_0047,credential_stuffing,credential_stuffing,credential_stuffing,XGBoost ML Classifier
1a846a90-8d6a-411a-bb89-7a83ffdba605,2026-05-30 02:49:22.498489+00:00,USR_0564,credential_stuffing,credential_stuffing,credential_stuffing,XGBoost ML Classifier
88da2b16-f52c-4d2a-aa90-413171d6019b,2026-05-30 02:49:23.811284+00:00,USR_0722,credential_stuffing,credential_stuffing,credential_stuffing,XGBoost ML Classifier
3db6a33f-6791-4fb2-ad2f-d013d9a111e2,2026-05-30 02:49:24.344106+00:00,DEV_0248,credential_stuffing,credential_stuffing,credential_stuffing,XGBoost ML Classifier
cd4ecf36-c2a3-456d-aad4-7d1bd7da5cbb,2026-05-30 02:49:24.471936+00:00,USR_0762,credential_stuffing,credential_stuffing,credential_stuffing,XGBoost ML Classifier
0fb41bfd-3f4b-49b5-bd80-e01f65a634e5,2026-05-30 02:49:40.903127+00:00,USR_0575,credential_stuffing,credential_stuffing,credential_stuffing,XGBoost ML Classifier
b812cfa2-5e86-48eb-887c-731c66fade5f,2026-05-30 02:49:41.591191+00:00,USR_0794,credential_stuffing,credential_stuffing,credential_stuffing,XGBoost ML Classifier
f7f6b004-df4a-44eb-82b3-8e79765b3250,2026-05-30 02:49:44.731848+00:00,USR_0589,credential_stuffing,credential_stuffing,credential_stuffing,XGBoost ML Classifier
ef3df3af-5d2b-4f26-88d0-7a9b72051015,2026-05-30 02:49:45.504915+00:00,USR_0913,credential_stuffing,credential_stuffing,credential_stuffing,XGBoost ML Classifier
fe7a04eb-bddf-4440-b4ec-6601f0ba6b79,2026-05-30 02:49:47.143349+00:00,USR_0705,credential_stuffing,credential_stuffing,credential_stuffing,XGBoost ML Classifier
63747205-6397-4736-a653-7e367a6e6eac,2026-05-30 02:49:56.492666+00:00,USR_0392,credential_stuffing,credential_stuffing,credential_stuffing,XGBoost ML Classifier
b777a361-ae64-419d-82b7-180f0f9683be,2026-05-30 02:50:00.362872+00:00,USR_0403,credential_stuffing,credential_stuffing,credential_stuffing,XGBoost ML Classifier
cd350b75-f462-46b4-b850-f5f3ab3a15a2,2026-05-30 02:50:00.662700+00:00,SRV_0717,credential_stuffing,credential_stuffing,credential_stuffing,XGBoost ML Classifier
cfe8d9b5-7b66-4de6-9559-9d6e7b4ddd5f,2026-05-30 02:50:04.530305+00:00,SRV_0417,credential_stuffing,credential_stuffing,credential_stuffing,XGBoost ML Classifier
faf39a8d-7ea9-4eb3-a5f6-3c64746c54d7,2026-05-30 02:50:08.228749+00:00,DEV_0335,credential_stuffing,credential_stuffing,credential_stuffing,XGBoost ML Classifier
ad38e030-fd27-4055-92de-6442e9d970c6,2026-05-30 02:50:15.241019+00:00,SRV_0652,credential_stuffing,credential_stuffing,credential_stuffing,XGBoost ML Classifier
c8b69d87-c7c1-4197-a1ae-eba389a817f0,2026-05-30 02:50:16.073091+00:00,USR_0445,credential_stuffing,credential_stuffing,credential_stuffing,XGBoost ML Classifier
f9617cc2-a976-4040-b381-984533d08814,2026-05-30 02:50:21.921967+00:00,USR_0896,credential_stuffing,credential_stuffing,credential_stuffing,XGBoost ML Classifier
3d7f482c-4fc2-4909-97e1-7e2afb24a6ab,2026-05-30 02:50:30.330729+00:00,USR_0778,credential_stuffing,credential_stuffing,credential_stuffing,XGBoost ML Classifier
a6a44ae3-f87f-4fe7-ad77-43196f6c3509,2026-05-30 02:50:34.065607+00:00,USR_0338,credential_stuffing,credential_stuffing,credential_stuffing,XGBoost ML Classifier
7d9a0e1e-69c9-4a35-847c-267ab5a7ed62,2026-05-30 02:50:34.790083+00:00,USR_0463,credential_stuffing,credential_stuffing,credential_stuffing,XGBoost ML Classifier
27747c1f-d961-4698-aa1b-fd6d05ba4e50,2026-05-30 02:50:35.545371+00:00,USR_0615,credential_stuffing,credential_stuffing,credential_stuffing,XGBoost ML Classifier
bad6487c-7a38-4dd8-b608-3a4693717328,2026-05-30 02:50:41.436380+00:00,USR_0057,credential_stuffing,credential_stuffing,credential_stuffing,XGBoost ML Classifier
9d0ae17f-1808-4547-9dd3-888c00a67e74,2026-05-30 02:50:42.131763+00:00,USR_0069,credential_stuffing,credential_stuffing,credential_stuffing,XGBoost ML Classifier
0f419ca0-3c20-420f-9fab-ba78bb8bb654,2026-05-30 02:50:43.834739+00:00,DEV_0146,credential_stuffing,credential_stuffing,credential_stuffing,XGBoost ML Classifier
f889160f-a69f-4cd3-8c05-37fbf64ae377,2026-05-30 02:50:44.110269+00:00,DEV_0527,credential_stuffing,credential_stuffing,credential_stuffing,XGBoost ML Classifier
5cd73a26-19c7-4c2d-bfd5-bcc8bbd6143a,2026-05-30 02:50:47.906019+00:00,USR_0112,credential_stuffing,credential_stuffing,credential_stuffing,XGBoost ML Classifier
ebc542e4-7f1b-4cc8-b377-bc9cffa39e4a,2026-05-30 02:50:48.077945+00:00,USR_0049,credential_stuffing,credential_stuffing,credential_stuffing,XGBoost ML Classifier
98b79a9d-0089-43ca-8dd7-90625b577ccd,2026-05-30 02:50:49.348921+00:00,SRV_0963,credential_stuffing,credential_stuffing,credential_stuffing,XGBoost ML Classifier
3d68b4f6-9c42-4183-af50-5106b61767fe,2026-05-30 02:50:50.784893+00:00,SRV_0480,credential_stuffing,credential_stuffing,credential_stuffing,XGBoost ML Classifier
68f44448-253f-4f80-a1a4-5d69b1c90cbe,2026-05-30 02:50:51.166425+00:00,DEV_0924,credential_stuffing,credential_stuffing,credential_stuffing,XGBoost ML Classifier
f067ec1e-032a-4bd5-a555-8d8d4773a829,2026-05-30 02:50:55.511351+00:00,USR_0249,credential_stuffing,credential_stuffing,credential_stuffing,XGBoost ML Classifier
e18b890f-bde2-491e-8cc2-9b2f991cc917,2026-05-30 02:50:57.354320+00:00,USR_0972,credential_stuffing,credential_stuffing,credential_stuffing,XGBoost ML Classifier
e69f8507-ac98-4297-90c8-1776eab0fec4,2026-05-30 02:50:59.903088+00:00,USR_0333,credential_stuffing,credential_stuffing,credential_stuffing,XGBoost ML Classifier
2f2f5144-2df3-487d-9731-cb7e734f1a59,2026-05-30 02:51:01.921005+00:00,SRV_0361,credential_stuffing,credential_stuffing,credential_stuffing,XGBoost ML Classifier
3519ad83-d1d8-4dae-b102-644cd1b2e42d,2026-05-30 02:51:03.923638+00:00,USR_0041,credential_stuffing,credential_stuffing,credential_stuffing,XGBoost ML Classifier
92bc1c9f-1804-4a32-b0a9-6dc67b12669b,2026-05-30 02:51:04.147636+00:00,USR_0010,credential_stuffing,credential_stuffing,credential_stuffing,XGBoost ML Classifier
d482a409-51fb-468c-8488-078df050151b,2026-05-30 02:51:04.446609+00:00,USR_0521,credential_stuffing,credential_stuffing,credential_stuffing,XGBoost ML Classifier
f088feb1-6535-4731-8ffe-cde08570edb0,2026-05-30 02:51:04.980955+00:00,USR_0269,credential_stuffing,credential_stuffing,credential_stuffing,XGBoost ML Classifier
fe71dd9c-6831-454b-b704-dd1504df38a9,2026-05-30 02:51:05.833815+00:00,SRV_0081,credential_stuffing,credential_stuffing,credential_stuffing,XGBoost ML Classifier
f6702878-e61b-4bdc-adc9-4e8b5f0a0f97,2026-05-30 02:51:11.541961+00:00,SRV_0358,credential_stuffing,credential_stuffing,credential_stuffing,XGBoost ML Classifier
3cda99b8-0c21-432c-8983-a3dbff375c1e,2026-05-30 02:51:15.136576+00:00,USR_0987,credential_stuffing,credential_stuffing,credential_stuffing,XGBoost ML Classifier
02de89d0-fe00-4b82-ba0a-85e2d06c5d88,2026-05-30 02:51:18.151310+00:00,DEV_0834,credential_stuffing,credential_stuffing,credential_stuffing,XGBoost ML Classifier
ecf06fb7-3915-4610-a4f0-56de3de366c3,2026-05-30 02:51:21.736211+00:00,USR_0409,credential_stuffing,credential_stuffing,credential_stuffing,XGBoost ML Classifier
470ad143-32fb-440a-9a8e-1567e43ee1df,2026-05-30 02:51:26.624853+00:00,USR_0959,credential_stuffing,credential_stuffing,credential_stuffing,XGBoost ML Classifier
f7d0e392-b7df-4001-8d8a-49ae40edddc0,2026-05-30 02:51:27.229277+00:00,SRV_0079,credential_stuffing,credential_stuffing,credential_stuffing,XGBoost ML Classifier
51c5b6b3-07b1-4f60-b0cb-b10db78b7074,2026-05-30 02:51:27.576703+00:00,USR_0892,credential_stuffing,credential_stuffing,credential_stuffing,XGBoost ML Classifier
857b4e98-933f-4f95-88a6-5fb08d46ed99,2026-05-30 02:51:29.804254+00:00,USR_0032,credential_stuffing,credential_stuffing,credential_stuffing,XGBoost ML Classifier
405e3dca-d55a-446b-89ca-4e1de008b772,2026-05-30 02:51:30.134717+00:00,USR_0600,credential_stuffing,credential_stuffing,credential_stuffing,XGBoost ML Classifier
84ef633b-747f-400c-8ba7-f7ae89ac8e3b,2026-05-30 02:51:30.508892+00:00,USR_0774,credential_stuffing,credential_stuffing,credential_stuffing,XGBoost ML Classifier
36094cff-e6f9-4139-8150-2647f44b0566,2026-05-30 02:51:30.541064+00:00,USR_0236,credential_stuffing,credential_stuffing,credential_stuffing,XGBoost ML Classifier
82505a8a-d858-46fc-b328-e22c7fe00a46,2026-05-30 02:51:33.265177+00:00,DEV_0632,credential_stuffing,credential_stuffing,credential_stuffing,XGBoost ML Classifier
0fea44b2-8e5e-4bf7-9fcc-5688f61cf155,2026-05-30 02:51:36.139897+00:00,USR_0317,credential_stuffing,credential_stuffing,credential_stuffing,XGBoost ML Classifier
a4ef36b2-3b99-4046-a504-4504d15f9fe6,2026-05-30 02:51:39.408042+00:00,DEV_0394,credential_stuffing,credential_stuffing,credential_stuffing,XGBoost ML Classifier
530df349-3810-4e11-9cdd-e5dda3165df9,2026-05-30 02:51:42.869482+00:00,USR_0497,credential_stuffing,credential_stuffing,credential_stuffing,XGBoost ML Classifier
7713b37d-5764-450e-a175-1784422d0e61,2026-05-30 02:51:50.070211+00:00,USR_0671,credential_stuffing,credential_stuffing,credential_stuffing,XGBoost ML Classifier
931fd6a8-22a3-4ef5-9821-a38f79abbde1,2026-05-30 02:51:51.535999+00:00,SRV_0461,credential_stuffing,credential_stuffing,credential_stuffing,XGBoost ML Classifier
d66bf3ae-f0ac-4f2d-b31b-4e69f91f1a06,2026-05-30 02:51:54.009722+00:00,USR_0784,credential_stuffing,credential_stuffing,credential_stuffing,XGBoost ML Classifier
64392fa2-1dfd-4683-9b64-856663636d48,2026-05-30 02:52:03.755235+00:00,USR_0885,credential_stuffing,credential_stuffing,credential_stuffing,XGBoost ML Classifier
acc59ce4-1db3-44a6-83a6-df4bc8e9e837,2026-05-30 02:52:03.787179+00:00,SRV_0129,credential_stuffing,credential_stuffing,credential_stuffing,XGBoost ML Classifier
0b1bb87f-32e1-47e0-b56f-6ecaea23e8cc,2026-05-30 02:52:03.867091+00:00,SRV_0372,credential_stuffing,credential_stuffing,credential_stuffing,XGBoost ML Classifier
28aae7e5-87a7-41ff-9123-3646afcb0a5f,2026-05-30 02:52:04.219209+00:00,USR_0039,credential_stuffing,credential_stuffing,credential_stuffing,XGBoost ML Classifier
4f426af3-dfde-4079-87f3-d11ae808887f,2026-05-30 02:52:08.050701+00:00,SRV_0538,credential_stuffing,credential_stuffing,credential_stuffing,XGBoost ML Classifier
2fc35f95-7254-4a8d-9605-b9f71539b183,2026-05-30 02:52:12.049655+00:00,USR_0427,credential_stuffing,credential_stuffing,credential_stuffing,XGBoost ML Classifier
725fa74b-5d29-436b-a8d5-ecc315d0bb38,2026-05-30 02:52:12.175054+00:00,SRV_0528,credential_stuffing,credential_stuffing,credential_stuffing,XGBoost ML Classifier
81c604ad-b60a-4484-9373-a7b565c8d2a9,2026-05-30 02:52:16.890289+00:00,DEV_0022,credential_stuffing,credential_stuffing,credential_stuffing,XGBoost ML Classifier
ed699cd5-c176-44f3-8aa1-286c9daa8ded,2026-05-30 02:52:18.473562+00:00,USR_0879,credential_stuffing,credential_stuffing,credential_stuffing,XGBoost ML Classifier
bb58d838-5d34-4ebc-92ed-b5b705662ebc,2026-05-30 02:52:21.405333+00:00,USR_0141,credential_stuffing,credential_stuffing,credential_stuffing,XGBoost ML Classifier
eb3a5488-d9cb-4c67-854a-ed9ebd9f9d9d,2026-05-30 02:52:24+00:00,USR_0996,low_slow_exfil,low_slow_exfil,low_slow_exfil,XGBoost ML Classifier
861c3fa5-7020-4775-8692-4d7a34eec370,2026-05-30 02:52:26.350416+00:00,USR_0198,credential_stuffing,credential_stuffing,credential_stuffing,XGBoost ML Classifier
c6d8ba71-4f09-4a8c-a8c7-d16e898389c2,2026-05-30 02:52:30.115567+00:00,DEV_0537,credential_stuffing,credential_stuffing,credential_stuffing,XGBoost ML Classifier
f6dd8e85-5edf-40fb-9dac-53646c54c955,2026-05-30 02:52:32.887935+00:00,USR_0530,credential_stuffing,credential_stuffing,credential_stuffing,XGBoost ML Classifier
5aa2d5b0-63e7-4700-9856-36a492908fd8,2026-05-30 02:52:33.471004+00:00,USR_0472,credential_stuffing,credential_stuffing,credential_stuffing,XGBoost ML Classifier
35d9e86b-4057-4ce3-9a02-ebbf338517b5,2026-05-30 02:52:37.909995+00:00,SRV_0743,credential_stuffing,credential_stuffing,credential_stuffing,XGBoost ML Classifier
640db541-b677-4601-8c90-14c405e95b63,2026-05-30 02:52:42.614908+00:00,USR_0411,credential_stuffing,credential_stuffing,credential_stuffing,XGBoost ML Classifier
cb51e43f-40be-4f85-8916-5f09a9710e75,2026-05-30 02:52:44.704588+00:00,USR_0563,credential_stuffing,credential_stuffing,credential_stuffing,XGBoost ML Classifier
7b85a8ee-254f-4326-b20a-c6d61ebc2ff9,2026-05-30 02:52:46.944628+00:00,SRV_0122,credential_stuffing,credential_stuffing,credential_stuffing,XGBoost ML Classifier
296c5ba0-a6cb-4c48-8462-a7454e219af2,2026-05-30 02:52:49.535701+00:00,USR_0957,credential_stuffing,credential_stuffing,credential_stuffing,XGBoost ML Classifier
6471f529-e9c4-4b84-9210-985a65b55625,2026-05-30 02:52:50.794152+00:00,USR_0605,credential_stuffing,credential_stuffing,credential_stuffing,XGBoost ML Classifier
abed32d1-6f0c-4514-81f1-c857be41f6b3,2026-05-30 02:52:51.615899+00:00,SRV_0355,credential_stuffing,credential_stuffing,credential_stuffing,XGBoost ML Classifier
5faaeda9-4a28-4f89-b1c8-02c7a1c5327f,2026-05-30 02:52:53.579835+00:00,SRV_0819,credential_stuffing,credential_stuffing,credential_stuffing,XGBoost ML Classifier
23c78659-889e-45e6-8a60-826d86400bd2,2026-05-30 02:52:54.965860+00:00,USR_0434,credential_stuffing,credential_stuffing,credential_stuffing,XGBoost ML Classifier
e270b0e6-2c3d-4a68-9e19-e7fbc9988562,2026-05-30 02:53:00.053786+00:00,USR_0220,credential_stuffing,credential_stuffing,credential_stuffing,XGBoost ML Classifier
5e5f671c-8bbe-4b13-9553-b3cf33f821f3,2026-05-30 02:53:01.399446+00:00,USR_0492,credential_stuffing,credential_stuffing,credential_stuffing,XGBoost ML Classifier
2899c81a-818b-43c1-94e2-d8580b83f115,2026-05-30 02:53:05.183155+00:00,DEV_0873,credential_stuffing,credential_stuffing,credential_stuffing,XGBoost ML Classifier
e41515b8-59f0-4fda-ab50-92694271fabc,2026-05-30 02:53:06.159953+00:00,USR_0620,credential_stuffing,credential_stuffing,credential_stuffing,XGBoost ML Classifier
2e9599ad-aee8-4b5f-ab3b-eafbad2085d6,2026-05-30 02:53:09.280541+00:00,USR_0694,credential_stuffing,credential_stuffing,credential_stuffing,XGBoost ML Classifier
3e3c9b2e-8914-4443-8f28-ef2a998caa8f,2026-05-30 02:53:09.477488+00:00,USR_0681,credential_stuffing,credential_stuffing,credential_stuffing,XGBoost ML Classifier
07b79d75-6b08-47ba-921c-ae4bbf5a823e,2026-05-30 02:53:09.989799+00:00,SRV_0843,credential_stuffing,credential_stuffing,credential_stuffing,XGBoost ML Classifier
e6f963c9-dcba-4b62-9f60-bdacd04a6f95,2026-05-30 02:53:12.456448+00:00,USR_0940,credential_stuffing,credential_stuffing,credential_stuffing,XGBoost ML Classifier
003691bc-ff2e-4129-8f55-383e84777e42,2026-05-30 02:53:12.513468+00:00,USR_0136,credential_stuffing,credential_stuffing,credential_stuffing,XGBoost ML Classifier
2f9d50ed-7d81-4281-9814-569543d16076,2026-05-30 02:53:23.953272+00:00,DEV_0328,credential_stuffing,credential_stuffing,credential_stuffing,XGBoost ML Classifier
31423382-7812-48fa-81a4-e8d0d9db137a,2026-05-30 02:53:28.195219+00:00,SRV_0547,credential_stuffing,credential_stuffing,credential_stuffing,XGBoost ML Classifier
0fd86f69-7070-4572-9fa9-ef0d3f4fe740,2026-05-30 02:53:28.648730+00:00,SRV_0702,credential_stuffing,credential_stuffing,credential_stuffing,XGBoost ML Classifier
b2e1f4fc-7358-4c8c-9950-26b48c100765,2026-05-30 02:53:30.480086+00:00,USR_0922,credential_stuffing,credential_stuffing,credential_stuffing,XGBoost ML Classifier
f29f4f8c-d6e1-4c06-8b34-925a2347dbf2,2026-05-30 02:53:35.970689+00:00,SRV_0131,credential_stuffing,credential_stuffing,credential_stuffing,XGBoost ML Classifier
97756c70-d950-4b76-bf1e-98cc9ebc44e2,2026-05-30 02:53:38.830856+00:00,USR_0492,credential_stuffing,credential_stuffing,credential_stuffing,XGBoost ML Classifier
a3cd4361-3282-4fbd-96e6-bd14f266292d,2026-05-30 02:53:45.439682+00:00,USR_0687,credential_stuffing,credential_stuffing,credential_stuffing,XGBoost ML Classifier
ae288757-86f9-4981-ad00-305670876269,2026-05-30 02:54:05.934770+00:00,USR_0825,credential_stuffing,credential_stuffing,credential_stuffing,XGBoost ML Classifier
8f7a7ddb-940a-48ff-9141-3eaaff6847a1,2026-05-30 02:54:10.271095+00:00,USR_0003,credential_stuffing,credential_stuffing,credential_stuffing,XGBoost ML Classifier
3b244803-a8ec-474a-8549-41a2af79b293,2026-05-30 02:54:11.743715+00:00,USR_0927,credential_stuffing,credential_stuffing,credential_stuffing,XGBoost ML Classifier
e1f214c2-b71c-4654-910f-f2fabba6bd5d,2026-05-30 02:54:12.591897+00:00,USR_0554,credential_stuffing,credential_stuffing,credential_stuffing,XGBoost ML Classifier
fd7e40a7-b290-43f0-a363-7c6e57d51fe0,2026-05-30 02:54:17.346668+00:00,USR_0224,credential_stuffing,credential_stuffing,credential_stuffing,XGBoost ML Classifier
92f87b1f-b334-40bb-b168-53b064ef042d,2026-05-30 02:54:17.415497+00:00,USR_0468,credential_stuffing,credential_stuffing,credential_stuffing,XGBoost ML Classifier
c3c49f2a-0135-4005-b5ba-f53d152fa7c8,2026-05-30 02:54:22.982467+00:00,USR_0373,credential_stuffing,credential_stuffing,credential_stuffing,XGBoost ML Classifier
15d20b47-41cf-41cc-ab87-5e78fe1eb2aa,2026-05-30 02:54:37.663346+00:00,USR_0684,credential_stuffing,credential_stuffing,credential_stuffing,XGBoost ML Classifier
75e7b968-2c60-40dc-b03a-28b8841f6c23,2026-05-30 02:54:54.624673+00:00,DEV_0063,credential_stuffing,credential_stuffing,credential_stuffing,XGBoost ML Classifier
70e9a063-ba10-4590-a15d-cee195fa0984,2026-05-30 02:55:03.624600+00:00,USR_0262,credential_stuffing,credential_stuffing,credential_stuffing,XGBoost ML Classifier
258fecb4-eb51-475a-aad4-84217b68ff27,2026-05-30 02:55:11.113225+00:00,DEV_0227,credential_stuffing,credential_stuffing,credential_stuffing,XGBoost ML Classifier
29602943-3125-4f0a-9971-36feb23e4b24,2026-05-30 02:55:12.301883+00:00,USR_0277,credential_stuffing,credential_stuffing,credential_stuffing,XGBoost ML Classifier
714c4658-fa9c-4556-b4df-4bf3dad9a2d8,2026-05-30 02:55:13.302661+00:00,USR_0821,credential_stuffing,credential_stuffing,credential_stuffing,XGBoost ML Classifier
c30c11fb-3104-46e9-a526-5d7c16605eea,2026-05-30 02:55:18.152570+00:00,USR_0986,credential_stuffing,credential_stuffing,credential_stuffing,XGBoost ML Classifier
90ac8fc7-06c9-47d7-928d-89b4dd25f605,2026-05-30 02:55:19.002528+00:00,USR_0111,credential_stuffing,credential_stuffing,credential_stuffing,XGBoost ML Classifier
3a355a1b-a876-4ef0-9a14-006f54c18e73,2026-05-30 02:55:26.832554+00:00,DEV_0146,credential_stuffing,credential_stuffing,credential_stuffing,XGBoost ML Classifier
c6b6a986-5b8d-4fa6-9533-210941a578b0,2026-05-30 02:55:27.759002+00:00,DEV_0268,credential_stuffing,credential_stuffing,credential_stuffing,XGBoost ML Classifier
6feebb3f-84bf-4981-b60f-c9cd3ffda2a0,2026-05-30 02:55:38.999787+00:00,SRV_0159,credential_stuffing,credential_stuffing,credential_stuffing,XGBoost ML Classifier
1abc2fc7-0a99-4647-8c3e-429436fb423c,2026-05-30 02:55:43.041177+00:00,DEV_0011,credential_stuffing,credential_stuffing,credential_stuffing,XGBoost ML Classifier
ffc2fe5a-594f-4de6-a8af-5a99542df47a,2026-05-30 02:56:09.548113+00:00,USR_0610,credential_stuffing,credential_stuffing,credential_stuffing,XGBoost ML Classifier
6bae7be1-d60d-48f3-8e3d-1169ee82153a,2026-05-30 02:56:28.363805+00:00,USR_0282,credential_stuffing,credential_stuffing,credential_stuffing,XGBoost ML Classifier
42df9114-2a79-4a46-9621-79825430d943,2026-05-30 02:56:30.179115+00:00,SRV_0404,credential_stuffing,credential_stuffing,credential_stuffing,XGBoost ML Classifier
fcb78eed-2774-48ed-a112-dcce033b292b,2026-05-30 02:56:33.714320+00:00,USR_0975,credential_stuffing,credential_stuffing,credential_stuffing,XGBoost ML Classifier
b2ef9e2e-4f1b-4862-bbe1-8d918257e0c2,2026-05-30 02:56:45.661639+00:00,USR_0561,credential_stuffing,credential_stuffing,credential_stuffing,XGBoost ML Classifier
9eff9edd-c387-4bbf-bc6b-79482f7ab604,2026-05-30 02:56:57.594511+00:00,USR_0864,credential_stuffing,credential_stuffing,credential_stuffing,XGBoost ML Classifier
ea610fb5-f38d-44a8-abc9-058838187ddc,2026-05-30 02:56:58.441678+00:00,USR_0706,credential_stuffing,credential_stuffing,credential_stuffing,XGBoost ML Classifier
4055d070-5ff3-4789-94b7-b7beb90d442d,2026-05-30 02:57:05.828179+00:00,USR_0751,credential_stuffing,credential_stuffing,credential_stuffing,XGBoost ML Classifier
c1281465-f554-4ddd-8b5f-04a5ca23dbf5,2026-05-30 02:57:07.559895+00:00,USR_0505,credential_stuffing,credential_stuffing,credential_stuffing,XGBoost ML Classifier
7bec99ea-38b2-41cb-a911-967a6558d940,2026-05-30 02:57:35.706708+00:00,DEV_0862,credential_stuffing,credential_stuffing,credential_stuffing,XGBoost ML Classifier
21fc6d09-11c2-4fa2-828c-299358034598,2026-05-30 02:57:38.108487+00:00,USR_0660,credential_stuffing,credential_stuffing,credential_stuffing,XGBoost ML Classifier
0260df9b-9874-40fc-b44b-38d7ae363389,2026-05-30 02:57:42.181894+00:00,USR_0964,credential_stuffing,credential_stuffing,credential_stuffing,XGBoost ML Classifier
5a96b6f8-f1b5-490b-89cc-52d46c75d4fa,2026-05-30 02:57:42.242337+00:00,USR_0261,credential_stuffing,credential_stuffing,credential_stuffing,XGBoost ML Classifier
00e9f84d-3525-4ade-afdf-a97e70c04081,2026-05-30 02:58:01.124212+00:00,USR_0575,credential_stuffing,credential_stuffing,credential_stuffing,XGBoost ML Classifier
f2fb2da4-c6ea-4ce2-be9e-ac05e8563ae8,2026-05-30 02:58:02.215113+00:00,SRV_0006,credential_stuffing,credential_stuffing,credential_stuffing,XGBoost ML Classifier
66731e8d-a636-42bd-860e-87e943599d81,2026-05-30 02:58:02.230517+00:00,USR_0576,credential_stuffing,credential_stuffing,credential_stuffing,XGBoost ML Classifier
3e0ea16c-a15e-4297-a155-ea6b44765b1e,2026-05-30 02:58:02.494072+00:00,SRV_0055,credential_stuffing,credential_stuffing,credential_stuffing,XGBoost ML Classifier
0d3229fd-f3a0-4732-8b5f-31298f9e896f,2026-05-30 02:58:23.199399+00:00,USR_0860,credential_stuffing,credential_stuffing,credential_stuffing,XGBoost ML Classifier
f77e47ae-1594-489a-819c-57f579cf59f5,2026-05-30 02:58:32.016318+00:00,USR_0775,credential_stuffing,credential_stuffing,credential_stuffing,XGBoost ML Classifier
f1526648-29af-4e3a-9fcc-02d7ce43b3ff,2026-05-30 02:58:32.430534+00:00,USR_0691,credential_stuffing,credential_stuffing,credential_stuffing,XGBoost ML Classifier
b998d134-a6d8-480d-b6b5-5cd63984ac2e,2026-05-30 02:58:41.879116+00:00,DEV_0799,credential_stuffing,credential_stuffing,credential_stuffing,XGBoost ML Classifier
6866500f-77d6-4854-914d-2d466d82e96c,2026-05-30 02:59:00.992442+00:00,USR_0385,credential_stuffing,credential_stuffing,credential_stuffing,XGBoost ML Classifier
2ac720d4-1bff-4d8b-b198-d0641c2923c7,2026-05-30 02:59:03.647532+00:00,SRV_0284,credential_stuffing,credential_stuffing,credential_stuffing,XGBoost ML Classifier
9cc4d953-fff2-4996-8109-c7ef43dc3bba,2026-05-30 02:59:27.484215+00:00,DEV_0904,credential_stuffing,credential_stuffing,credential_stuffing,XGBoost ML Classifier
8fdd8f5e-5ede-4f1d-a072-f5a79dc43748,2026-05-30 02:59:45.871553+00:00,USR_0331,credential_stuffing,credential_stuffing,credential_stuffing,XGBoost ML Classifier
f6b5378d-b73f-4e0a-bc8c-096b65e91b81,2026-05-30 03:07:18+00:00,DEV_0290,normal,unknown,unknown,XGBoost ML Classifier
e0f99037-431d-4700-9cdf-dc7c1c3377f6,2026-05-30 03:29:59+00:00,USR_0172,low_slow_exfil,low_slow_exfil,low_slow_exfil,XGBoost ML Classifier
59d30ec0-dde4-4ba4-8d43-abfc91264f7a,2026-05-30 03:47:04+00:00,USR_0172,low_slow_exfil,low_slow_exfil,low_slow_exfil,XGBoost ML Classifier
1667d2cf-eb71-4820-8bae-138a16eb0382,2026-05-30 03:48:42+00:00,USR_0346,low_slow_exfil,low_slow_exfil,low_slow_exfil,XGBoost ML Classifier
8934c34b-1b37-4b1c-8872-5413ff80f491,2026-05-30 03:51:24+00:00,USR_0351,low_slow_exfil,low_slow_exfil,low_slow_exfil,XGBoost ML Classifier
4ffcf534-715f-4100-b951-f59ad6c375fd,2026-05-30 04:27:40+00:00,DEV_0632,normal,unknown,unknown,XGBoost ML Classifier
75f1063d-e837-4043-8a6a-cfee11e87240,2026-05-30 04:47:14+00:00,DEV_0850,normal,unknown,unknown,XGBoost ML Classifier
6a2dcba2-dfd2-4fb9-85c0-8784b8aa4b21,2026-05-30 05:04:34+00:00,SRV_0728,normal,unknown,unknown,XGBoost ML Classifier
8bd6ef33-b5cf-47e4-ae2c-7ffbd7c55779,2026-05-30 05:08:21+00:00,DEV_0593,normal,unknown,unknown,XGBoost ML Classifier
6b233b99-e5cb-4a2f-953c-843edc77da51,2026-05-30 05:13:09+00:00,SRV_0232,normal,unknown,unknown,XGBoost ML Classifier
e3b79949-7674-4001-a2d7-4ef9971adecd,2026-05-30 05:51:49+00:00,SRV_0457,normal,unknown,unknown,XGBoost ML Classifier
36314a3b-dedf-412a-acf6-602316b0a33d,2026-05-30 06:47:12+00:00,SRV_0301,normal,unknown,unknown,XGBoost ML Classifier
b8a18a85-e098-4f14-94f1-5827f8ba5365,2026-05-30 07:03:10+00:00,SRV_0729,normal,unknown,unknown,XGBoost ML Classifier
dda8252c-e951-4db5-9b0b-77d2ab4ef952,2026-05-30 07:08:46+00:00,SRV_0162,normal,unknown,lateral_movement,XGBoost ML Classifier
471751f0-f67c-496c-95e4-ed6140b3089e,2026-05-30 07:12:14+00:00,SRV_0358,normal,unknown,unknown,XGBoost ML Classifier
78f50f8e-066c-4210-a11d-fbfcec05b52f,2026-05-30 07:26:08+00:00,SRV_0966,normal,unknown,unknown,XGBoost ML Classifier
9118c578-5447-4744-a58e-1ac4b278ff16,2026-05-30 07:59:06+00:00,DEV_0416,normal,unknown,unknown,XGBoost ML Classifier
80f3bbd0-4f8d-42c9-a8f5-a7a7b74a6a3c,2026-05-30 08:00:22+00:00,SRV_0729,normal,unknown,unknown,XGBoost ML Classifier
63c7de36-d65e-4ffe-92ad-42cefc8db91c,2026-05-30 08:07:14+00:00,SRV_0461,normal,unknown,unknown,XGBoost ML Classifier
75e50f64-c44c-4961-b132-84bb2cb08c3e,2026-05-30 08:39:12+00:00,USR_0113,impossible_travel,impossible_travel,impossible_travel,Rule Override: geo_velocity_kmh > 900 km/h AND geo_distance > 500 km
32b95a67-5b67-4799-b859-d197065dd8db,2026-05-30 11:12:23+00:00,DEV_0685,normal,unknown,unknown,XGBoost ML Classifier
9b32234b-e42e-405d-a0f0-2e7b59e540da,2026-05-30 11:25:34+00:00,DEV_0848,normal,unknown,unknown,XGBoost ML Classifier
326b9993-409d-4ba2-b37b-d1c3c46bef0e,2026-05-30 11:33:21+00:00,USR_0855,impossible_travel,impossible_travel,impossible_travel,Rule Override: geo_velocity_kmh > 900 km/h AND geo_distance > 500 km
6e295916-008d-4393-98ac-6867237fe1ac,2026-05-30 12:26:42+00:00,DEV_0065,normal,unknown,unknown,XGBoost ML Classifier
4fe618bf-671f-4326-84db-893746056727,2026-05-30 12:38:27+00:00,SRV_0184,normal,unknown,unknown,XGBoost ML Classifier
ec2003de-3756-4b7c-a8c2-bf83b7afdf5b,2026-05-30 12:41:51+00:00,DEV_0902,normal,unknown,unknown,XGBoost ML Classifier
65899845-b462-4bf8-a204-e978a90b4580,2026-05-30 13:00:39+00:00,USR_0148,device_spoofing,device_spoofing,device_spoofing,XGBoost ML Classifier
07650ca1-98c4-4434-bce4-17c0dab0ff17,2026-05-30 13:09:15+00:00,USR_0584,impossible_travel,impossible_travel,impossible_travel,Rule Override: geo_velocity_kmh > 900 km/h AND geo_distance > 500 km
61c28ec6-9c83-4850-b283-bfd93514bcca,2026-05-30 13:10:04+00:00,SRV_0733,normal,unknown,unknown,XGBoost ML Classifier
ccbdee54-799a-4e1a-9a24-8eccddf77268,2026-05-30 13:30:41+00:00,USR_0695,insider_drift,insider_drift,insider_drift,XGBoost ML Classifier
a7531088-924a-436e-b05e-80c41a2f097c,2026-05-30 14:01:42+00:00,DEV_0820,normal,unknown,unknown,XGBoost ML Classifier
fdf6c47a-ee45-4b57-bdda-a1980fa9f36c,2026-05-30 14:08:34+00:00,USR_0549,impossible_travel,impossible_travel,impossible_travel,Rule Override: geo_velocity_kmh > 900 km/h AND geo_distance > 500 km
4942aeef-bc90-4e64-8ce6-dcbe64f910e0,2026-05-30 14:10:24+00:00,SRV_0729,impossible_travel,impossible_travel,impossible_travel,Rule Override: geo_velocity_kmh > 900 km/h AND geo_distance > 500 km
313488bb-6d94-473f-a5a8-00e545b2cf5f,2026-05-30 14:28:11+00:00,SRV_0004,normal,unknown,unknown,XGBoost ML Classifier
2e535995-6cff-4801-9179-5e2b7fc21340,2026-05-30 14:48:53+00:00,DEV_0274,normal,unknown,unknown,XGBoost ML Classifier
dba8ae7e-c0be-4a4c-ac3c-2a46f3607d5f,2026-05-30 15:28:15+00:00,SRV_0122,impossible_travel,impossible_travel,impossible_travel,Rule Override: geo_velocity_kmh > 900 km/h AND geo_distance > 500 km
0c30c763-7ab0-49eb-a0ef-cfa17eef7a41,2026-05-30 15:28:22+00:00,SRV_0967,impossible_travel,impossible_travel,impossible_travel,Rule Override: geo_velocity_kmh > 900 km/h AND geo_distance > 500 km
135d9ac9-fc92-4f4b-90d5-fecc043cc149,2026-05-30 15:29:07+00:00,USR_0254,normal,unknown,unknown,XGBoost ML Classifier
7fd7f91b-bfd9-4e19-b6d9-772435296aa9,2026-05-30 17:13:40+00:00,DEV_0026,normal,unknown,unknown,XGBoost ML Classifier
8ff0ab8b-ff3c-4a9d-bf2a-8bfc6a033f76,2026-05-30 17:57:16+00:00,USR_0687,insider_drift,insider_drift,insider_drift,XGBoost ML Classifier
06548e56-2c11-470c-a119-fc9025f07fe0,2026-05-30 18:07:16+00:00,SRV_0207,normal,unknown,unknown,XGBoost ML Classifier
74ec0674-0a4d-49a4-9170-70ed8bcccb78,2026-05-30 19:12:04+00:00,DEV_0537,normal,unknown,unknown,XGBoost ML Classifier
a220c88b-2c28-4cfd-ba8a-2f2b374e4f36,2026-05-30 19:15:20+00:00,DEV_0862,normal,unknown,unknown,XGBoost ML Classifier
da94aac4-77aa-4a06-86be-3e18f57fbb01,2026-05-30 20:08:28+00:00,SRV_0477,normal,unknown,unknown,XGBoost ML Classifier
c6b87d65-58fd-410d-9216-ad6122b12781,2026-05-30 20:14:08+00:00,SRV_0936,normal,unknown,unknown,XGBoost ML Classifier
cd635e55-27c0-497d-9882-3d4ef9248d64,2026-05-30 20:27:29+00:00,SRV_0729,normal,unknown,lateral_movement,XGBoost ML Classifier
b9a88e56-0fe5-488f-8b60-8f7f379189ef,2026-05-30 20:43:05+00:00,DEV_0260,impossible_travel,impossible_travel,impossible_travel,Rule Override: geo_velocity_kmh > 900 km/h AND geo_distance > 500 km
7770e4e5-1b39-4304-aaa2-d4a23b51244b,2026-05-30 21:42:04+00:00,DEV_0294,normal,unknown,unknown,XGBoost ML Classifier
3c14dceb-175e-4200-a9bb-2de0af86c6bb,2026-05-30 22:43:43+00:00,SRV_0358,normal,unknown,unknown,XGBoost ML Classifier
02805641-7da2-4854-a8a3-caba2016c66b,2026-05-30 23:59:24+00:00,DEV_0537,normal,unknown,unknown,XGBoost ML Classifier
c45079a4-d732-41ad-b9e4-6220824ab4cf,2026-05-31 00:00:00+00:00,SRV_0645,normal,unknown,unknown,XGBoost ML Classifier
2dee6f65-f70d-4b0b-ac8d-284cd1245f6f,2026-05-31 00:06:24+00:00,SRV_0595,impossible_travel,impossible_travel,impossible_travel,Rule Override: geo_velocity_kmh > 900 km/h AND geo_distance > 500 km
c9ce91d9-15d9-453e-899c-43f87d6ef488,2026-05-31 01:03:05+00:00,USR_0830,low_slow_exfil,low_slow_exfil,low_slow_exfil,XGBoost ML Classifier
236c00da-214e-4668-8278-f240c23ed946,2026-05-31 01:06:44+00:00,USR_0044,low_slow_exfil,low_slow_exfil,low_slow_exfil,XGBoost ML Classifier
d98cbbd0-ff40-4c2f-a3cc-da7a78f6492e,2026-05-31 01:11:27+00:00,USR_0172,low_slow_exfil,low_slow_exfil,low_slow_exfil,XGBoost ML Classifier
626f9461-8197-478e-ae9c-996858838bb7,2026-05-31 01:17:07+00:00,DEV_0416,normal,unknown,unknown,XGBoost ML Classifier
105d57ea-b82c-4b85-8a3e-329dd2b91002,2026-05-31 01:18:53+00:00,USR_0830,low_slow_exfil,low_slow_exfil,low_slow_exfil,XGBoost ML Classifier
a07c18da-c9c3-4890-9510-4892f9e69a53,2026-05-31 01:24:58+00:00,USR_0351,low_slow_exfil,low_slow_exfil,low_slow_exfil,XGBoost ML Classifier
e7635777-93bd-46dd-a77d-703ff600d17b,2026-05-31 01:32:32+00:00,USR_0830,low_slow_exfil,low_slow_exfil,low_slow_exfil,XGBoost ML Classifier
a4763e2c-b3b3-47eb-b740-02b9e3705088,2026-05-31 01:49:14+00:00,USR_0499,low_slow_exfil,low_slow_exfil,low_slow_exfil,XGBoost ML Classifier
9f15f87c-a740-4135-be11-e66df6bca869,2026-05-31 02:01:09+00:00,USR_0119,low_slow_exfil,low_slow_exfil,low_slow_exfil,XGBoost ML Classifier
f7991780-5c65-46f7-b1a7-00f7ea930a7d,2026-05-31 02:07:04+00:00,DEV_0248,normal,unknown,unknown,XGBoost ML Classifier
d23bc10c-30fb-4ba1-885d-17bcfc69ee83,2026-05-31 02:08:14+00:00,USR_0942,low_slow_exfil,low_slow_exfil,low_slow_exfil,XGBoost ML Classifier
7fd5f69e-fb6a-456c-8c36-15a8bd053362,2026-05-31 02:10:04+00:00,USR_0346,low_slow_exfil,low_slow_exfil,low_slow_exfil,XGBoost ML Classifier
e5bea03b-a989-40eb-b6d0-5d5cafb8d90a,2026-05-31 02:16:07+00:00,USR_0838,insider_drift,insider_drift,insider_drift,XGBoost ML Classifier
3ac03764-9f46-4ed5-a5a5-ac97f1d7c124,2026-05-31 02:27:23+00:00,USR_0331,low_slow_exfil,low_slow_exfil,low_slow_exfil,XGBoost ML Classifier
2d3cec92-9452-443c-b37f-97b7ac655e1f,2026-05-31 02:36:02+00:00,USR_0288,low_slow_exfil,low_slow_exfil,low_slow_exfil,XGBoost ML Classifier
135f8aa2-6b86-4ee7-a55a-7b3a7ef9913a,2026-05-31 02:37:28+00:00,USR_0949,low_slow_exfil,low_slow_exfil,low_slow_exfil,XGBoost ML Classifier
2ac1e308-4b29-4eef-a293-7993d958fde7,2026-05-31 02:48:39+00:00,USR_0996,low_slow_exfil,low_slow_exfil,low_slow_exfil,XGBoost ML Classifier
b54b225b-04bb-48b3-9fd8-418d622a167e,2026-05-31 02:59:32+00:00,USR_0942,low_slow_exfil,low_slow_exfil,low_slow_exfil,XGBoost ML Classifier
251723b0-c289-45e1-9834-4163c1b49daa,2026-05-31 03:05:53+00:00,SRV_0767,normal,unknown,unknown,XGBoost ML Classifier
15600455-a947-4670-b087-0c5fdcf7a7b7,2026-05-31 03:10:32+00:00,DEV_0274,normal,unknown,unknown,XGBoost ML Classifier
9c766b70-6cc2-42a9-b7bc-d1f1da93e980,2026-05-31 03:16:11+00:00,USR_0172,low_slow_exfil,low_slow_exfil,low_slow_exfil,XGBoost ML Classifier
98096c6f-a909-4d70-b4cb-fc8f2668fc8d,2026-05-31 03:23:46+00:00,USR_0502,low_slow_exfil,low_slow_exfil,low_slow_exfil,XGBoost ML Classifier
b75b4829-4866-4709-9183-2bba28b1269a,2026-05-31 03:27:09+00:00,USR_0978,low_slow_exfil,low_slow_exfil,low_slow_exfil,XGBoost ML Classifier
7a673821-7a7e-4654-9e0f-b354559b8b89,2026-05-31 03:33:52+00:00,USR_0415,low_slow_exfil,low_slow_exfil,low_slow_exfil,XGBoost ML Classifier
52bfa2e5-cd7e-4879-b4d7-65c369825689,2026-05-31 03:36:27+00:00,USR_0331,low_slow_exfil,low_slow_exfil,low_slow_exfil,XGBoost ML Classifier
60bb58cf-1494-4507-83b5-e6ab3658cfc3,2026-05-31 03:39:51+00:00,USR_0206,low_slow_exfil,low_slow_exfil,low_slow_exfil,XGBoost ML Classifier
e8e1a007-b716-4197-957d-96a4d77f7b72,2026-05-31 03:41:42+00:00,SRV_0966,impossible_travel,impossible_travel,impossible_travel,Rule Override: geo_velocity_kmh > 900 km/h AND geo_distance > 500 km
ebfd4d28-8d6d-4b20-8c9f-7cd8b9e05179,2026-05-31 03:47:20+00:00,USR_0351,low_slow_exfil,low_slow_exfil,low_slow_exfil,XGBoost ML Classifier
9403157a-98bd-4eac-a4a7-e78e0185f0c0,2026-05-31 03:48:11+00:00,USR_0044,low_slow_exfil,low_slow_exfil,low_slow_exfil,XGBoost ML Classifier
02991788-cf91-43cd-9481-881678582f5f,2026-05-31 03:59:15+00:00,USR_0307,low_slow_exfil,low_slow_exfil,low_slow_exfil,XGBoost ML Classifier
f0a5f254-ff1b-4127-a310-777709761cb3,2026-05-31 04:13:56+00:00,USR_0866,device_spoofing,device_spoofing,device_spoofing,XGBoost ML Classifier
c7dda951-3b2e-4fc9-b2f0-5b4b7f3d3518,2026-05-31 04:14:56+00:00,USR_0866,device_spoofing,device_spoofing,device_spoofing,XGBoost ML Classifier
e985430d-0723-4cfa-9176-4bce40ff381c,2026-05-31 04:22:05+00:00,DEV_0788,normal,unknown,unknown,XGBoost ML Classifier
90874e98-4472-4a3a-8e4a-7d7efd90d89b,2026-05-31 05:50:42+00:00,SRV_0372,normal,unknown,unknown,XGBoost ML Classifier
0d9d9b00-5c65-4114-801c-45cabb946704,2026-05-31 06:23:30+00:00,SRV_0743,normal,unknown,unknown,XGBoost ML Classifier
94c7b853-23cc-44f9-bbc9-7e167e819062,2026-05-31 06:37:08+00:00,SRV_0191,normal,unknown,unknown,XGBoost ML Classifier
6a4dfa3a-4f9b-4fe1-8368-fafbaab8283a,2026-05-31 06:37:53+00:00,SRV_0156,normal,unknown,unknown,XGBoost ML Classifier
63f33c25-772b-4070-801e-18fc1233a705,2026-05-31 06:49:16+00:00,DEV_0144,normal,unknown,unknown,XGBoost ML Classifier
6491b991-9675-4b61-b11a-85151d22a4fe,2026-05-31 07:15:48+00:00,DEV_0163,normal,unknown,unknown,XGBoost ML Classifier
3a224940-c931-4df2-8966-e7b4eab9495f,2026-05-31 07:35:25+00:00,SRV_0161,impossible_travel,impossible_travel,impossible_travel,Rule Override: geo_velocity_kmh > 900 km/h AND geo_distance > 500 km
1485997e-598d-46d7-937e-a5eab6fc1579,2026-05-31 08:06:19+00:00,DEV_0537,normal,unknown,unknown,XGBoost ML Classifier
0694cc9b-2770-4534-b446-01e98a2aadff,2026-05-31 08:27:17+00:00,SRV_0570,normal,unknown,unknown,XGBoost ML Classifier
727e9e11-a3e9-495c-b254-fa142f82508c,2026-05-31 08:36:41+00:00,SRV_0819,normal,unknown,unknown,XGBoost ML Classifier
d4c59f67-4f9e-48aa-9463-a471594546f2,2026-05-31 08:59:33+00:00,SRV_0851,normal,unknown,unknown,XGBoost ML Classifier
acff8642-47ff-4d3e-a265-87ed545f2e46,2026-05-31 09:01:48+00:00,USR_0742,impossible_travel,impossible_travel,impossible_travel,Rule Override: geo_velocity_kmh > 900 km/h AND geo_distance > 500 km
2d7b3e5b-e67e-4a01-925f-58a625b8d57f,2026-05-31 09:13:14+00:00,SRV_0750,normal,unknown,unknown,XGBoost ML Classifier
6b0a0525-23d7-415f-a65a-f95dfda30b15,2026-05-31 09:57:15+00:00,DEV_0332,normal,unknown,unknown,XGBoost ML Classifier
6d3a1af0-7f49-4bfd-8459-3b7cd2d2b53f,2026-05-31 09:57:30+00:00,SRV_0818,normal,unknown,unknown,XGBoost ML Classifier
38b79375-53a2-4682-b236-a8f808ab1cc1,2026-05-31 10:00:22+00:00,SRV_0767,normal,unknown,unknown,XGBoost ML Classifier
6a3cd59e-ad3e-47b7-97a3-3a51a42140fe,2026-05-31 10:13:22+00:00,DEV_0849,normal,unknown,unknown,XGBoost ML Classifier
fdecd42c-f725-441f-b70b-3bb0b0664613,2026-05-31 10:15:16+00:00,SRV_0757,impossible_travel,impossible_travel,impossible_travel,Rule Override: geo_velocity_kmh > 900 km/h AND geo_distance > 500 km
ae79cf1d-7dd0-40dd-980e-7a29e23aac7d,2026-05-31 10:19:52+00:00,SRV_0461,normal,unknown,unknown,XGBoost ML Classifier
44735f48-e785-4756-8f91-5ad148dfb09c,2026-05-31 10:30:19+00:00,USR_0520,impossible_travel,impossible_travel,impossible_travel,Rule Override: geo_velocity_kmh > 900 km/h AND geo_distance > 500 km
e853f7b0-c18f-4d66-ad87-4a2e29f6e58d,2026-05-31 11:02:29+00:00,DEV_0332,normal,unknown,unknown,XGBoost ML Classifier
d2f5e593-d9d6-4e50-9856-48c81ae97fa9,2026-05-31 11:06:20+00:00,DEV_0711,device_spoofing,device_spoofing,device_spoofing,XGBoost ML Classifier
3d19e4fb-d6f8-4a59-99f0-868b373d44cf,2026-05-31 11:10:57+00:00,DEV_0368,device_spoofing,device_spoofing,device_spoofing,XGBoost ML Classifier
6e33ae0c-e8b9-41ef-9e48-e91e5aefadd9,2026-05-31 11:44:56+00:00,USR_0879,device_spoofing,device_spoofing,device_spoofing,XGBoost ML Classifier
dab8022f-9975-4348-9855-d7cbe97076e9,2026-05-31 12:12:37+00:00,DEV_0799,normal,unknown,unknown,XGBoost ML Classifier
701daf53-6b8d-4765-be3a-cf7d5e942f11,2026-05-31 12:56:52+00:00,DEV_0030,normal,unknown,unknown,XGBoost ML Classifier
c1066bd8-9f52-49ed-926e-dec8b9d0e673,2026-05-31 13:20:04+00:00,SRV_0798,normal,unknown,unknown,XGBoost ML Classifier
1b4c4f79-53a2-4a82-b3db-93956aa0480f,2026-05-31 13:22:12+00:00,USR_0367,insider_drift,insider_drift,insider_drift,XGBoost ML Classifier
796597f5-f061-48d9-a88a-93cec7d53fcb,2026-05-31 14:09:17+00:00,SRV_0919,normal,unknown,unknown,XGBoost ML Classifier
a6b30630-2eba-4598-b006-e17d4bb2d03b,2026-05-31 14:32:42+00:00,USR_0346,insider_drift,insider_drift,insider_drift,XGBoost ML Classifier
bbe64e94-481c-49ba-8561-9f2643eda520,2026-05-31 15:26:14+00:00,SRV_0461,normal,unknown,unknown,XGBoost ML Classifier
2fae96f1-3040-4fa6-84d8-a1f7538aa964,2026-05-31 15:48:15+00:00,DEV_0416,normal,unknown,unknown,XGBoost ML Classifier
424aa7ac-6a33-42d9-ac53-43eb853d3610,2026-05-31 16:21:47+00:00,SRV_0640,normal,unknown,unknown,XGBoost ML Classifier
e3697f0d-41f3-4de8-9f48-a95b12d5572e,2026-05-31 16:22:49+00:00,DEV_0837,normal,unknown,unknown,XGBoost ML Classifier
980fa453-57ff-4b18-b344-da57f3b5e2d0,2026-05-31 16:26:54+00:00,SRV_0461,normal,unknown,unknown,XGBoost ML Classifier
d94e62d4-2f15-421c-a9fc-3b3de005aa59,2026-05-31 17:07:46+00:00,DEV_0394,normal,unknown,unknown,XGBoost ML Classifier
513e9053-38f9-4fc5-a979-35b0a856209d,2026-05-31 18:27:46+00:00,SRV_0670,normal,unknown,unknown,XGBoost ML Classifier
b6659fd9-59ce-4893-ad39-a3fb269bb688,2026-05-31 18:49:26+00:00,DEV_0993,device_spoofing,device_spoofing,device_spoofing,XGBoost ML Classifier
0e47f63e-d310-4363-b3f5-0d1e059f720d,2026-05-31 19:28:25+00:00,SRV_0462,normal,unknown,unknown,XGBoost ML Classifier
6d9ad4c9-f159-488e-95a5-1dd2fac175d6,2026-05-31 19:52:20+00:00,DEV_0063,normal,unknown,unknown,XGBoost ML Classifier
8896ec4e-c1b8-4795-9a0c-01d907809145,2026-05-31 19:56:13+00:00,SRV_0462,normal,unknown,unknown,XGBoost ML Classifier
ef4dfe02-e740-4e10-8450-c3a285cd78fc,2026-05-31 20:24:15+00:00,SRV_0348,normal,unknown,lateral_movement,XGBoost ML Classifier
415aa45c-d556-43e7-ac7a-eaaab442668e,2026-05-31 20:46:57+00:00,SRV_0697,normal,unknown,unknown,XGBoost ML Classifier
85664240-8f9c-477a-8b4e-682760fca668,2026-05-31 21:40:11+00:00,SRV_0843,normal,unknown,unknown,XGBoost ML Classifier
cdfe6158-1fb9-4c33-8e35-d515b869975e,2026-05-31 21:40:21+00:00,SRV_0161,normal,unknown,unknown,XGBoost ML Classifier
a4c214e6-fb2b-4b39-8078-d7c63801cf7c,2026-05-31 22:01:21+00:00,SRV_0743,normal,unknown,unknown,XGBoost ML Classifier
c30a2eed-62ac-42df-a88c-d147fae6b088,2026-05-31 22:45:25+00:00,SRV_0616,impossible_travel,impossible_travel,impossible_travel,Rule Override: geo_velocity_kmh > 900 km/h AND geo_distance > 500 km
6b2d1a33-ead1-4380-bc80-f996b61458e9,2026-05-31 23:59:24+00:00,SRV_0004,normal,unknown,unknown,XGBoost ML Classifier
aab87816-5414-4eff-8f89-a6c7f10ef84b,2026-05-31 23:59:28.457000+00:00,DEV_0837,normal,unknown,unknown,XGBoost ML Classifier
15e925d8-1b2f-4d4e-be8a-7cbe9519fc90,2026-06-01 00:00:00.872000+00:00,DEV_0371,normal,unknown,unknown,XGBoost ML Classifier
cacc4cc4-1b01-4cca-86e8-f61f9d9ba89a,2026-06-01 00:00:02.096000+00:00,SRV_0078,normal,unknown,unknown,XGBoost ML Classifier
4de17228-6801-4ae8-bb78-6bd5ead3edca,2026-06-01 00:00:04.725000+00:00,DEV_0664,normal,unknown,unknown,XGBoost ML Classifier
d35fe481-93fb-47d1-b8be-a89a2a2accd2,2026-06-01 00:06:00+00:00,SRV_0426,impossible_travel,impossible_travel,impossible_travel,Rule Override: geo_velocity_kmh > 900 km/h AND geo_distance > 500 km
3a677b42-3e33-4206-84e7-cde9f0e2ce0f,2026-06-01 00:07:24+00:00,SRV_0941,impossible_travel,impossible_travel,impossible_travel,Rule Override: geo_velocity_kmh > 900 km/h AND geo_distance > 500 km
65f5ae19-b460-4833-80ed-0018a0a032b3,2026-06-01 00:09:24+00:00,SRV_0750,impossible_travel,impossible_travel,impossible_travel,Rule Override: geo_velocity_kmh > 900 km/h AND geo_distance > 500 km
e27402b8-760e-48b0-9b8d-ca7c776a7ce2,2026-06-01 00:09:24+00:00,SRV_0861,impossible_travel,impossible_travel,impossible_travel,Rule Override: geo_velocity_kmh > 900 km/h AND geo_distance > 500 km
b016d7d9-1b7b-4202-a367-0e5412a43607,2026-06-01 00:39:25+00:00,SRV_0207,normal,unknown,unknown,XGBoost ML Classifier
a8a0429a-8465-4977-abcc-f48ee68e49a3,2026-06-01 01:01:57+00:00,USR_0331,low_slow_exfil,low_slow_exfil,low_slow_exfil,XGBoost ML Classifier
3bba27c7-b1c3-46b5-90fe-92686739631a,2026-06-01 01:15:58+00:00,USR_0978,low_slow_exfil,low_slow_exfil,low_slow_exfil,XGBoost ML Classifier
801612ef-7479-4e3d-b0bf-73d3baebe830,2026-06-01 01:21:38+00:00,USR_0499,low_slow_exfil,low_slow_exfil,low_slow_exfil,XGBoost ML Classifier
03408840-5166-4ac0-ab9c-3028c70815f5,2026-06-01 01:32:21+00:00,USR_0415,low_slow_exfil,low_slow_exfil,low_slow_exfil,XGBoost ML Classifier
aded7405-34e8-447a-9919-3e78e5420656,2026-06-01 01:43:21+00:00,USR_0288,low_slow_exfil,low_slow_exfil,low_slow_exfil,XGBoost ML Classifier
4038d121-bf51-4c33-ac47-fa2cdd10dd55,2026-06-01 01:44:10+00:00,SRV_0078,normal,unknown,unknown,XGBoost ML Classifier
eb7d95ed-a9b4-4ff7-a7b9-963fc7e4302f,2026-06-01 01:44:48+00:00,USR_0996,low_slow_exfil,low_slow_exfil,low_slow_exfil,XGBoost ML Classifier
fc738745-3801-4818-b9b1-6c1ccbf9d458,2026-06-01 01:51:08+00:00,USR_0466,low_slow_exfil,low_slow_exfil,low_slow_exfil,XGBoost ML Classifier
c2226026-59bc-4079-b4a6-b4409e61e586,2026-06-01 02:03:49+00:00,USR_0830,low_slow_exfil,low_slow_exfil,low_slow_exfil,XGBoost ML Classifier
c3743ed6-a5db-4c1d-96cf-02a5db84bd17,2026-06-01 02:10:41+00:00,USR_0466,low_slow_exfil,low_slow_exfil,low_slow_exfil,XGBoost ML Classifier
a4b1cdea-7dcc-49a5-9b65-1f354f3228b1,2026-06-01 02:25:21+00:00,USR_0502,low_slow_exfil,low_slow_exfil,low_slow_exfil,XGBoost ML Classifier
b54960bb-8540-4f86-ad92-70b650388b27,2026-06-01 02:33:31+00:00,USR_0172,low_slow_exfil,low_slow_exfil,low_slow_exfil,XGBoost ML Classifier
b105c61d-ed91-4a69-9d8f-e1415ad61f12,2026-06-01 02:35:19+00:00,USR_0044,low_slow_exfil,low_slow_exfil,low_slow_exfil,XGBoost ML Classifier
b606971d-45fb-41ec-acd3-c93d2ff86bed,2026-06-01 02:36:51+00:00,USR_0351,low_slow_exfil,low_slow_exfil,low_slow_exfil,XGBoost ML Classifier
b030a728-84d4-499b-aa83-9c99e3a2649b,2026-06-01 02:51:35+00:00,USR_0996,low_slow_exfil,low_slow_exfil,low_slow_exfil,XGBoost ML Classifier
8daeebc3-bf03-4eca-8d86-4ad33413661a,2026-06-01 03:00:07+00:00,SRV_0712,normal,unknown,unknown,XGBoost ML Classifier
269399d7-9a97-44b8-9806-794c12177624,2026-06-01 03:04:39+00:00,USR_0830,low_slow_exfil,low_slow_exfil,low_slow_exfil,XGBoost ML Classifier
b50deec7-ea2c-4760-85a0-07b9143970ee,2026-06-01 03:17:12+00:00,USR_0942,low_slow_exfil,low_slow_exfil,low_slow_exfil,XGBoost ML Classifier
5270ae86-9503-408a-8665-d6f501944e78,2026-06-01 03:19:05+00:00,USR_0206,low_slow_exfil,low_slow_exfil,low_slow_exfil,XGBoost ML Classifier
b4a2bceb-8d1b-4744-80e3-79a6356ecdd9,2026-06-01 03:19:57+00:00,USR_0502,low_slow_exfil,low_slow_exfil,low_slow_exfil,XGBoost ML Classifier
51b8bac7-7223-4871-b4c4-4b4c3847c6bd,2026-06-01 03:26:17+00:00,USR_0062,low_slow_exfil,low_slow_exfil,low_slow_exfil,XGBoost ML Classifier
229c9bf2-5970-4613-8f85-c389cb5df84d,2026-06-01 03:30:50+00:00,USR_0415,low_slow_exfil,low_slow_exfil,low_slow_exfil,XGBoost ML Classifier
daf5257c-5676-4077-a9f2-65f6b6af9a84,2026-06-01 03:41:23+00:00,DEV_0692,impossible_travel,impossible_travel,impossible_travel,Rule Override: geo_velocity_kmh > 900 km/h AND geo_distance > 500 km
c4812cd9-4158-4ed8-aaeb-76ca8cef1795,2026-06-01 03:43:26+00:00,SRV_0550,normal,unknown,unknown,XGBoost ML Classifier
243489ed-21e3-47f7-ab72-774973fc0e91,2026-06-01 03:46:03+00:00,USR_0331,low_slow_exfil,low_slow_exfil,low_slow_exfil,XGBoost ML Classifier
a8206dcb-541a-41c1-a019-5ec122d08ebd,2026-06-01 03:52:17+00:00,USR_0719,normal,unknown,unknown,XGBoost ML Classifier
3879c961-921d-4fdc-9226-5e65e8a6ae66,2026-06-01 03:56:58+00:00,USR_0351,low_slow_exfil,low_slow_exfil,low_slow_exfil,XGBoost ML Classifier
f2a799d0-0d52-42f8-afa6-1751252a0787,2026-06-01 03:58:12+00:00,USR_0346,low_slow_exfil,low_slow_exfil,low_slow_exfil,XGBoost ML Classifier
6c893d21-8f6b-4093-9872-1adec56df396,2026-06-01 04:22:33+00:00,SRV_0129,normal,unknown,unknown,XGBoost ML Classifier
23dcc3bd-a5e0-4033-8449-2013c021cddf,2026-06-01 04:29:55+00:00,DEV_0311,normal,unknown,unknown,XGBoost ML Classifier
ab7e0b3c-ffab-4967-a1b8-eba341c70810,2026-06-01 05:04:43+00:00,DEV_0685,normal,unknown,unknown,XGBoost ML Classifier
0b5422c5-edf3-46c2-8251-222df40ce33c,2026-06-01 05:12:33+00:00,DEV_0245,normal,unknown,unknown,XGBoost ML Classifier
dc91e5d1-531a-4613-99f3-72e6a6757113,2026-06-01 05:15:27+00:00,DEV_0384,normal,unknown,unknown,XGBoost ML Classifier
12ba8de2-c994-4fb9-ae76-94f164ae65be,2026-06-01 05:31:33+00:00,DEV_0253,normal,unknown,unknown,XGBoost ML Classifier
9a5715c4-e74b-42af-ba4d-bb4e41b8a5d3,2026-06-01 05:42:05+00:00,DEV_0700,normal,unknown,unknown,XGBoost ML Classifier
583e9f47-95c3-4d1a-968a-abaf0953c0cb,2026-06-01 05:50:19+00:00,USR_0491,normal,unknown,unknown,XGBoost ML Classifier
7a4f890f-5605-4034-a4a1-17505398e844,2026-06-01 06:49:30+00:00,SRV_0630,normal,unknown,unknown,XGBoost ML Classifier
9708a784-0696-407d-8ec5-a56815281fc4,2026-06-01 07:03:38+00:00,USR_0624,normal,unknown,unknown,XGBoost ML Classifier
a5787d6a-be61-47af-947c-e5ada42512b1,2026-06-01 07:15:48+00:00,DEV_0787,normal,unknown,unknown,XGBoost ML Classifier
f10fe3f9-0cec-46b0-9aa0-488fc1cd2def,2026-06-01 07:20:31+00:00,DEV_0383,normal,unknown,unknown,XGBoost ML Classifier
97898bb9-f689-45d6-8e02-ba1e4e9c27b5,2026-06-01 07:26:37+00:00,USR_0894,impossible_travel,impossible_travel,impossible_travel,Rule Override: geo_velocity_kmh > 900 km/h AND geo_distance > 500 km
89fb84d4-314b-4d7f-b256-fe85a94242c4,2026-06-01 07:39:09+00:00,USR_0234,normal,unknown,unknown,XGBoost ML Classifier
5ba1c03b-0155-43d0-90c8-ef7824cd982c,2026-06-01 08:50:28+00:00,USR_0553,device_spoofing,device_spoofing,device_spoofing,XGBoost ML Classifier
1fe76cd8-e7f5-400d-bb62-cbd2a3088d5c,2026-06-01 08:55:09+00:00,USR_0625,normal,unknown,unknown,XGBoost ML Classifier
f3418e13-5e95-4de4-8ccb-cef3ae08dc24,2026-06-01 08:57:17+00:00,USR_0739,impossible_travel,impossible_travel,impossible_travel,Rule Override: geo_velocity_kmh > 900 km/h AND geo_distance > 500 km
3d84d0c4-26ae-40fa-a115-ba8f730e2498,2026-06-01 09:12:29+00:00,USR_0748,impossible_travel,impossible_travel,impossible_travel,Rule Override: geo_velocity_kmh > 900 km/h AND geo_distance > 500 km
ed617896-6481-4728-ae81-e2627fdbc967,2026-06-01 09:15:39+00:00,USR_0319,impossible_travel,impossible_travel,impossible_travel,Rule Override: geo_velocity_kmh > 900 km/h AND geo_distance > 500 km
578f29cc-d3f8-4f30-bfb6-e2ef280d00e2,2026-06-01 09:16:53+00:00,USR_0501,normal,unknown,unknown,XGBoost ML Classifier
5f71b591-cd0b-48d7-86d5-30def2704edd,2026-06-01 09:24:43+00:00,USR_0545,impossible_travel,impossible_travel,impossible_travel,Rule Override: geo_velocity_kmh > 900 km/h AND geo_distance > 500 km
a40d7459-7040-442a-9dbc-e1bdac7546a3,2026-06-01 09:34:59+00:00,SRV_0851,normal,unknown,unknown,XGBoost ML Classifier
2a4005dc-813e-4bfe-961f-0471793d1190,2026-06-01 09:48:06+00:00,DEV_0632,normal,unknown,unknown,XGBoost ML Classifier
2c018eea-f6bd-4bf5-a258-b29c44ae68cc,2026-06-01 09:49:44.268005+00:00,USR_0867,lateral_movement,lateral_movement,lateral_movement,XGBoost ML Classifier
b118caf5-b67f-41f2-acc1-cbfa4740d051,2026-06-01 09:50:19.406425+00:00,USR_0867,lateral_movement,lateral_movement,lateral_movement,XGBoost ML Classifier
5e6fd1b9-942f-4f9a-bd12-f1718bca0ab3,2026-06-01 09:52:47+00:00,DEV_0065,normal,unknown,unknown,XGBoost ML Classifier
ddeda5af-d283-4c73-a1a6-b2738584766d,2026-06-01 09:55:44.390903+00:00,USR_0867,lateral_movement,lateral_movement,lateral_movement,XGBoost ML Classifier
58ef80ef-1726-41ea-81fa-0af66dcc3c70,2026-06-01 10:10:56+00:00,USR_0825,impossible_travel,impossible_travel,impossible_travel,Rule Override: geo_velocity_kmh > 900 km/h AND geo_distance > 500 km
5405c958-8c4b-44ee-85ec-2899ccf2ce5c,2026-06-01 10:26:50+00:00,USR_0239,impossible_travel,impossible_travel,impossible_travel,Rule Override: geo_velocity_kmh > 900 km/h AND geo_distance > 500 km
e76fce98-e383-45aa-90e1-0b3c5b8b6333,2026-06-01 10:33:29+00:00,DEV_0326,normal,unknown,unknown,XGBoost ML Classifier
1008ca49-44ab-4d4a-a689-c6f59c349f85,2026-06-01 10:34:26+00:00,SRV_0209,normal,unknown,unknown,XGBoost ML Classifier
1f167ed6-df98-494a-87c2-fd6df80181c9,2026-06-01 10:37:19+00:00,USR_0347,impossible_travel,impossible_travel,impossible_travel,Rule Override: geo_velocity_kmh > 900 km/h AND geo_distance > 500 km
cdd2b5bd-ef48-46eb-bee6-d290835d20cf,2026-06-01 10:46:30+00:00,DEV_0420,normal,unknown,unknown,XGBoost ML Classifier
8e4cc5b2-fcb9-49a9-9bd6-9631182042e9,2026-06-01 10:55:48+00:00,DEV_0326,normal,unknown,unknown,XGBoost ML Classifier
28d70d58-0c8e-49d6-bb44-71bd2afe2662,2026-06-01 11:20:25+00:00,DEV_0932,normal,unknown,unknown,XGBoost ML Classifier
8db84c8c-44b9-4a38-94ba-f7d80bfe07ca,2026-06-01 11:35:23+00:00,USR_0634,impossible_travel,impossible_travel,impossible_travel,Rule Override: geo_velocity_kmh > 900 km/h AND geo_distance > 500 km
f8233004-5d20-4af9-aa0b-867539bb86cd,2026-06-01 11:47:45+00:00,DEV_0030,normal,unknown,unknown,XGBoost ML Classifier
9b7057b7-c835-418f-b101-3aad5a9e7d6f,2026-06-01 11:55:23+00:00,USR_0651,normal,unknown,unknown,XGBoost ML Classifier
2057cb63-4f79-4492-b03b-abffc8587fad,2026-06-01 12:10:20+00:00,USR_0150,impossible_travel,impossible_travel,impossible_travel,Rule Override: geo_velocity_kmh > 900 km/h AND geo_distance > 500 km
4ff683e1-f565-42a5-aed9-235432890158,2026-06-01 12:13:45+00:00,USR_0634,impossible_travel,impossible_travel,impossible_travel,Rule Override: geo_velocity_kmh > 900 km/h AND geo_distance > 500 km
d68de82b-b570-42c0-9973-ae35ac8bcee0,2026-06-01 12:31:15+00:00,USR_0607,impossible_travel,impossible_travel,impossible_travel,Rule Override: geo_velocity_kmh > 900 km/h AND geo_distance > 500 km
2bbc1370-fd0f-4104-8f81-da98f4383e32,2026-06-01 12:32:56+00:00,USR_0663,impossible_travel,impossible_travel,impossible_travel,Rule Override: geo_velocity_kmh > 900 km/h AND geo_distance > 500 km
e784da29-f72e-48b3-9b8a-c62cb3b1939a,2026-06-01 13:35:57+00:00,DEV_0420,normal,unknown,unknown,XGBoost ML Classifier
44c6287f-cbb6-44fa-a50a-12398d57a916,2026-06-01 13:41:42+00:00,USR_0926,normal,unknown,unknown,XGBoost ML Classifier
5577c268-b3c7-47b8-8bd1-3820a633a739,2026-06-01 14:05:06+00:00,DEV_0290,normal,unknown,unknown,XGBoost ML Classifier
8bcb2dff-dc4a-41a2-8a62-492f16ce7e76,2026-06-01 14:05:42+00:00,SRV_0805,normal,unknown,unknown,XGBoost ML Classifier
c8cf0758-9490-480d-9466-f9dc0b3309f4,2026-06-01 14:20:24+00:00,DEV_0850,normal,unknown,unknown,XGBoost ML Classifier
919e9e1b-e026-47bf-b310-a6ad18b5826f,2026-06-01 14:47:10+00:00,USR_0761,impossible_travel,impossible_travel,impossible_travel,Rule Override: geo_velocity_kmh > 900 km/h AND geo_distance > 500 km
e562a1d9-bb83-4f4f-9232-34347b58976a,2026-06-01 14:55:44+00:00,USR_0445,normal,unknown,unknown,XGBoost ML Classifier
59a3e0b4-422f-45bd-a55f-eb7141be7020,2026-06-01 15:03:13+00:00,DEV_0685,normal,unknown,unknown,XGBoost ML Classifier
12356fa4-35cf-4912-9502-4b2fe4bc479b,2026-06-01 15:05:34+00:00,DEV_0485,normal,unknown,unknown,XGBoost ML Classifier
588c2438-7faa-4e11-bc90-ed4e36a1224b,2026-06-01 15:25:48+00:00,SRV_0283,normal,unknown,unknown,XGBoost ML Classifier
d6f839ab-f4d8-48c4-8ee7-b83fd8734ef1,2026-06-01 15:26:37+00:00,USR_0359,impossible_travel,impossible_travel,impossible_travel,Rule Override: geo_velocity_kmh > 900 km/h AND geo_distance > 500 km
2e957f64-d6ca-4211-b5f3-3ba03950c7d2,2026-06-01 15:27:58+00:00,USR_0320,impossible_travel,impossible_travel,impossible_travel,Rule Override: geo_velocity_kmh > 900 km/h AND geo_distance > 500 km
f44d60d9-27da-475b-b635-063e6c5b364b,2026-06-01 16:00:00+00:00,DEV_0137,normal,unknown,unknown,XGBoost ML Classifier
de81f8ad-d088-4cdd-8158-2199371f0ccb,2026-06-01 16:01:07+00:00,DEV_0685,normal,unknown,unknown,XGBoost ML Classifier
051f652c-f03a-499a-9364-e106fbb10067,2026-06-01 16:29:02+00:00,USR_0367,insider_drift,insider_drift,insider_drift,XGBoost ML Classifier
cfefa1aa-5292-4bdf-a5e1-5ae0519573b6,2026-06-01 16:47:40+00:00,USR_0746,impossible_travel,impossible_travel,impossible_travel,Rule Override: geo_velocity_kmh > 900 km/h AND geo_distance > 500 km
754d0aa2-b090-434b-9719-e53003e75770,2026-06-01 17:22:49+00:00,DEV_0416,normal,unknown,unknown,XGBoost ML Classifier
aacc14c3-c197-43b1-b08b-617db3a31445,2026-06-01 17:23:28+00:00,DEV_0543,normal,unknown,unknown,XGBoost ML Classifier
fd326d46-fbf1-4d70-9b26-75fd93b1dbc8,2026-06-01 18:37:14+00:00,SRV_0161,normal,unknown,unknown,XGBoost ML Classifier
1cf12ff6-58a2-4825-8f3c-719881f880b9,2026-06-01 18:43:03+00:00,DEV_0135,device_spoofing,device_spoofing,device_spoofing,XGBoost ML Classifier
00e35ca9-4a7e-43bf-9a21-953dda62ecd6,2026-06-01 19:08:13+00:00,DEV_0676,normal,unknown,unknown,XGBoost ML Classifier
6e6fd07a-1c89-4387-8f0b-bbcffba550b4,2026-06-01 19:21:27+00:00,SRV_0733,normal,unknown,unknown,XGBoost ML Classifier
d91babbc-ac7e-497c-8a97-36015ad5160d,2026-06-01 20:39:20+00:00,DEV_0534,normal,unknown,unknown,XGBoost ML Classifier
6fc317aa-c9b5-4159-82d2-d236ed07786b,2026-06-01 20:44:34+00:00,DEV_0164,normal,unknown,unknown,XGBoost ML Classifier
08767cfe-5638-4695-ac87-824f2aca1adf,2026-06-01 20:52:55+00:00,DEV_0711,normal,unknown,unknown,XGBoost ML Classifier
4e4881cc-58e6-49c1-b2a3-34c245ccdd83,2026-06-01 21:09:49+00:00,SRV_0640,normal,unknown,unknown,XGBoost ML Classifier
dfd2c21a-c832-404b-84ce-93655cd23e6b,2026-06-01 22:46:54+00:00,SRV_0919,normal,unknown,unknown,XGBoost ML Classifier
cc36ddb7-1cb1-40c2-b944-d41b68582f8d,2026-06-01 23:13:55+00:00,SRV_0361,impossible_travel,impossible_travel,impossible_travel,Rule Override: geo_velocity_kmh > 900 km/h AND geo_distance > 500 km
6f544f31-d0ee-4194-bdf7-86571add1b74,2026-06-01 23:59:24+00:00,DEV_0632,normal,unknown,unknown,XGBoost ML Classifier
a551cb64-7f58-43df-ab6e-78c0587bf898,2026-06-02 00:00:00+00:00,SRV_0348,normal,unknown,unknown,XGBoost ML Classifier
96e0fdec-5b63-4140-a0fb-18feafd63f73,2026-06-02 00:00:00+00:00,SRV_0693,normal,unknown,unknown,XGBoost ML Classifier
293f9b30-6d34-4383-aed9-61abfd225387,2026-06-02 00:00:00+00:00,DEV_0294,normal,unknown,unknown,XGBoost ML Classifier
65f313a5-0cef-45a5-a2ca-11c1fa4ceecf,2026-06-02 00:04:24+00:00,DEV_0493,impossible_travel,impossible_travel,impossible_travel,Rule Override: geo_velocity_kmh > 900 km/h AND geo_distance > 500 km
94038bc9-2a3a-4f3d-8854-4627305a9318,2026-06-02 00:07:00+00:00,SRV_0058,impossible_travel,impossible_travel,impossible_travel,Rule Override: geo_velocity_kmh > 900 km/h AND geo_distance > 500 km
573bf79b-b49a-4c58-bccc-33a14270ba7f,2026-06-02 00:10:24+00:00,DEV_0526,impossible_travel,impossible_travel,impossible_travel,Rule Override: geo_velocity_kmh > 900 km/h AND geo_distance > 500 km
41b15143-f1b8-4190-b1fc-b0fb759b99a9,2026-06-02 01:23:17+00:00,USR_0044,low_slow_exfil,low_slow_exfil,low_slow_exfil,XGBoost ML Classifier
67b4fec5-449b-4e5d-b50b-5bfb2095c419,2026-06-02 01:37:19+00:00,DEV_0260,normal,unknown,unknown,XGBoost ML Classifier
7308a0e4-0743-473c-9343-27972ca09d37,2026-06-02 01:43:43+00:00,SRV_0202,normal,unknown,unknown,XGBoost ML Classifier
500c7c90-ce2f-4038-95b7-24e8ff7fa18f,2026-06-02 01:44:17+00:00,USR_0942,low_slow_exfil,low_slow_exfil,low_slow_exfil,XGBoost ML Classifier
56b56738-1aaf-4d45-b84d-5c16972b3a44,2026-06-02 01:45:34+00:00,USR_0351,low_slow_exfil,low_slow_exfil,low_slow_exfil,XGBoost ML Classifier
6d4f5121-6a5a-4cc1-b999-9e116fb9736a,2026-06-02 01:47:04+00:00,USR_0331,low_slow_exfil,low_slow_exfil,low_slow_exfil,XGBoost ML Classifier
64f65465-d696-4f18-85a5-270b5cd0e077,2026-06-02 01:51:27+00:00,USR_0830,low_slow_exfil,low_slow_exfil,low_slow_exfil,XGBoost ML Classifier
1b9feb79-de87-486c-b4b9-7ff7a86f703e,2026-06-02 01:52:47+00:00,USR_0172,low_slow_exfil,low_slow_exfil,low_slow_exfil,XGBoost ML Classifier
7c26b78f-6a75-4719-a382-f181e3dc6dd5,2026-06-02 01:53:06+00:00,USR_0172,low_slow_exfil,low_slow_exfil,low_slow_exfil,XGBoost ML Classifier
1496706d-3982-4dfb-973a-761d3846d182,2026-06-02 01:54:21+00:00,SRV_0469,normal,unknown,unknown,XGBoost ML Classifier
e3d60854-3b3c-40ae-87a7-e0db11ba2444,2026-06-02 01:56:38+00:00,USR_0206,low_slow_exfil,low_slow_exfil,low_slow_exfil,XGBoost ML Classifier
bf4a59f6-c420-4e34-9116-02061f487224,2026-06-02 02:07:33+00:00,USR_0331,low_slow_exfil,low_slow_exfil,low_slow_exfil,XGBoost ML Classifier
61f053f6-a4b6-40f1-9eb7-28ff36633682,2026-06-02 02:13:23+00:00,SRV_0156,normal,unknown,unknown,XGBoost ML Classifier
26d15ae4-fb6b-491a-adac-9df21e8be04d,2026-06-02 02:17:10+00:00,USR_0466,low_slow_exfil,low_slow_exfil,low_slow_exfil,XGBoost ML Classifier
2b5a7487-e120-4049-a9c2-9ee159c753ae,2026-06-02 02:18:32+00:00,USR_0415,low_slow_exfil,low_slow_exfil,low_slow_exfil,XGBoost ML Classifier
1a77d16c-dca4-4c9d-8645-a23c5491c155,2026-06-02 02:23:15+00:00,USR_0062,low_slow_exfil,low_slow_exfil,low_slow_exfil,XGBoost ML Classifier
25382d15-6c25-4212-aa8a-3f8383a79def,2026-06-02 02:29:31+00:00,USR_0346,low_slow_exfil,low_slow_exfil,low_slow_exfil,XGBoost ML Classifier
5b3dcb4a-68eb-4a68-a77e-a6c690bafe4f,2026-06-02 02:33:17+00:00,USR_0351,low_slow_exfil,low_slow_exfil,low_slow_exfil,XGBoost ML Classifier
9a075332-4442-4ac0-a383-6165e80c8e59,2026-06-02 02:35:40+00:00,DEV_0543,normal,unknown,unknown,XGBoost ML Classifier
d1b133fd-4b04-4662-b23b-2b4bf87cdd0f,2026-06-02 02:52:49+00:00,USR_0288,low_slow_exfil,low_slow_exfil,low_slow_exfil,XGBoost ML Classifier
04a9e118-c86a-460e-bc02-8c63978b14af,2026-06-02 03:15:37+00:00,DEV_0632,normal,unknown,unknown,XGBoost ML Classifier
b417d000-2aba-43ae-a631-ae3722276350,2026-06-02 03:15:50+00:00,USR_0996,low_slow_exfil,low_slow_exfil,low_slow_exfil,XGBoost ML Classifier
56d99fe3-3499-44a9-914b-899335beb5ff,2026-06-02 03:18:41+00:00,DEV_0343,normal,unknown,unknown,XGBoost ML Classifier
3ba64894-d951-4b3c-9628-cca2261239ce,2026-06-02 03:36:25+00:00,USR_0942,low_slow_exfil,low_slow_exfil,low_slow_exfil,XGBoost ML Classifier
da21df99-8782-4f33-96aa-d186290dc8d9,2026-06-02 03:39:09+00:00,USR_0830,low_slow_exfil,low_slow_exfil,low_slow_exfil,XGBoost ML Classifier
94c91e65-dc56-43f2-b3a2-750b0497ec13,2026-06-02 03:40:23+00:00,SRV_0086,impossible_travel,impossible_travel,impossible_travel,Rule Override: geo_velocity_kmh > 900 km/h AND geo_distance > 500 km
b972b037-fb9d-4507-92a6-81a5a6660fde,2026-06-02 03:47:07+00:00,USR_0502,low_slow_exfil,low_slow_exfil,low_slow_exfil,XGBoost ML Classifier
a87246a2-87ad-4528-8727-9401c0d7a008,2026-06-02 03:50:16+00:00,USR_0885,normal,unknown,lateral_movement,XGBoost ML Classifier
2361b663-fdcd-4365-ab8f-9948980e5dd3,2026-06-02 04:04:02+00:00,DEV_0685,normal,unknown,unknown,XGBoost ML Classifier
a71b9b16-621f-4bde-8fd4-dc79f022614c,2026-06-02 04:31:21.942303+00:00,USR_0991,lateral_movement,lateral_movement,lateral_movement,XGBoost ML Classifier
14a3d666-e514-44bd-8573-a41cabbdd564,2026-06-02 04:57:23+00:00,DEV_0437,normal,unknown,unknown,XGBoost ML Classifier
26d069e9-af7a-404d-a693-a28c9aab2f42,2026-06-02 05:42:21+00:00,SRV_0180,impossible_travel,impossible_travel,impossible_travel,Rule Override: geo_velocity_kmh > 900 km/h AND geo_distance > 500 km
c9389ef9-2612-4e1c-bc66-bbefebb93b27,2026-06-02 06:33:56+00:00,USR_0885,impossible_travel,impossible_travel,impossible_travel,Rule Override: geo_velocity_kmh > 900 km/h AND geo_distance > 500 km
14134d19-e831-4bfb-8579-349f3e217cdc,2026-06-02 07:38:24+00:00,SRV_0908,impossible_travel,impossible_travel,impossible_travel,Rule Override: geo_velocity_kmh > 900 km/h AND geo_distance > 500 km
5b1f372a-1ff8-4e96-bacf-89ed394cd829,2026-06-02 07:44:03+00:00,DEV_0514,normal,unknown,unknown,XGBoost ML Classifier
230d44d7-0c3f-4706-bf88-32e6fed70ff7,2026-06-02 08:00:43+00:00,SRV_0712,normal,unknown,unknown,XGBoost ML Classifier
e946a572-b5f2-4fd1-927b-3e6021361389,2026-06-02 09:35:17+00:00,SRV_0693,normal,unknown,unknown,XGBoost ML Classifier
1f9d0277-eefc-4dcf-b3f7-24bae0fafaf2,2026-06-02 09:35:39+00:00,USR_0608,impossible_travel,impossible_travel,impossible_travel,Rule Override: geo_velocity_kmh > 900 km/h AND geo_distance > 500 km
f349f844-7a93-4543-bd3d-49d31e69e061,2026-06-02 09:36:11+00:00,DEV_0485,normal,unknown,unknown,XGBoost ML Classifier
009698c5-1e88-41f8-b39c-3563fe0687c8,2026-06-02 09:44:03+00:00,DEV_0983,impossible_travel,impossible_travel,impossible_travel,Rule Override: geo_velocity_kmh > 900 km/h AND geo_distance > 500 km
ad4d17a4-9924-4084-a7c7-d1eafe5d7571,2026-06-02 09:48:58+00:00,SRV_0798,normal,unknown,unknown,XGBoost ML Classifier
be7a01f7-995e-4e7d-9a46-51a7824898a8,2026-06-02 09:51:42+00:00,SRV_0538,normal,unknown,unknown,XGBoost ML Classifier
a9b27c50-4aae-461c-b721-97f51f4f1c85,2026-06-02 10:06:18+00:00,USR_0244,impossible_travel,impossible_travel,impossible_travel,Rule Override: geo_velocity_kmh > 900 km/h AND geo_distance > 500 km
27ea80f7-3539-4fa2-bef7-4647e9dc10d5,2026-06-02 10:20:36+00:00,USR_0136,impossible_travel,impossible_travel,impossible_travel,Rule Override: geo_velocity_kmh > 900 km/h AND geo_distance > 500 km
3aa92e48-aa2c-44b3-894a-4a5d8bcf137a,2026-06-02 11:12:00+00:00,USR_0770,impossible_travel,impossible_travel,impossible_travel,Rule Override: geo_velocity_kmh > 900 km/h AND geo_distance > 500 km
46421ae1-e97f-414f-9502-bd5dac103e86,2026-06-02 11:41:19+00:00,SRV_0184,normal,unknown,unknown,XGBoost ML Classifier
de66ccaa-da70-42d3-b019-b1daddad5e45,2026-06-02 11:48:50+00:00,USR_0017,normal,unknown,unknown,XGBoost ML Classifier
3bce05cd-8f41-4d3d-b89b-bf519e71b261,2026-06-02 11:51:12+00:00,USR_0789,normal,unknown,unknown,XGBoost ML Classifier
78116acf-282a-454f-ace8-790caafa868b,2026-06-02 11:51:59+00:00,DEV_0009,normal,unknown,unknown,XGBoost ML Classifier
7d432594-340a-4699-b52b-f197a9367df7,2026-06-02 11:58:24+00:00,USR_0130,impossible_travel,impossible_travel,impossible_travel,Rule Override: geo_velocity_kmh > 900 km/h AND geo_distance > 500 km
0000a65a-e83c-4e20-8920-bb6f527c66a0,2026-06-02 12:07:35+00:00,USR_0448,impossible_travel,impossible_travel,impossible_travel,Rule Override: geo_velocity_kmh > 900 km/h AND geo_distance > 500 km
d12db6ca-8ea1-4bbf-9316-5e53e839fa25,2026-06-02 12:16:59+00:00,USR_0667,insider_drift,insider_drift,insider_drift,XGBoost ML Classifier
b7781004-5e35-4e7c-adbc-8445a2655e80,2026-06-02 12:17:11+00:00,USR_0730,normal,unknown,unknown,XGBoost ML Classifier
0d4007af-2535-4f4b-bfbc-300ac01a09ce,2026-06-02 12:43:08+00:00,SRV_0541,normal,unknown,unknown,XGBoost ML Classifier
ec1764dc-efb9-4699-80c0-918fe9cd1dda,2026-06-02 12:58:40+00:00,USR_0937,impossible_travel,impossible_travel,impossible_travel,Rule Override: geo_velocity_kmh > 900 km/h AND geo_distance > 500 km
8eb2b8c9-672f-4fdd-b349-9cfddfb53d37,2026-06-02 13:11:01+00:00,SRV_0670,normal,unknown,unknown,XGBoost ML Classifier
f8161ee9-423b-46ea-b2a7-0e1cf5417d94,2026-06-02 13:30:43+00:00,USR_0176,impossible_travel,impossible_travel,impossible_travel,Rule Override: geo_velocity_kmh > 900 km/h AND geo_distance > 500 km
3538786e-8efc-4269-8619-053efed3de55,2026-06-02 14:12:40+00:00,USR_0032,normal,unknown,insider_drift,XGBoost ML Classifier
f6cf0101-a5bc-4094-b867-20ae91906e72,2026-06-02 14:18:42+00:00,SRV_0159,normal,unknown,unknown,XGBoost ML Classifier
b06cc555-d1ac-4d87-96c4-081594739694,2026-06-02 14:25:12+00:00,USR_0497,impossible_travel,impossible_travel,impossible_travel,Rule Override: geo_velocity_kmh > 900 km/h AND geo_distance > 500 km
6d474aaf-8943-4263-8b3b-551f6d70ba2f,2026-06-02 14:32:10+00:00,DEV_0253,normal,unknown,unknown,XGBoost ML Classifier
f89e86e5-13dc-43fc-964a-63c0d53a11a8,2026-06-02 14:36:20+00:00,SRV_0060,normal,unknown,unknown,XGBoost ML Classifier
5be6cb92-4c71-4176-b721-9d61c2a7a57a,2026-06-02 14:36:43+00:00,USR_0592,impossible_travel,impossible_travel,impossible_travel,Rule Override: geo_velocity_kmh > 900 km/h AND geo_distance > 500 km
a758555e-5ab2-47da-a843-e60f9a7095c7,2026-06-02 15:02:05+00:00,SRV_0232,impossible_travel,impossible_travel,impossible_travel,Rule Override: geo_velocity_kmh > 900 km/h AND geo_distance > 500 km
6001835b-29ac-436f-8236-26bc712e3f7f,2026-06-02 15:14:04+00:00,SRV_0709,normal,unknown,unknown,XGBoost ML Classifier
e436f489-b2a1-41eb-8673-7dc4f0713b02,2026-06-02 15:31:51+00:00,DEV_0848,normal,unknown,unknown,XGBoost ML Classifier
8d9a568e-0e32-4aee-9c6d-dcd482c52a1a,2026-06-02 15:48:52+00:00,DEV_0177,normal,unknown,unknown,XGBoost ML Classifier
416fdb08-0a9a-4ec9-a8ce-4e30d832003c,2026-06-02 15:55:03+00:00,SRV_0702,normal,unknown,unknown,XGBoost ML Classifier
4675689d-a6d3-4c14-9552-a00e0002d859,2026-06-02 16:20:15+00:00,USR_0845,normal,unknown,unknown,XGBoost ML Classifier
40404f51-c169-42d1-86f0-77a8ae203d23,2026-06-02 16:24:43+00:00,USR_0772,impossible_travel,impossible_travel,impossible_travel,Rule Override: geo_velocity_kmh > 900 km/h AND geo_distance > 500 km
a43aae60-ef12-49d8-9fad-4c976176b4f4,2026-06-02 16:24:46+00:00,SRV_0083,normal,unknown,unknown,XGBoost ML Classifier
ba291956-5d08-4949-925b-df8bab7bafe5,2026-06-02 17:01:13+00:00,USR_0503,normal,unknown,unknown,XGBoost ML Classifier
da948280-a6c8-49cb-b489-a28984a7066e,2026-06-02 17:22:38+00:00,SRV_0480,normal,unknown,unknown,XGBoost ML Classifier
67da101c-a1fd-40e2-8c28-0d87b8d8762c,2026-06-02 17:27:11+00:00,SRV_0404,normal,unknown,unknown,XGBoost ML Classifier
90a73b46-7d67-42e2-874d-d17bf4d061a4,2026-06-02 17:37:10+00:00,USR_0077,impossible_travel,impossible_travel,impossible_travel,Rule Override: geo_velocity_kmh > 900 km/h AND geo_distance > 500 km
06274539-e3c1-445a-a4b0-bd0cf7906e27,2026-06-02 18:04:41+00:00,USR_0846,insider_drift,insider_drift,insider_drift,XGBoost ML Classifier
935ac5d5-cb7f-41a2-931e-f2a467eebe90,2026-06-02 18:25:38+00:00,DEV_0485,normal,unknown,unknown,XGBoost ML Classifier
54adeff5-d3ed-4bbc-8ad9-b0a2e03cfaf0,2026-06-02 18:25:53+00:00,DEV_0837,normal,unknown,unknown,XGBoost ML Classifier
9d09e324-db1c-41f3-b8c2-2e9d7b9a4d41,2026-06-02 18:35:46+00:00,USR_0638,insider_drift,insider_drift,insider_drift,XGBoost ML Classifier
d7d91307-febe-4b03-ac42-a4bb0fc80c0e,2026-06-02 18:39:40+00:00,DEV_0237,normal,unknown,unknown,XGBoost ML Classifier
27ca284e-00e6-4151-b664-640d27be6dae,2026-06-02 18:40:15+00:00,USR_0017,normal,unknown,unknown,XGBoost ML Classifier
ff41e853-661f-465a-a7bd-f60d48fafc66,2026-06-02 19:24:23+00:00,USR_0075,normal,unknown,unknown,XGBoost ML Classifier
7cc544e1-5346-4b73-bc04-9c4c8ad3f63e,2026-06-02 19:35:03+00:00,SRV_0404,normal,unknown,unknown,XGBoost ML Classifier
32541099-8296-4fc4-a895-c43c3ce1fd46,2026-06-02 19:37:54+00:00,DEV_0213,impossible_travel,impossible_travel,impossible_travel,Rule Override: geo_velocity_kmh > 900 km/h AND geo_distance > 500 km
2c9e6a66-068b-4e47-bc74-044e349980b9,2026-06-02 19:39:34.860418+00:00,USR_0170,lateral_movement,lateral_movement,lateral_movement,XGBoost ML Classifier
d9ad063d-edb8-494c-abc0-9ae2ed72e79e,2026-06-02 19:41:59.277617+00:00,USR_0170,lateral_movement,lateral_movement,lateral_movement,XGBoost ML Classifier
25d13dc8-edf2-4746-961e-6b5ebd4e1e83,2026-06-02 19:42:48.234598+00:00,USR_0170,lateral_movement,lateral_movement,lateral_movement,XGBoost ML Classifier
6095c5d1-7995-4187-9f47-c1ef5f699c7a,2026-06-02 20:07:33.022756+00:00,DEV_0368,lateral_movement,lateral_movement,unknown,XGBoost ML Classifier
73daa2bf-1bfc-42d8-a436-0c655c900dfd,2026-06-02 20:20:33+00:00,DEV_0711,normal,unknown,unknown,XGBoost ML Classifier
96186194-5c59-42ea-910d-5e2f9a155f0d,2026-06-02 21:09:51+00:00,SRV_0153,normal,unknown,unknown,XGBoost ML Classifier
ac063ad7-d6e3-4051-b0f1-fad56c8eab1a,2026-06-02 21:52:06+00:00,SRV_0161,normal,unknown,unknown,XGBoost ML Classifier
d4a647ab-acc0-4de4-a4fc-f24aaaacc6e2,2026-06-02 22:37:27+00:00,SRV_0628,normal,unknown,unknown,XGBoost ML Classifier
f4d681a2-eb62-4180-b7e8-208904ca15fe,2026-06-02 23:35:09+00:00,DEV_0507,impossible_travel,impossible_travel,impossible_travel,Rule Override: geo_velocity_kmh > 900 km/h AND geo_distance > 500 km
1d1c3a11-b612-40fa-b5e6-b8eace8cdc11,2026-06-02 23:59:33.411000+00:00,SRV_0129,normal,unknown,unknown,XGBoost ML Classifier
ffbafe18-a264-4615-83a0-d66dfafd641d,2026-06-03 00:00:05.808000+00:00,DEV_0212,normal,unknown,unknown,XGBoost ML Classifier
cbbc4c01-2fbc-4011-960a-79b6c68176e2,2026-06-03 00:04:24+00:00,DEV_0067,impossible_travel,impossible_travel,impossible_travel,Rule Override: geo_velocity_kmh > 900 km/h AND geo_distance > 500 km
d2a7eda0-eb05-4e4f-bbae-bcc07271a23f,2026-06-03 00:05:24+00:00,SRV_0128,impossible_travel,impossible_travel,impossible_travel,Rule Override: geo_velocity_kmh > 900 km/h AND geo_distance > 500 km
9dcde6df-dfd9-4ce2-81d5-af6eff0e0598,2026-06-03 00:28:37+00:00,USR_0070,device_spoofing,device_spoofing,device_spoofing,XGBoost ML Classifier
247eb3b1-63b2-49f8-959a-e3c9b70163e8,2026-06-03 01:09:18+00:00,USR_0996,low_slow_exfil,low_slow_exfil,low_slow_exfil,XGBoost ML Classifier
febef3b1-3eb4-4e02-86f6-f40b5f50b564,2026-06-03 01:17:25+00:00,USR_0172,low_slow_exfil,low_slow_exfil,low_slow_exfil,XGBoost ML Classifier
9ec5bc18-ac6f-43df-8dd0-da3b7098e959,2026-06-03 01:19:19+00:00,USR_0062,low_slow_exfil,low_slow_exfil,low_slow_exfil,XGBoost ML Classifier
61406500-8b37-4b59-90ce-fb3463f38664,2026-06-03 01:35:55+00:00,USR_0499,low_slow_exfil,low_slow_exfil,low_slow_exfil,XGBoost ML Classifier
f8688c90-a7c7-4cd7-8656-3fbceebd926a,2026-06-03 01:35:59+00:00,USR_0466,low_slow_exfil,low_slow_exfil,low_slow_exfil,XGBoost ML Classifier
f4a12922-bd09-4365-b82a-5dd09b979372,2026-06-03 01:36:39+00:00,USR_0502,low_slow_exfil,low_slow_exfil,low_slow_exfil,XGBoost ML Classifier
ad944d54-52c5-44fb-9d85-56b7e32ffa1f,2026-06-03 01:45:09.294645+00:00,USR_0576,lateral_movement,lateral_movement,lateral_movement,XGBoost ML Classifier
1c5cb3c5-e823-4575-8d3c-ef2435f17e82,2026-06-03 01:51:41+00:00,USR_0949,low_slow_exfil,low_slow_exfil,low_slow_exfil,XGBoost ML Classifier
f693117e-a1f0-417e-8d54-276fa3b527f7,2026-06-03 01:52:43+00:00,USR_0351,low_slow_exfil,low_slow_exfil,low_slow_exfil,XGBoost ML Classifier
97b6c509-87ef-42ec-ba52-4c1f8ab0dc1b,2026-06-03 01:57:55+00:00,USR_0331,low_slow_exfil,low_slow_exfil,low_slow_exfil,XGBoost ML Classifier
637bbe26-9988-4911-b86c-5286917eb25f,2026-06-03 02:01:00+00:00,USR_0288,low_slow_exfil,low_slow_exfil,low_slow_exfil,XGBoost ML Classifier
83ac4d2d-a4bf-4e20-847a-2656752c066a,2026-06-03 02:08:51+00:00,USR_0830,low_slow_exfil,low_slow_exfil,low_slow_exfil,XGBoost ML Classifier
b1a00e6d-fe97-4f78-a242-d341d556165f,2026-06-03 02:09:12+00:00,USR_0942,low_slow_exfil,low_slow_exfil,low_slow_exfil,XGBoost ML Classifier
36e273ce-5d41-4a32-ab47-8e49eeed7785,2026-06-03 02:15:01+00:00,USR_0331,low_slow_exfil,low_slow_exfil,low_slow_exfil,XGBoost ML Classifier
4814fafc-c647-49f1-9909-fda81c67a3bc,2026-06-03 02:25:30+00:00,USR_0942,low_slow_exfil,low_slow_exfil,low_slow_exfil,XGBoost ML Classifier
6e95e5ba-9590-40f0-90e4-d1b47a807fe4,2026-06-03 02:32:35+00:00,USR_0351,low_slow_exfil,low_slow_exfil,low_slow_exfil,XGBoost ML Classifier
753271ee-cb03-43fc-8015-75651a0e39c6,2026-06-03 02:40:03+00:00,USR_0830,low_slow_exfil,low_slow_exfil,low_slow_exfil,XGBoost ML Classifier
4ee3b24c-7157-44c1-bee1-a0c1550c870c,2026-06-03 02:42:14+00:00,USR_0044,low_slow_exfil,low_slow_exfil,low_slow_exfil,XGBoost ML Classifier
cd3285ae-533e-49d8-920a-86054eba5bc1,2026-06-03 02:55:16+00:00,USR_0172,low_slow_exfil,low_slow_exfil,low_slow_exfil,XGBoost ML Classifier
fade69e1-a889-412f-ac63-56094def1913,2026-06-03 03:01:23+00:00,USR_0415,low_slow_exfil,low_slow_exfil,low_slow_exfil,XGBoost ML Classifier
632a024b-c4f6-455d-a0a6-b278a0002ea8,2026-06-03 03:16:58+00:00,DEV_0571,impossible_travel,impossible_travel,impossible_travel,Rule Override: geo_velocity_kmh > 900 km/h AND geo_distance > 500 km
841155ab-8df2-4156-af2d-08bbc7ded5df,2026-06-03 03:38:05+00:00,USR_0346,low_slow_exfil,low_slow_exfil,low_slow_exfil,XGBoost ML Classifier
8254500c-f1fb-4e0a-af20-2a843a9d8172,2026-06-03 03:39:45+00:00,USR_0466,low_slow_exfil,low_slow_exfil,low_slow_exfil,XGBoost ML Classifier
de368ad3-f615-462d-b8ac-75585b1c57d8,2026-06-03 03:41:59+00:00,USR_0307,low_slow_exfil,low_slow_exfil,low_slow_exfil,XGBoost ML Classifier
2d899790-87cc-47d5-abe1-e6293b873227,2026-06-03 04:04:39+00:00,DEV_0212,normal,unknown,unknown,XGBoost ML Classifier
73750a08-fd87-445d-9092-45c85c71b35e,2026-06-03 04:43:25+00:00,USR_0496,impossible_travel,impossible_travel,impossible_travel,Rule Override: geo_velocity_kmh > 900 km/h AND geo_distance > 500 km
10fabb55-8ea6-4c44-be19-1fdb6df1f869,2026-06-03 04:58:54+00:00,USR_0014,normal,unknown,unknown,XGBoost ML Classifier
96c85801-38d0-4e87-917c-c0ce6256044e,2026-06-03 05:41:54+00:00,SRV_0079,normal,unknown,unknown,XGBoost ML Classifier
202e904a-8339-44eb-9fb7-60721c8d162d,2026-06-03 06:03:56+00:00,USR_0800,insider_drift,insider_drift,insider_drift,XGBoost ML Classifier
ec6edaab-06a3-4b69-8f17-60dc280fad07,2026-06-03 06:12:53+00:00,DEV_0514,normal,unknown,unknown,XGBoost ML Classifier
bed3a51f-e4c9-4472-a470-936a848622bf,2026-06-03 06:59:57+00:00,DEV_0135,normal,unknown,unknown,XGBoost ML Classifier
5fb91621-f0c8-42b2-9c8a-3356905070a9,2026-06-03 07:06:36+00:00,USR_0715,impossible_travel,impossible_travel,impossible_travel,Rule Override: geo_velocity_kmh > 900 km/h AND geo_distance > 500 km
daed4506-3d08-48e9-8615-9d83a2eeff25,2026-06-03 07:29:21+00:00,USR_0454,normal,unknown,unknown,XGBoost ML Classifier
dbd61050-7ea1-4baa-97e2-d006fab16ab4,2026-06-03 07:55:18+00:00,SRV_0743,normal,unknown,unknown,XGBoost ML Classifier
66783c41-c9c4-434e-a377-721cf2f13c62,2026-06-03 08:10:48+00:00,USR_0196,impossible_travel,impossible_travel,impossible_travel,Rule Override: geo_velocity_kmh > 900 km/h AND geo_distance > 500 km
a5e9b110-7845-496f-8aca-81bc131293e8,2026-06-03 08:19:41+00:00,SRV_0702,normal,unknown,unknown,XGBoost ML Classifier
e6a0aeec-4dac-424a-9f58-3b35a11c8534,2026-06-03 08:36:57+00:00,USR_0554,impossible_travel,impossible_travel,impossible_travel,Rule Override: geo_velocity_kmh > 900 km/h AND geo_distance > 500 km
3c6731b3-0329-4bc3-80b3-1445b8786cdf,2026-06-03 09:19:15+00:00,USR_0345,impossible_travel,impossible_travel,impossible_travel,Rule Override: geo_velocity_kmh > 900 km/h AND geo_distance > 500 km
97267dfb-46fb-4778-9f3d-4ad10626959b,2026-06-03 09:31:48+00:00,SRV_0348,normal,unknown,unknown,XGBoost ML Classifier
72a7eb14-df22-4564-a9df-d1fa6a93d5b3,2026-06-03 10:27:23+00:00,USR_0976,normal,unknown,unknown,XGBoost ML Classifier
6ec58b5d-39d5-4a22-8bcb-722b9c92382a,2026-06-03 10:29:38+00:00,DEV_0787,normal,unknown,unknown,XGBoost ML Classifier
d1dee551-04d3-4b82-abeb-09a8a8e1ce67,2026-06-03 10:41:19+00:00,USR_0012,impossible_travel,impossible_travel,impossible_travel,Rule Override: geo_velocity_kmh > 900 km/h AND geo_distance > 500 km
1e9dec40-9ee5-4ff9-af73-d9831413e048,2026-06-03 10:55:47+00:00,SRV_0729,impossible_travel,impossible_travel,impossible_travel,Rule Override: geo_velocity_kmh > 900 km/h AND geo_distance > 500 km
cf423158-2733-42f8-be56-47dde063a92d,2026-06-03 10:58:54+00:00,DEV_0245,normal,unknown,unknown,XGBoost ML Classifier
0f2b8478-8d4e-44ea-80f1-b70e667c8a00,2026-06-03 11:09:19+00:00,USR_0748,normal,unknown,unknown,XGBoost ML Classifier
b32e7849-085e-4785-a998-d9e62642b3e1,2026-06-03 11:28:41+00:00,SRV_0159,impossible_travel,impossible_travel,impossible_travel,Rule Override: geo_velocity_kmh > 900 km/h AND geo_distance > 500 km
22273bce-bf13-4b35-bb7d-855c0e129971,2026-06-03 11:30:48+00:00,USR_0236,normal,unknown,unknown,XGBoost ML Classifier
c3602cee-cdba-4cfb-95b7-b441763020fc,2026-06-03 11:38:27.754693+00:00,USR_0296,lateral_movement,lateral_movement,lateral_movement,XGBoost ML Classifier
8318d7bf-3dfb-4103-a01b-71f7e5ce2345,2026-06-03 11:41:04+00:00,DEV_0932,normal,unknown,unknown,XGBoost ML Classifier
6fc7340c-b6c7-4798-8345-61aa21e16894,2026-06-03 11:50:36+00:00,DEV_0737,impossible_travel,impossible_travel,impossible_travel,Rule Override: geo_velocity_kmh > 900 km/h AND geo_distance > 500 km
c2ceb872-9f65-43d5-82e8-0f8705c59a16,2026-06-03 12:15:14+00:00,DEV_0177,normal,unknown,unknown,XGBoost ML Classifier
a74a2822-6eb0-486f-a79b-8f8ec6b64514,2026-06-03 12:41:40+00:00,USR_0289,normal,unknown,unknown,XGBoost ML Classifier
9c201d83-82bd-473e-831f-1e916a050c34,2026-06-03 12:43:30+00:00,USR_0557,impossible_travel,impossible_travel,impossible_travel,Rule Override: geo_velocity_kmh > 900 km/h AND geo_distance > 500 km
eff72741-7032-4565-8c5d-8508e1b2c7ee,2026-06-03 13:24:09+00:00,DEV_0890,normal,unknown,unknown,XGBoost ML Classifier
f588b0ec-59a4-434f-af6d-a8499265e263,2026-06-03 13:37:58+00:00,DEV_0787,normal,unknown,unknown,XGBoost ML Classifier
bf15dc03-ece8-4034-ab54-12a261cf67a5,2026-06-03 13:38:31+00:00,DEV_0406,impossible_travel,impossible_travel,impossible_travel,Rule Override: geo_velocity_kmh > 900 km/h AND geo_distance > 500 km
1be1a4f5-54f7-404a-b252-2be8d54d0e4a,2026-06-03 13:44:25+00:00,DEV_0664,normal,unknown,unknown,XGBoost ML Classifier
393d86aa-0d6a-440c-b760-cca031214663,2026-06-03 13:54:26+00:00,SRV_0936,impossible_travel,impossible_travel,impossible_travel,Rule Override: geo_velocity_kmh > 900 km/h AND geo_distance > 500 km
8de89af0-541b-4494-aae3-321a4fce2f19,2026-06-03 14:08:57+00:00,USR_0158,impossible_travel,impossible_travel,impossible_travel,Rule Override: geo_velocity_kmh > 900 km/h AND geo_distance > 500 km
12ce0929-f3f0-4ccb-b884-4826f3d3cdd0,2026-06-03 14:14:20+00:00,SRV_0750,normal,unknown,unknown,XGBoost ML Classifier
7a050d8f-9270-4f6c-8091-fabbb84d8edf,2026-06-03 14:16:17+00:00,USR_0323,impossible_travel,impossible_travel,impossible_travel,Rule Override: geo_velocity_kmh > 900 km/h AND geo_distance > 500 km
f6f11cb2-a06a-47ba-a486-647fccd9ef30,2026-06-03 14:21:32+00:00,SRV_0630,normal,unknown,unknown,XGBoost ML Classifier
d60fcebc-628e-4487-a462-22c93816d691,2026-06-03 14:25:39+00:00,DEV_0371,normal,unknown,unknown,XGBoost ML Classifier
fdaa396a-9e1c-4b8b-93ab-af38153ffb9f,2026-06-03 14:31:57+00:00,SRV_0550,normal,unknown,unknown,XGBoost ML Classifier
f5227eb2-80de-4040-880a-803c24fe0dd6,2026-06-03 14:37:13+00:00,SRV_0570,normal,unknown,unknown,XGBoost ML Classifier
fdc4b5bc-be92-4efa-b931-577a78f0234a,2026-06-03 14:59:23+00:00,SRV_0372,normal,unknown,unknown,XGBoost ML Classifier
38c5a59f-f490-487f-b1a7-7e9427544461,2026-06-03 15:09:31+00:00,SRV_0301,normal,unknown,unknown,XGBoost ML Classifier
f8fab403-06e1-41e7-9b09-5c779a4635c8,2026-06-03 15:22:08+00:00,USR_0913,normal,unknown,insider_drift,XGBoost ML Classifier
b43a022c-8760-46e0-8e7f-64744c2c37c3,2026-06-03 15:23:43+00:00,DEV_0294,normal,unknown,unknown,XGBoost ML Classifier
b13ff3e6-f75d-4e1b-b609-145fd203ee1c,2026-06-03 15:46:52+00:00,USR_0607,impossible_travel,impossible_travel,impossible_travel,Rule Override: geo_velocity_kmh > 900 km/h AND geo_distance > 500 km
4d755d5d-f1bd-4f43-aef1-a0af99297da5,2026-06-03 15:55:10+00:00,SRV_0538,normal,unknown,unknown,XGBoost ML Classifier
ddefecd5-7a72-42f0-bf79-797f664f8348,2026-06-03 16:02:14+00:00,USR_0166,impossible_travel,impossible_travel,impossible_travel,Rule Override: geo_velocity_kmh > 900 km/h AND geo_distance > 500 km
81d0e5ea-f25b-4491-994d-ac0047dc985d,2026-06-03 16:06:48+00:00,SRV_0919,normal,unknown,unknown,XGBoost ML Classifier
8e4aba33-bbff-4bf9-ac62-55d957d6cc04,2026-06-03 16:25:44+00:00,SRV_0934,normal,unknown,unknown,XGBoost ML Classifier
91b5706b-ca8b-4b79-b4c8-f472a31b0553,2026-06-03 16:40:49+00:00,USR_0624,normal,unknown,lateral_movement,XGBoost ML Classifier
340bc7e7-bb21-4c99-8927-2e08254bc4b6,2026-06-03 16:41:01+00:00,DEV_0849,normal,unknown,unknown,XGBoost ML Classifier
945bbf10-937f-45d9-a11d-71214c3e3457,2026-06-03 16:44:03+00:00,USR_0524,impossible_travel,impossible_travel,impossible_travel,Rule Override: geo_velocity_kmh > 900 km/h AND geo_distance > 500 km
92c6fd63-67c6-4e46-b34b-29b03d6d3521,2026-06-03 16:49:12+00:00,USR_0789,impossible_travel,impossible_travel,impossible_travel,Rule Override: geo_velocity_kmh > 900 km/h AND geo_distance > 500 km
a069817c-acf2-4970-a98b-aa15b585b633,2026-06-03 17:07:26+00:00,USR_0048,normal,unknown,unknown,XGBoost ML Classifier
a012884b-3ccc-4654-aaf4-5008d770f79a,2026-06-03 17:16:18+00:00,DEV_0163,normal,unknown,unknown,XGBoost ML Classifier
0d9aba32-827b-4c33-9e6c-00cfbf906a4e,2026-06-03 17:22:04+00:00,USR_0038,normal,unknown,unknown,XGBoost ML Classifier
524c55e5-933d-481d-99c4-05137d06f639,2026-06-03 17:35:25+00:00,DEV_0437,normal,unknown,unknown,XGBoost ML Classifier
4f186831-d2a8-48f5-82c8-2a651227ac86,2026-06-03 17:42:10+00:00,USR_0912,normal,unknown,unknown,XGBoost ML Classifier
43b43ef2-b08f-4675-8751-f57dadb7700f,2026-06-03 18:05:55+00:00,USR_0289,impossible_travel,impossible_travel,impossible_travel,Rule Override: geo_velocity_kmh > 900 km/h AND geo_distance > 500 km
364faa5c-0ec6-48bf-85bf-889bafc4f792,2026-06-03 18:08:24+00:00,USR_0015,impossible_travel,impossible_travel,impossible_travel,Rule Override: geo_velocity_kmh > 900 km/h AND geo_distance > 500 km
18c77df3-a087-45ec-aeae-b822cf1951a1,2026-06-03 18:13:59+00:00,DEV_0685,normal,unknown,unknown,XGBoost ML Classifier
22e102f2-32d4-4b91-be6d-059d396f54d1,2026-06-03 18:17:57+00:00,DEV_0664,normal,unknown,unknown,XGBoost ML Classifier
97e6a201-88a1-40e6-8997-2bec9b1e3f9f,2026-06-03 18:36:07+00:00,DEV_0144,normal,unknown,unknown,XGBoost ML Classifier
c201adce-7e14-4eaa-a30b-1e11be418f55,2026-06-03 18:42:36+00:00,SRV_0477,normal,unknown,unknown,XGBoost ML Classifier
d9164f70-059c-4bb9-9b64-915ee995c5c5,2026-06-03 18:55:29+00:00,SRV_0616,impossible_travel,impossible_travel,impossible_travel,Rule Override: geo_velocity_kmh > 900 km/h AND geo_distance > 500 km
5c1fe35b-17ce-4d6e-92da-b656246dff7f,2026-06-03 19:17:55+00:00,USR_0667,insider_drift,insider_drift,insider_drift,XGBoost ML Classifier
e58538c7-5d46-4956-a7a0-99d91dbdbeb2,2026-06-03 19:37:31+00:00,DEV_0311,normal,unknown,unknown,XGBoost ML Classifier
e441a967-0bd8-44ba-bc9d-20791b492e31,2026-06-03 20:36:16+00:00,DEV_0009,normal,unknown,unknown,XGBoost ML Classifier
510b93f7-3c86-4b1e-992f-ae30906a3fbe,2026-06-03 20:42:46+00:00,DEV_0635,normal,unknown,unknown,XGBoost ML Classifier
d53e4b89-8a29-4707-bd1a-1fe179068f25,2026-06-03 20:49:30+00:00,USR_0518,device_spoofing,device_spoofing,device_spoofing,XGBoost ML Classifier
2bbd8e6b-34d1-40b2-9b73-0fc63cbf5a34,2026-06-03 21:08:56+00:00,SRV_0606,normal,unknown,unknown,XGBoost ML Classifier
98186b4f-370c-45ba-9fec-cec48e76111b,2026-06-03 23:59:25.782000+00:00,SRV_0081,normal,unknown,unknown,XGBoost ML Classifier
414cf6a6-9f30-482c-9860-3db97950532e,2026-06-03 23:59:28.061000+00:00,SRV_0162,normal,unknown,unknown,XGBoost ML Classifier
131cce79-838d-40fd-9003-94a7e452c5ed,2026-06-04 00:00:00+00:00,SRV_0184,normal,unknown,unknown,XGBoost ML Classifier
ed6767f5-3d63-4035-aad8-cd2b90ae2737,2026-06-04 00:00:01.783000+00:00,SRV_0731,normal,unknown,unknown,XGBoost ML Classifier
4ac20a01-6d18-4f66-b647-b7eecbf15600,2026-06-04 00:00:02.002000+00:00,DEV_0685,normal,unknown,unknown,XGBoost ML Classifier
650f1748-a2a1-44a5-bd83-90df34ff789b,2026-06-04 00:47:47+00:00,DEV_0026,impossible_travel,impossible_travel,impossible_travel,Rule Override: geo_velocity_kmh > 900 km/h AND geo_distance > 500 km
4d1a1938-7731-42ad-931d-51de3890ce30,2026-06-04 01:00:00+00:00,USR_0502,low_slow_exfil,low_slow_exfil,low_slow_exfil,XGBoost ML Classifier
c4303daf-5c9d-4006-941d-1d2b4feb6aa7,2026-06-04 01:08:20+00:00,USR_0499,low_slow_exfil,low_slow_exfil,low_slow_exfil,XGBoost ML Classifier
91a2565c-19ec-47ae-bb21-8ce174d31f7b,2026-06-04 01:20:29+00:00,USR_0996,low_slow_exfil,low_slow_exfil,low_slow_exfil,XGBoost ML Classifier
c4c324e3-438e-46d8-9c66-143c21877f25,2026-06-04 01:31:09+00:00,USR_0502,low_slow_exfil,low_slow_exfil,low_slow_exfil,XGBoost ML Classifier
6e662776-29c9-4a85-8363-255ae78356f8,2026-06-04 01:35:25+00:00,USR_0466,low_slow_exfil,low_slow_exfil,low_slow_exfil,XGBoost ML Classifier
17a4df0c-b3cd-4ee7-8b51-8c50da21d530,2026-06-04 01:51:35+00:00,USR_0062,low_slow_exfil,low_slow_exfil,low_slow_exfil,XGBoost ML Classifier
c4816fbc-8ec3-4bfa-ac99-6e8312855e70,2026-06-04 02:08:32+00:00,USR_0288,low_slow_exfil,low_slow_exfil,low_slow_exfil,XGBoost ML Classifier
1b6d7023-aa42-4f7b-8efd-f45a63d21de6,2026-06-04 02:14:31+00:00,SRV_0457,normal,unknown,unknown,XGBoost ML Classifier
b3256b35-2d07-4064-b02a-12d9f831f143,2026-06-04 02:24:31+00:00,USR_0830,low_slow_exfil,low_slow_exfil,low_slow_exfil,XGBoost ML Classifier
23ecff71-45ed-4c29-8b81-e5cd016b5299,2026-06-04 02:26:30+00:00,USR_0044,low_slow_exfil,low_slow_exfil,low_slow_exfil,XGBoost ML Classifier
83aac27e-182a-418b-8cc7-c2b9abe3524a,2026-06-04 02:28:49+00:00,USR_0830,low_slow_exfil,low_slow_exfil,low_slow_exfil,XGBoost ML Classifier
9b3c4564-4a77-48f7-ae81-91a833f943c0,2026-06-04 02:41:34+00:00,USR_0331,low_slow_exfil,low_slow_exfil,low_slow_exfil,XGBoost ML Classifier
711c4944-83f2-4a73-9854-39c22fe79eb8,2026-06-04 02:44:07+00:00,DEV_0514,normal,unknown,unknown,XGBoost ML Classifier
cb2729c3-ebcf-47f0-87cb-1049aa71fdf4,2026-06-04 02:48:38+00:00,USR_0346,low_slow_exfil,low_slow_exfil,low_slow_exfil,XGBoost ML Classifier
1a8e2749-150b-4bc6-b4c5-d12429e5b4a0,2026-06-04 02:52:05+00:00,DEV_0383,normal,unknown,unknown,XGBoost ML Classifier
e7c9fda7-3525-4380-8ade-c6646b95b269,2026-06-04 03:04:27+00:00,USR_0331,low_slow_exfil,low_slow_exfil,low_slow_exfil,XGBoost ML Classifier
71cf763b-9db5-4a97-bfda-c0f1576a36b0,2026-06-04 03:15:55+00:00,SRV_0081,normal,unknown,unknown,XGBoost ML Classifier
928f4ce5-781b-4aa1-ac90-75c57866187e,2026-06-04 03:21:29+00:00,USR_0942,low_slow_exfil,low_slow_exfil,low_slow_exfil,XGBoost ML Classifier
6593511f-d5f7-4865-9268-ec0b74b13239,2026-06-04 03:24:00+00:00,USR_0172,low_slow_exfil,low_slow_exfil,low_slow_exfil,XGBoost ML Classifier
b1ce3c25-5cb3-49a2-a39a-d9814553dee5,2026-06-04 03:27:23+00:00,DEV_0253,normal,unknown,unknown,XGBoost ML Classifier
5f22bf2f-9fa7-4ccd-9f74-256b47f72806,2026-06-04 03:28:56+00:00,USR_0942,low_slow_exfil,low_slow_exfil,low_slow_exfil,XGBoost ML Classifier
9c81ac75-b2fe-4c3f-b163-e3b8d83e3438,2026-06-04 03:38:41+00:00,USR_0172,low_slow_exfil,low_slow_exfil,low_slow_exfil,XGBoost ML Classifier
cbe6a2d8-272e-4282-941c-e8b6951fd9d6,2026-06-04 03:40:20+00:00,USR_0119,low_slow_exfil,low_slow_exfil,low_slow_exfil,XGBoost ML Classifier
55d69911-5827-4bfa-b24b-cfc97fb86195,2026-06-04 03:49:08+00:00,USR_0415,low_slow_exfil,low_slow_exfil,low_slow_exfil,XGBoost ML Classifier
d9bed4a7-f7fd-4677-a8f3-2daa546b194d,2026-06-04 04:21:12+00:00,SRV_0184,normal,unknown,unknown,XGBoost ML Classifier
a50628ac-b743-4aac-84ba-422749263dc7,2026-06-04 04:48:10+00:00,DEV_0685,normal,unknown,unknown,XGBoost ML Classifier
6446d69b-357b-4c99-800d-2953c1279cab,2026-06-04 05:03:38+00:00,SRV_0743,normal,unknown,unknown,XGBoost ML Classifier
eb45fefa-ecd5-4fc4-b049-ae4c22b3e6eb,2026-06-04 05:29:35+00:00,SRV_0207,normal,unknown,unknown,XGBoost ML Classifier
b253b631-9744-4086-a156-6c29613e7446,2026-06-04 05:29:45+00:00,DEV_0593,normal,unknown,unknown,XGBoost ML Classifier
27c15802-78ce-435a-bb37-a1b37fd1d3bb,2026-06-04 05:43:59+00:00,SRV_0733,impossible_travel,impossible_travel,impossible_travel,Rule Override: geo_velocity_kmh > 900 km/h AND geo_distance > 500 km
aa42a8cd-72e4-4351-b192-300e0406f5bd,2026-06-04 06:05:33+00:00,DEV_0013,normal,unknown,unknown,XGBoost ML Classifier
45a75592-6ddd-4535-9831-5feb95af3b75,2026-06-04 06:45:20+00:00,USR_0246,normal,unknown,lateral_movement,XGBoost ML Classifier
181ec393-03c4-451b-bfc2-b6deec3b5173,2026-06-04 06:47:06+00:00,SRV_0908,normal,unknown,unknown,XGBoost ML Classifier
03e8e99e-3377-47e2-8cf9-349e8eaa6ddf,2026-06-04 06:58:33+00:00,USR_0048,impossible_travel,impossible_travel,impossible_travel,Rule Override: geo_velocity_kmh > 900 km/h AND geo_distance > 500 km
901bbeb9-2efd-4dee-be24-a91fda34f21d,2026-06-04 07:00:31+00:00,SRV_0184,normal,unknown,unknown,XGBoost ML Classifier
57796b4f-0ac6-44ba-94d3-37652b203d2b,2026-06-04 07:30:22+00:00,USR_0764,normal,unknown,unknown,XGBoost ML Classifier
3b7a7e9d-9bb0-4746-8d7c-fcfc548c830a,2026-06-04 07:58:06+00:00,DEV_0664,normal,unknown,unknown,XGBoost ML Classifier
f2d69957-8d4f-4d31-8b1b-14bc7a041a42,2026-06-04 08:25:44+00:00,DEV_0444,normal,unknown,unknown,XGBoost ML Classifier
4e9a73f7-b7bf-47e1-846d-636ef4b7351c,2026-06-04 09:24:25+00:00,USR_0822,impossible_travel,impossible_travel,impossible_travel,Rule Override: geo_velocity_kmh > 900 km/h AND geo_distance > 500 km
10345211-639a-4d54-b815-1987317d0ee1,2026-06-04 09:30:18+00:00,USR_0997,impossible_travel,impossible_travel,impossible_travel,Rule Override: geo_velocity_kmh > 900 km/h AND geo_distance > 500 km
8be2da11-a35c-4fed-8406-0f3c450a26de,2026-06-04 09:32:52+00:00,SRV_0970,normal,unknown,unknown,XGBoost ML Classifier
3f671950-daf4-47f8-ad8c-a82384751049,2026-06-04 09:49:53+00:00,USR_0178,insider_drift,insider_drift,insider_drift,XGBoost ML Classifier
2ecb8b71-e032-4a75-9bf0-64d829f48a86,2026-06-04 09:58:05+00:00,DEV_0635,normal,unknown,unknown,XGBoost ML Classifier
a7953752-5386-40f7-b46f-9f6d3b783302,2026-06-04 10:04:23+00:00,DEV_0279,normal,unknown,unknown,XGBoost ML Classifier
3ee51305-5960-4694-bc02-fbf438fc7a1c,2026-06-04 10:15:00+00:00,USR_0928,impossible_travel,impossible_travel,impossible_travel,Rule Override: geo_velocity_kmh > 900 km/h AND geo_distance > 500 km
cb97e489-5924-4b49-84f9-44fa03727194,2026-06-04 11:01:43+00:00,DEV_0177,normal,unknown,unknown,XGBoost ML Classifier
79d4b4b6-3ad8-4514-a462-e031279b664c,2026-06-04 11:36:50+00:00,USR_0617,normal,unknown,unknown,XGBoost ML Classifier
f4aaeb50-a0a4-4eef-8691-78e41eb9290c,2026-06-04 11:38:43+00:00,USR_0679,impossible_travel,impossible_travel,impossible_travel,Rule Override: geo_velocity_kmh > 900 km/h AND geo_distance > 500 km
980ea35f-d3f8-4797-9edf-294a30a85aa6,2026-06-04 11:58:27+00:00,USR_0760,normal,unknown,insider_drift,XGBoost ML Classifier
caea3e26-8440-4cc3-aeae-2d110d8ef6a7,2026-06-04 12:11:34+00:00,DEV_0787,normal,unknown,unknown,XGBoost ML Classifier
1c46df06-5801-4aa9-9886-7733b2c480ce,2026-06-04 12:18:27+00:00,SRV_0348,normal,unknown,unknown,XGBoost ML Classifier
24b9f0df-7888-4bc3-88ca-8c28abbe4c7e,2026-06-04 12:18:52+00:00,USR_0891,device_spoofing,device_spoofing,device_spoofing,XGBoost ML Classifier
867435fd-8324-420f-9c7a-c42e966b7523,2026-06-04 12:50:24+00:00,DEV_0311,normal,unknown,unknown,XGBoost ML Classifier
b7cda9da-3f8c-4bf7-92b0-7f9c769501a1,2026-06-04 12:55:27+00:00,SRV_0798,normal,unknown,unknown,XGBoost ML Classifier
e6cdd428-9de4-4d34-aa40-8f6310cfa143,2026-06-04 13:11:09+00:00,USR_0223,impossible_travel,impossible_travel,impossible_travel,Rule Override: geo_velocity_kmh > 900 km/h AND geo_distance > 500 km
1d80b9b5-63f4-4333-9043-444cb5764677,2026-06-04 13:22:35+00:00,DEV_0787,normal,unknown,unknown,XGBoost ML Classifier
d5e33875-ea6b-4b39-8317-a21d446c5b65,2026-06-04 13:56:19+00:00,DEV_0084,normal,unknown,unknown,XGBoost ML Classifier
045ac7b3-6950-4be8-93a8-704a4cdc027f,2026-06-04 14:00:16+00:00,SRV_0352,impossible_travel,impossible_travel,impossible_travel,Rule Override: geo_velocity_kmh > 900 km/h AND geo_distance > 500 km
5d5d80bd-9235-407a-9ee2-649013a58de5,2026-06-04 14:01:23+00:00,SRV_0209,normal,unknown,unknown,XGBoost ML Classifier
4fd87422-430d-4d23-9f51-6c470cff19de,2026-06-04 14:13:00+00:00,SRV_0970,normal,unknown,unknown,XGBoost ML Classifier
1f6a15ca-bd36-4b21-9450-ab47bbeffc55,2026-06-04 14:29:25+00:00,SRV_0731,normal,unknown,unknown,XGBoost ML Classifier
851c8798-e727-470b-978f-36005e7cc36f,2026-06-04 14:51:32+00:00,SRV_0079,normal,unknown,unknown,XGBoost ML Classifier
d99938f0-8728-446b-bdc6-5030dd3e6e03,2026-06-04 14:52:26+00:00,USR_0567,insider_drift,insider_drift,insider_drift,XGBoost ML Classifier
a2ef5743-9537-459b-bb60-ad3bf0366ddf,2026-06-04 14:57:48+00:00,DEV_0768,normal,unknown,unknown,XGBoost ML Classifier
46ba4bc1-8c9f-4a03-8881-8327b4aa4e8d,2026-06-04 15:41:04+00:00,DEV_0164,normal,unknown,unknown,XGBoost ML Classifier
28d7a2bc-effb-4568-bece-af61087acf18,2026-06-04 15:45:23+00:00,DEV_0026,normal,unknown,unknown,XGBoost ML Classifier
d2811e45-c2a5-4fd4-81e8-e41735eb28f7,2026-06-04 15:55:24+00:00,USR_0690,impossible_travel,impossible_travel,impossible_travel,Rule Override: geo_velocity_kmh > 900 km/h AND geo_distance > 500 km
ba351222-2dac-4fa7-a281-308d0b4a6f12,2026-06-04 16:06:07+00:00,USR_0044,impossible_travel,impossible_travel,impossible_travel,Rule Override: geo_velocity_kmh > 900 km/h AND geo_distance > 500 km
84d20722-c9c3-4a52-9ed7-e2f41a674b8a,2026-06-04 16:20:11+00:00,USR_0422,impossible_travel,impossible_travel,impossible_travel,Rule Override: geo_velocity_kmh > 900 km/h AND geo_distance > 500 km
f3af6875-403b-484e-ae51-7a509fc1f287,2026-06-04 16:29:38+00:00,USR_0741,impossible_travel,impossible_travel,impossible_travel,Rule Override: geo_velocity_kmh > 900 km/h AND geo_distance > 500 km
1260ef64-7737-4ce7-abc9-3809dae08ef2,2026-06-04 16:49:23+00:00,SRV_0404,normal,unknown,unknown,XGBoost ML Classifier
163b2cd0-b177-41c8-b3ea-4a5ed52207be,2026-06-04 17:55:05+00:00,USR_0615,normal,unknown,unknown,XGBoost ML Classifier
a8f60b97-fe52-4356-bddd-2acbc9536ce7,2026-06-04 18:14:02+00:00,USR_0638,insider_drift,insider_drift,insider_drift,XGBoost ML Classifier
026e8047-9434-4759-be04-9b57d37cee6a,2026-06-04 18:18:53+00:00,SRV_0128,normal,unknown,unknown,XGBoost ML Classifier
31eee918-7f03-49f8-879c-b5095ae5e5dd,2026-06-04 18:38:00+00:00,SRV_0293,normal,unknown,unknown,XGBoost ML Classifier
6d772948-e786-4df1-9a72-388e2b4fff65,2026-06-04 18:43:35+00:00,DEV_0773,impossible_travel,impossible_travel,impossible_travel,Rule Override: geo_velocity_kmh > 900 km/h AND geo_distance > 500 km
0575f6b3-e597-446d-b2ab-b00190edc8a6,2026-06-04 18:47:02+00:00,DEV_0444,normal,unknown,unknown,XGBoost ML Classifier
9162efae-d4f1-4777-9a2e-d38fd42669ec,2026-06-04 19:04:48+00:00,USR_0125,impossible_travel,impossible_travel,impossible_travel,Rule Override: geo_velocity_kmh > 900 km/h AND geo_distance > 500 km
3b16a309-23cf-4cad-999e-e943e526fce2,2026-06-04 19:24:53+00:00,USR_0115,impossible_travel,impossible_travel,impossible_travel,Rule Override: geo_velocity_kmh > 900 km/h AND geo_distance > 500 km
a006e5be-cc66-4937-8876-819e637063d5,2026-06-04 19:38:02+00:00,SRV_0209,normal,unknown,unknown,XGBoost ML Classifier
b279f5e3-d825-4075-b71d-0eccc08ac7f7,2026-06-04 19:46:06+00:00,SRV_0162,normal,unknown,unknown,XGBoost ML Classifier
e828741a-f8d9-49d5-b9d7-6e2c33c0089d,2026-06-04 20:00:04+00:00,DEV_0177,normal,unknown,unknown,XGBoost ML Classifier
0f98a552-b0a1-41d9-92cd-407c037151f9,2026-06-04 20:19:56+00:00,DEV_0924,impossible_travel,impossible_travel,impossible_travel,Rule Override: geo_velocity_kmh > 900 km/h AND geo_distance > 500 km
5ea298e5-b8c2-419c-9abc-8ec5a0eae842,2026-06-04 21:48:57+00:00,DEV_0947,normal,unknown,unknown,XGBoost ML Classifier
b0dae8f8-a033-4b93-a86a-1882f021fefd,2026-06-04 22:40:11+00:00,SRV_0462,normal,unknown,unknown,XGBoost ML Classifier
d5e98f16-54f8-42ba-9f18-ae8811a0a232,2026-06-04 23:09:46+00:00,DEV_0877,normal,unknown,unknown,XGBoost ML Classifier
f9b96fc3-d679-4985-8267-ddf130f0b3bd,2026-06-04 23:39:29+00:00,DEV_0114,impossible_travel,impossible_travel,impossible_travel,Rule Override: geo_velocity_kmh > 900 km/h AND geo_distance > 500 km
c6f96534-4c33-4831-ace7-aa96f2250f1c,2026-06-05 00:00:00+00:00,SRV_0232,normal,unknown,unknown,XGBoost ML Classifier
53cd99bf-a007-4944-a093-ca9c47c8b363,2026-06-05 00:10:24+00:00,SRV_0900,impossible_travel,impossible_travel,impossible_travel,Rule Override: geo_velocity_kmh > 900 km/h AND geo_distance > 500 km
4104fd52-7b3d-45ba-b0ab-ae440e2a9972,2026-06-05 00:18:24+00:00,DEV_0084,impossible_travel,impossible_travel,impossible_travel,Rule Override: geo_velocity_kmh > 900 km/h AND geo_distance > 500 km
97dc4835-82a0-4e8b-ab8a-38b7869e2e05,2026-06-05 00:20:00+00:00,DEV_0669,impossible_travel,impossible_travel,impossible_travel,Rule Override: geo_velocity_kmh > 900 km/h AND geo_distance > 500 km
a68d6984-74b5-4abf-a92e-0f8a18142ea8,2026-06-05 00:26:57+00:00,SRV_0714,impossible_travel,impossible_travel,impossible_travel,Rule Override: geo_velocity_kmh > 900 km/h AND geo_distance > 500 km
bdbbbe86-967a-4c22-88d9-b785fd249a00,2026-06-05 00:39:54+00:00,DEV_0787,normal,unknown,unknown,XGBoost ML Classifier
faa37a5b-5e33-42ac-b213-bf93d21c6e94,2026-06-05 00:53:39.228523+00:00,USR_0668,lateral_movement,lateral_movement,lateral_movement,XGBoost ML Classifier
025cbe6e-2091-42be-9710-6d4b0abaf146,2026-06-05 00:53:52.092174+00:00,USR_0668,lateral_movement,lateral_movement,lateral_movement,XGBoost ML Classifier
d54c5430-a5a7-4bc3-93d7-7e542681049d,2026-06-05 00:53:57.249286+00:00,USR_0668,lateral_movement,lateral_movement,lateral_movement,XGBoost ML Classifier
93034482-1076-4633-bdf8-bc661966569f,2026-06-05 01:15:49+00:00,USR_0830,low_slow_exfil,low_slow_exfil,low_slow_exfil,XGBoost ML Classifier
85488942-53aa-4586-9a63-70d2e48d3e70,2026-06-05 01:17:17+00:00,SRV_0966,normal,unknown,unknown,XGBoost ML Classifier
3534d165-cf8f-4345-80bf-13f0e62d9fdc,2026-06-05 01:30:15+00:00,USR_0044,low_slow_exfil,low_slow_exfil,low_slow_exfil,XGBoost ML Classifier
dfa88be6-bc4e-41a8-99da-532def702f2e,2026-06-05 01:40:06+00:00,USR_0502,low_slow_exfil,low_slow_exfil,low_slow_exfil,XGBoost ML Classifier
ac68e82f-a050-4fde-a13c-3d004a513bc1,2026-06-05 01:54:05+00:00,USR_0942,low_slow_exfil,low_slow_exfil,low_slow_exfil,XGBoost ML Classifier
18dbbcf2-2f79-43dc-9442-62989f55d9c0,2026-06-05 01:58:22+00:00,USR_0172,low_slow_exfil,low_slow_exfil,low_slow_exfil,XGBoost ML Classifier
7a4c8de8-f324-4cf0-8e65-b767a4fca62c,2026-06-05 01:59:30+00:00,USR_0288,low_slow_exfil,low_slow_exfil,low_slow_exfil,XGBoost ML Classifier
cf2a3c0d-ee2a-48a0-b1ba-bea7f31fe9e6,2026-06-05 02:13:28+00:00,USR_0830,low_slow_exfil,low_slow_exfil,low_slow_exfil,XGBoost ML Classifier
ed6fc800-946f-4dde-9a9e-d67d676cc5d4,2026-06-05 02:20:14+00:00,USR_0172,low_slow_exfil,low_slow_exfil,low_slow_exfil,XGBoost ML Classifier
d54a9a49-4e8e-4357-9153-795561d3a679,2026-06-05 02:25:25+00:00,USR_0346,low_slow_exfil,low_slow_exfil,low_slow_exfil,XGBoost ML Classifier
ea7da91a-9b86-4f4a-84f1-906d7ba84aba,2026-06-05 02:31:28+00:00,USR_0044,low_slow_exfil,low_slow_exfil,low_slow_exfil,XGBoost ML Classifier
63a1dea8-2b94-43a9-9cd8-54fe1a033be4,2026-06-05 02:38:40+00:00,USR_0331,low_slow_exfil,low_slow_exfil,low_slow_exfil,XGBoost ML Classifier
717f4bfb-78e8-4e57-b1fc-98828bbe61d0,2026-06-05 02:39:49+00:00,USR_0466,low_slow_exfil,low_slow_exfil,low_slow_exfil,XGBoost ML Classifier
df87e3c4-cc90-4efb-9dce-3c4b9725cd18,2026-06-05 02:45:07+00:00,USR_0466,low_slow_exfil,low_slow_exfil,low_slow_exfil,XGBoost ML Classifier
7347ccc7-e635-4469-90dc-5ad0c0f2689a,2026-06-05 02:48:39+00:00,USR_0499,low_slow_exfil,low_slow_exfil,low_slow_exfil,XGBoost ML Classifier
2051a9e3-48e1-4fc0-a633-62a37d22cde2,2026-06-05 02:52:48+00:00,USR_0331,low_slow_exfil,low_slow_exfil,low_slow_exfil,XGBoost ML Classifier
2664a2fc-9b2a-4202-a929-b047a4dbc812,2026-06-05 03:14:25+00:00,DEV_0537,normal,unknown,unknown,XGBoost ML Classifier
96c11bb1-7842-49de-bc6e-1a2e1698d4c9,2026-06-05 03:22:14+00:00,USR_0996,low_slow_exfil,low_slow_exfil,low_slow_exfil,XGBoost ML Classifier
86f9aac3-7fc4-451d-83e7-4124c42e2876,2026-06-05 03:29:59+00:00,DEV_0799,normal,unknown,unknown,XGBoost ML Classifier
f7cfbe1d-5d93-451b-90bd-375948bb589a,2026-06-05 03:30:50+00:00,USR_0949,low_slow_exfil,low_slow_exfil,low_slow_exfil,XGBoost ML Classifier
21622eab-b61d-4960-b3b8-0edef513818f,2026-06-05 03:36:28+00:00,USR_0257,low_slow_exfil,low_slow_exfil,low_slow_exfil,XGBoost ML Classifier
1daff474-3900-47b9-8599-679a2d8f34f6,2026-06-05 03:49:11+00:00,USR_0062,low_slow_exfil,low_slow_exfil,low_slow_exfil,XGBoost ML Classifier
b2f54bd8-2e24-432c-a749-55e4b8cce78e,2026-06-05 04:19:09+00:00,SRV_0461,normal,unknown,unknown,XGBoost ML Classifier
b24ce61b-3788-4873-b891-44551f61e076,2026-06-05 05:12:50.258392+00:00,USR_0120,lateral_movement,lateral_movement,lateral_movement,XGBoost ML Classifier
ae6f0b44-085d-4a45-af25-5faf55f07538,2026-06-05 05:13:19.470879+00:00,USR_0120,lateral_movement,lateral_movement,lateral_movement,XGBoost ML Classifier
885076d4-cb74-49fe-891a-905fba1f034a,2026-06-05 05:14:50.655144+00:00,USR_0120,lateral_movement,lateral_movement,lateral_movement,XGBoost ML Classifier
3e483f47-e44e-4b19-9148-a990e5598de1,2026-06-05 05:25:38+00:00,USR_0719,normal,unknown,unknown,XGBoost ML Classifier
8fd025b0-4f8f-46be-851f-55eb2d30ade7,2026-06-05 05:45:39+00:00,SRV_0591,normal,unknown,unknown,XGBoost ML Classifier
3e663c83-7824-4a81-b631-47346e0a465a,2026-06-05 06:19:18+00:00,DEV_0137,normal,unknown,unknown,XGBoost ML Classifier
7dabecc8-eaaf-4d4f-90e0-63328979f9a2,2026-06-05 06:23:01+00:00,DEV_0212,normal,unknown,unknown,XGBoost ML Classifier
ff37663c-5553-42a9-aa4a-2bcf0d105193,2026-06-05 06:29:54+00:00,SRV_0184,normal,unknown,unknown,XGBoost ML Classifier
00898079-64d6-4fc2-9c19-7d9c2b3abde9,2026-06-05 06:40:35+00:00,SRV_0702,normal,unknown,lateral_movement,XGBoost ML Classifier
ace8d733-7ac2-43b1-83a3-8f86132f9379,2026-06-05 06:42:33+00:00,USR_0920,normal,unknown,insider_drift,XGBoost ML Classifier
cf394cce-6214-4e08-b417-93122da6b542,2026-06-05 06:42:34+00:00,DEV_0632,normal,unknown,unknown,XGBoost ML Classifier
8425a614-76ed-47a4-a4ba-843ab92e4e9f,2026-06-05 07:04:29+00:00,USR_0389,normal,unknown,unknown,XGBoost ML Classifier
661195be-0761-472c-be05-edb60b578947,2026-06-05 07:04:57+00:00,USR_0680,insider_drift,insider_drift,insider_drift,XGBoost ML Classifier
dcc3303c-83cf-4dcc-b7e6-81c313cdec63,2026-06-05 07:06:10+00:00,DEV_0248,normal,unknown,unknown,XGBoost ML Classifier
6117c578-de50-41cb-af52-4967a5b1b59d,2026-06-05 07:17:24+00:00,USR_0976,normal,unknown,unknown,XGBoost ML Classifier
5a189922-10eb-46be-a55c-ded445550992,2026-06-05 07:43:59+00:00,USR_0735,impossible_travel,impossible_travel,impossible_travel,Rule Override: geo_velocity_kmh > 900 km/h AND geo_distance > 500 km
84a5a49c-a115-43df-9288-05a5cff747a3,2026-06-05 08:17:02+00:00,SRV_0314,normal,unknown,unknown,XGBoost ML Classifier
da8a4986-b3ea-47c4-9efd-9a49fe44e0a9,2026-06-05 08:23:49+00:00,DEV_0837,normal,unknown,unknown,XGBoost ML Classifier
224256e8-db29-4dad-bfc8-9cabfa3429ff,2026-06-05 08:24:53+00:00,DEV_0233,normal,unknown,unknown,XGBoost ML Classifier
fef66746-a1d7-44c5-b643-6fce661bd0dc,2026-06-05 08:35:18+00:00,SRV_0743,normal,unknown,unknown,XGBoost ML Classifier
f2316edc-120f-4eda-8566-f7dd61d4ce25,2026-06-05 08:35:22+00:00,DEV_0311,normal,unknown,unknown,XGBoost ML Classifier
b1c9ecf0-b9e5-43f3-8b61-ee0b31d486aa,2026-06-05 08:51:20+00:00,SRV_0293,normal,unknown,unknown,XGBoost ML Classifier
85d2517c-e552-44c2-86bf-086c75be358f,2026-06-05 09:09:53+00:00,USR_0483,impossible_travel,impossible_travel,impossible_travel,Rule Override: geo_velocity_kmh > 900 km/h AND geo_distance > 500 km
08b2f228-7c33-49a1-a4a8-425afece8af0,2026-06-05 09:19:11+00:00,DEV_0703,normal,unknown,unknown,XGBoost ML Classifier
7e2686d4-678c-4863-a03a-8b37cb203b55,2026-06-05 09:19:33+00:00,SRV_0083,normal,unknown,unknown,XGBoost ML Classifier
b8bb47bc-428f-4234-b476-ad7d25fd64f5,2026-06-05 09:22:28+00:00,DEV_0537,normal,unknown,unknown,XGBoost ML Classifier
0b8b33c3-2e69-40da-9441-f4e80937ec92,2026-06-05 09:31:33+00:00,USR_0854,impossible_travel,impossible_travel,impossible_travel,Rule Override: geo_velocity_kmh > 900 km/h AND geo_distance > 500 km
2e02e4f6-5852-4ec9-8b35-048a1904a396,2026-06-05 09:57:01+00:00,USR_0738,normal,unknown,unknown,XGBoost ML Classifier
497962d3-feaa-463a-8064-dff0555f785f,2026-06-05 10:11:50+00:00,DEV_0529,impossible_travel,impossible_travel,impossible_travel,Rule Override: geo_velocity_kmh > 900 km/h AND geo_distance > 500 km
d76e8e51-d52b-411b-96f2-7c86989ef00e,2026-06-05 10:49:10+00:00,USR_0955,normal,unknown,unknown,XGBoost ML Classifier
d32061c1-0696-48df-a836-b661dd47e72b,2026-06-05 10:57:14+00:00,USR_0376,impossible_travel,impossible_travel,impossible_travel,Rule Override: geo_velocity_kmh > 900 km/h AND geo_distance > 500 km
47e12299-ce6d-49d7-b101-2bf29d9dd465,2026-06-05 11:10:03+00:00,USR_0680,normal,unknown,insider_drift,XGBoost ML Classifier
dce3cbd0-5e44-4c34-a5f8-1fe055ef33b3,2026-06-05 11:10:33+00:00,SRV_0851,normal,unknown,unknown,XGBoost ML Classifier
975d28b6-8bd7-4b34-882e-281b268f0502,2026-06-05 11:19:42+00:00,SRV_0005,normal,unknown,unknown,XGBoost ML Classifier
b8942f46-d473-4beb-8358-1ffafdfce4bb,2026-06-05 11:40:22+00:00,USR_0739,impossible_travel,impossible_travel,impossible_travel,Rule Override: geo_velocity_kmh > 900 km/h AND geo_distance > 500 km
abd0d657-c545-4cb1-b9ea-c8faa2a459fc,2026-06-05 11:53:54+00:00,USR_0140,impossible_travel,impossible_travel,impossible_travel,Rule Override: geo_velocity_kmh > 900 km/h AND geo_distance > 500 km
6b661405-18da-493e-ad68-7862c5fa485b,2026-06-05 11:59:00+00:00,USR_0508,impossible_travel,impossible_travel,impossible_travel,Rule Override: geo_velocity_kmh > 900 km/h AND geo_distance > 500 km
96c6a463-65f8-415a-8c14-60d583829619,2026-06-05 12:01:56+00:00,SRV_0469,normal,unknown,unknown,XGBoost ML Classifier
b23fda65-2db2-4ab5-bbbc-e5f1b05432f4,2026-06-05 12:20:44+00:00,SRV_0358,normal,unknown,unknown,XGBoost ML Classifier
1997b3e1-7dbe-47b9-9c5f-c7b5a5e269d7,2026-06-05 12:33:53+00:00,USR_0468,impossible_travel,impossible_travel,impossible_travel,Rule Override: geo_velocity_kmh > 900 km/h AND geo_distance > 500 km
9cd5df5d-7e69-4cb4-9e31-5e30c9ff0780,2026-06-05 12:39:47+00:00,DEV_0635,normal,unknown,unknown,XGBoost ML Classifier
82610612-a8d0-4385-98fd-8704340f0665,2026-06-05 12:55:17+00:00,DEV_0260,normal,unknown,unknown,XGBoost ML Classifier
cc1a4a08-422c-4917-82dd-7c8292a35b40,2026-06-05 12:55:43+00:00,SRV_0129,normal,unknown,unknown,XGBoost ML Classifier
98624a7b-9381-40d1-8d12-c6046818f2dc,2026-06-05 13:17:26+00:00,USR_0428,impossible_travel,impossible_travel,impossible_travel,Rule Override: geo_velocity_kmh > 900 km/h AND geo_distance > 500 km
a4f2f148-d73f-49f8-a187-f15e81e64fed,2026-06-05 13:21:21+00:00,USR_0475,normal,unknown,unknown,XGBoost ML Classifier
a8c6fb82-28e7-4276-b722-ae849031bf49,2026-06-05 13:22:27+00:00,USR_0910,impossible_travel,impossible_travel,impossible_travel,Rule Override: geo_velocity_kmh > 900 km/h AND geo_distance > 500 km
ae9348b9-f5cd-4dd8-8d03-869507da78c4,2026-06-05 13:25:09+00:00,SRV_0232,normal,unknown,unknown,XGBoost ML Classifier
fd456f69-8f04-40e9-a5da-0673e5b0d6cf,2026-06-05 13:25:43+00:00,USR_0152,device_spoofing,device_spoofing,device_spoofing,XGBoost ML Classifier
ec192d27-025a-4d48-b7ea-f0e4010d400f,2026-06-05 13:27:04+00:00,SRV_0616,normal,unknown,unknown,XGBoost ML Classifier
7ad379b6-3aea-41c2-95b5-69b5f226e97e,2026-06-05 13:32:35+00:00,USR_0985,normal,unknown,unknown,XGBoost ML Classifier
c9e9cb0f-ba89-4460-828b-da228a421687,2026-06-05 13:45:52+00:00,SRV_0818,normal,unknown,lateral_movement,XGBoost ML Classifier
7d7e0022-6607-4709-b3fc-e1a2080bd2f6,2026-06-05 13:49:13+00:00,SRV_0702,normal,unknown,unknown,XGBoost ML Classifier
a70e2104-e3cd-41cb-b215-8b16edcebe54,2026-06-05 14:10:40+00:00,USR_0521,normal,unknown,unknown,XGBoost ML Classifier
736ba922-a59f-4acb-96b7-32a2ceaeec0a,2026-06-05 14:43:53+00:00,SRV_0086,impossible_travel,impossible_travel,impossible_travel,Rule Override: geo_velocity_kmh > 900 km/h AND geo_distance > 500 km
f0949bb0-310b-4b20-a1cb-e21ed3d5eb39,2026-06-05 14:47:17+00:00,USR_0922,impossible_travel,impossible_travel,impossible_travel,Rule Override: geo_velocity_kmh > 900 km/h AND geo_distance > 500 km
ded5195d-dd9b-4189-b102-811c72de8500,2026-06-05 14:54:21+00:00,SRV_0202,device_spoofing,device_spoofing,device_spoofing,XGBoost ML Classifier
b4799ac0-5e2e-497d-b3e7-0a859d7e6183,2026-06-05 14:56:08+00:00,SRV_0934,normal,unknown,unknown,XGBoost ML Classifier
ff8fef9e-a28e-43bc-b1ea-503341eab6cc,2026-06-05 15:14:58+00:00,SRV_0055,normal,unknown,unknown,XGBoost ML Classifier
dfe512fe-8519-4769-9761-769ce205129c,2026-06-05 15:29:02+00:00,DEV_0873,normal,unknown,unknown,XGBoost ML Classifier
62ce1c85-4dc3-4a17-97c5-8b4d343d7776,2026-06-05 16:18:03+00:00,DEV_0862,normal,unknown,unknown,XGBoost ML Classifier
1e9931ec-f608-4b53-90bc-a6e71d4debd2,2026-06-05 16:18:45+00:00,DEV_0274,normal,unknown,unknown,XGBoost ML Classifier
679b89f2-0fca-4795-a63d-eb3f46722a56,2026-06-05 16:31:48+00:00,SRV_0702,normal,unknown,unknown,XGBoost ML Classifier
3dd4604d-e3ed-4bc2-9602-1435cdb88626,2026-06-05 17:34:03+00:00,USR_0278,impossible_travel,impossible_travel,impossible_travel,Rule Override: geo_velocity_kmh > 900 km/h AND geo_distance > 500 km
aea2ecef-3b3e-465e-b042-94db75f3aa9e,2026-06-05 19:07:42+00:00,SRV_0566,normal,unknown,unknown,XGBoost ML Classifier
3d6926a1-ac63-42b1-a6c1-fa4881e4891c,2026-06-05 19:30:01+00:00,USR_0650,normal,unknown,insider_drift,XGBoost ML Classifier
bf91d067-9cfa-4300-a2e1-e94a3529b93c,2026-06-05 19:31:55+00:00,DEV_0676,normal,unknown,unknown,XGBoost ML Classifier
a2e98f9e-50eb-4c73-bb03-d8b25c97898c,2026-06-05 19:56:56+00:00,SRV_0462,normal,unknown,unknown,XGBoost ML Classifier
1b434d31-efb9-4360-a3e5-850c562e555a,2026-06-05 20:19:11+00:00,DEV_0371,normal,unknown,unknown,XGBoost ML Classifier
1f29229d-056f-4ab6-8b10-93158ddde63e,2026-06-05 20:22:46+00:00,SRV_0966,normal,unknown,unknown,XGBoost ML Classifier
da155005-f9cc-411c-95ff-d75ad894ba00,2026-06-05 20:25:20+00:00,USR_0732,impossible_travel,impossible_travel,impossible_travel,Rule Override: geo_velocity_kmh > 900 km/h AND geo_distance > 500 km
fe5d93bc-0d8d-4cd7-8f1d-9addf6359a9a,2026-06-05 20:43:34+00:00,USR_0152,impossible_travel,impossible_travel,impossible_travel,Rule Override: geo_velocity_kmh > 900 km/h AND geo_distance > 500 km
50602c79-23b4-4fcd-8823-fb7becfd3986,2026-06-05 20:47:40+00:00,DEV_0849,normal,unknown,unknown,XGBoost ML Classifier
41bb0994-7309-4028-b547-414e0ef11867,2026-06-05 21:03:29+00:00,SRV_0128,normal,unknown,unknown,XGBoost ML Classifier
701fe741-9b87-4be5-8197-0ce7a72d872a,2026-06-05 21:36:02+00:00,DEV_0063,normal,unknown,unknown,XGBoost ML Classifier
f6470996-26b4-423f-8cac-c119f32d8cca,2026-06-05 22:00:48+00:00,DEV_0144,normal,unknown,unknown,XGBoost ML Classifier
1cba9794-1bd5-4dd8-9272-26afd678c047,2026-06-05 23:59:24+00:00,SRV_0541,normal,unknown,unknown,XGBoost ML Classifier
a2fdca0e-0f36-4fa3-aea5-5f7fdf5f4b4e,2026-06-05 23:59:24+00:00,DEV_0850,normal,unknown,unknown,XGBoost ML Classifier
09bf1bd8-8978-4ade-bacf-eab57655f31a,2026-06-05 23:59:24+00:00,SRV_0843,normal,unknown,unknown,XGBoost ML Classifier
24a7fe57-1584-4feb-aaf5-b18a000d2373,2026-06-05 23:59:29.779000+00:00,SRV_0677,normal,unknown,unknown,XGBoost ML Classifier
3f8e002b-2b4c-490d-85c1-78601bf59e27,2026-06-06 00:00:02.464000+00:00,DEV_0799,normal,unknown,unknown,XGBoost ML Classifier
5227e806-a506-4ec4-9c61-b86872669ae0,2026-06-06 00:00:04.669000+00:00,DEV_0485,normal,unknown,unknown,XGBoost ML Classifier
c1e4f9be-87e4-4351-a24a-5362968f91ea,2026-06-06 00:05:24+00:00,DEV_0535,impossible_travel,impossible_travel,impossible_travel,Rule Override: geo_velocity_kmh > 900 km/h AND geo_distance > 500 km
7ddcd9b4-4fbf-4485-bef7-4a4f628029da,2026-06-06 00:09:24+00:00,DEV_0868,impossible_travel,impossible_travel,impossible_travel,Rule Override: geo_velocity_kmh > 900 km/h AND geo_distance > 500 km
7c60416d-8e68-467c-8262-5d03a5193b46,2026-06-06 00:16:00+00:00,DEV_0529,impossible_travel,impossible_travel,impossible_travel,Rule Override: geo_velocity_kmh > 900 km/h AND geo_distance > 500 km
e9deb7d7-82c6-452f-b8e7-add2aab74842,2026-06-06 00:35:42+00:00,DEV_0265,normal,unknown,unknown,XGBoost ML Classifier
3e1d9c5d-e495-4899-9e93-f479183f9950,2026-06-06 01:27:00+00:00,USR_0996,low_slow_exfil,low_slow_exfil,low_slow_exfil,XGBoost ML Classifier
b8c16a5c-2286-440d-8abd-f1a21006a204,2026-06-06 01:27:56+00:00,USR_0331,low_slow_exfil,low_slow_exfil,low_slow_exfil,XGBoost ML Classifier
fd1d0aef-04bf-4863-ae1e-fc26ba571a11,2026-06-06 01:39:35+00:00,USR_0996,low_slow_exfil,low_slow_exfil,low_slow_exfil,XGBoost ML Classifier
67debf95-25c7-4558-b42c-7bf5c29becd7,2026-06-06 01:52:31+00:00,USR_0288,low_slow_exfil,low_slow_exfil,low_slow_exfil,XGBoost ML Classifier
fa969b1b-2bd2-4ca4-9811-8e9ae0dd1bfc,2026-06-06 02:28:43+00:00,USR_0172,low_slow_exfil,low_slow_exfil,low_slow_exfil,XGBoost ML Classifier
e1ac31a8-71b3-4667-97a6-916c4bf30261,2026-06-06 02:31:42+00:00,USR_0346,low_slow_exfil,low_slow_exfil,low_slow_exfil,XGBoost ML Classifier
9e06d722-ca2b-42ba-b991-32a2c263f48f,2026-06-06 02:32:05+00:00,SRV_0677,normal,unknown,unknown,XGBoost ML Classifier
e20cc556-21cc-4e4c-83a6-179820f93fd5,2026-06-06 02:44:27+00:00,USR_0942,low_slow_exfil,low_slow_exfil,low_slow_exfil,XGBoost ML Classifier
a0fc481a-5541-4a0c-a365-8e804a776cba,2026-06-06 03:02:53+00:00,USR_0502,low_slow_exfil,low_slow_exfil,low_slow_exfil,XGBoost ML Classifier
e42e5b3d-c57c-4fcd-8ea8-79ff6f03c172,2026-06-06 03:04:52+00:00,USR_0466,low_slow_exfil,low_slow_exfil,low_slow_exfil,XGBoost ML Classifier
3871dc2a-59eb-42b6-81be-1b5b1a965aeb,2026-06-06 03:11:48+00:00,USR_0307,low_slow_exfil,low_slow_exfil,low_slow_exfil,XGBoost ML Classifier
6dbd9b22-2d90-4294-aea4-130683cca55e,2026-06-06 03:13:38+00:00,SRV_0966,normal,unknown,unknown,XGBoost ML Classifier
87a31239-0191-459f-9b9c-a2b3c64d34f5,2026-06-06 03:22:16+00:00,USR_0830,low_slow_exfil,low_slow_exfil,low_slow_exfil,XGBoost ML Classifier
443893ee-2c15-497a-8711-152066864bef,2026-06-06 03:22:51+00:00,USR_0942,low_slow_exfil,low_slow_exfil,low_slow_exfil,XGBoost ML Classifier
88a53f48-ac26-4f1d-b10c-2b33f11d8d44,2026-06-06 03:32:25+00:00,USR_0172,low_slow_exfil,low_slow_exfil,low_slow_exfil,XGBoost ML Classifier
5caf0618-f34e-42c1-8e16-25d257035219,2026-06-06 03:47:29+00:00,USR_0044,low_slow_exfil,low_slow_exfil,low_slow_exfil,XGBoost ML Classifier
0f5725d6-7101-4aa6-8228-edf9a71096dd,2026-06-06 03:56:03+00:00,USR_0830,low_slow_exfil,low_slow_exfil,low_slow_exfil,XGBoost ML Classifier
65e8643a-920b-4751-a6c3-2f5996d6c131,2026-06-06 04:36:27+00:00,SRV_0630,normal,unknown,unknown,XGBoost ML Classifier
e6693ed2-6a91-4e74-a6ef-3fa5a8d27a92,2026-06-06 05:37:52+00:00,SRV_0729,normal,unknown,unknown,XGBoost ML Classifier
6423a1fb-ebe2-498c-9e17-ada480b6ecc7,2026-06-06 06:03:15+00:00,DEV_0212,normal,unknown,unknown,XGBoost ML Classifier
cbaaf995-6474-4718-a8b6-9f7cea266ba9,2026-06-06 06:52:11+00:00,USR_0256,device_spoofing,device_spoofing,device_spoofing,XGBoost ML Classifier
a9139b49-02d3-46ed-8064-ac9bb780dbe6,2026-06-06 06:53:12+00:00,DEV_0676,normal,unknown,unknown,XGBoost ML Classifier
bc8110d5-a2bb-4580-b5ec-80b1fad03329,2026-06-06 07:07:03+00:00,USR_0319,insider_drift,insider_drift,insider_drift,XGBoost ML Classifier
a4ea4afe-017a-4d36-aafd-88e25236d77b,2026-06-06 07:40:25+00:00,DEV_0799,normal,unknown,unknown,XGBoost ML Classifier
0bdb9840-9e66-4a56-bc7d-8f7d222b1438,2026-06-06 07:53:39+00:00,SRV_0477,normal,unknown,unknown,XGBoost ML Classifier
af4eda35-399d-4b7c-b1d8-43e9e55797aa,2026-06-06 08:13:45+00:00,DEV_0862,normal,unknown,unknown,XGBoost ML Classifier
72c6178c-3034-4196-a9a4-34b88462c84a,2026-06-06 08:19:40+00:00,SRV_0840,normal,unknown,unknown,XGBoost ML Classifier
8b48f0c9-b8c1-4d4e-9e5c-d34bd0fc824d,2026-06-06 09:00:29+00:00,DEV_0669,normal,unknown,unknown,XGBoost ML Classifier
0f7243d6-0ab0-4be0-82c5-3bde0d846c79,2026-06-06 09:55:55+00:00,DEV_0685,normal,unknown,unknown,XGBoost ML Classifier
b30746e7-21a4-42b0-af9a-88159709a1b5,2026-06-06 10:17:36+00:00,SRV_0457,normal,unknown,unknown,XGBoost ML Classifier
b45f4863-372d-4b08-81f6-3d7ba7ccc759,2026-06-06 10:18:29+00:00,DEV_0485,normal,unknown,unknown,XGBoost ML Classifier
c2187ec0-45d6-46d9-9343-075fde23e537,2026-06-06 11:27:50+00:00,DEV_0850,device_spoofing,device_spoofing,device_spoofing,XGBoost ML Classifier
92833fbb-290b-4d96-aa5c-1c89f5559224,2026-06-06 11:37:08+00:00,USR_0695,insider_drift,insider_drift,unknown,XGBoost ML Classifier
85601a4b-4d4c-4707-a386-aaf7733f242c,2026-06-06 11:42:40+00:00,USR_0901,impossible_travel,impossible_travel,impossible_travel,Rule Override: geo_velocity_kmh > 900 km/h AND geo_distance > 500 km
5d239422-c4dc-4110-a258-35047ed37be7,2026-06-06 12:00:33+00:00,SRV_0841,normal,unknown,unknown,XGBoost ML Classifier
3bbfebe5-eb23-4f50-9216-9daa5a1aa753,2026-06-06 13:24:41+00:00,SRV_0908,normal,unknown,unknown,XGBoost ML Classifier
adda8878-cedc-46c5-b4c8-7f7a8b4fcb6b,2026-06-06 13:25:50+00:00,DEV_0685,normal,unknown,unknown,XGBoost ML Classifier
d36cba22-0a59-41df-a282-84b5990ebb0b,2026-06-06 13:47:38+00:00,USR_0012,normal,unknown,unknown,XGBoost ML Classifier
63d34568-adca-42d4-84ee-121b37a331af,2026-06-06 14:00:58+00:00,USR_0367,insider_drift,insider_drift,insider_drift,XGBoost ML Classifier
11290996-0bf2-4199-a22c-189bd58538aa,2026-06-06 14:01:36+00:00,SRV_0923,normal,unknown,unknown,XGBoost ML Classifier
44af0899-19cc-445c-9be4-1f26ef6ee0a5,2026-06-06 14:17:12+00:00,DEV_0371,normal,unknown,unknown,XGBoost ML Classifier
fbae5c92-1773-447e-aea5-613b5309b932,2026-06-06 14:44:28+00:00,SRV_0923,normal,unknown,unknown,XGBoost ML Classifier
5121a047-a3a7-492f-998a-56a2f05ec5f2,2026-06-06 14:59:44+00:00,DEV_0873,normal,unknown,unknown,XGBoost ML Classifier
ee379c43-4647-4119-be9e-6aa045862019,2026-06-06 16:16:23+00:00,DEV_0444,normal,unknown,unknown,XGBoost ML Classifier
094abd6f-0b69-4a68-b209-1afe665dc203,2026-06-06 16:33:12+00:00,DEV_0274,device_spoofing,device_spoofing,device_spoofing,XGBoost ML Classifier
298270c2-4618-4aa3-a4d7-013ceb66005a,2026-06-06 16:59:18+00:00,SRV_0591,normal,unknown,unknown,XGBoost ML Classifier
1be2fc60-84d7-4f90-81fd-742c34cbd23e,2026-06-06 17:09:24+00:00,DEV_0163,normal,unknown,unknown,XGBoost ML Classifier
41f89b09-59a4-489a-8c4d-9a36ecbe38d0,2026-06-06 17:10:36+00:00,DEV_0416,normal,unknown,unknown,XGBoost ML Classifier
74848bd6-03d3-4f5e-a05c-21523d52710f,2026-06-06 19:03:42+00:00,DEV_0429,normal,unknown,unknown,XGBoost ML Classifier
d82dabbb-edb5-4f52-b7af-b6063df6dc86,2026-06-06 19:35:30+00:00,SRV_0797,normal,unknown,unknown,XGBoost ML Classifier
4e3cf53b-bf7c-49bb-b811-3c72fc189805,2026-06-06 19:54:55+00:00,DEV_0332,normal,unknown,unknown,XGBoost ML Classifier
7600b668-60fb-411a-9a78-6658097f7ef1,2026-06-06 20:28:02+00:00,SRV_0805,normal,unknown,unknown,XGBoost ML Classifier
bbf9e4da-c7bb-4002-91e8-50bef66aa47e,2026-06-06 21:03:22+00:00,USR_0017,impossible_travel,impossible_travel,impossible_travel,Rule Override: geo_velocity_kmh > 900 km/h AND geo_distance > 500 km
1fd7540a-f58e-45cd-a065-fe5cf961beed,2026-06-06 21:11:22+00:00,USR_0687,insider_drift,insider_drift,insider_drift,XGBoost ML Classifier
3de68fd8-07b4-4b95-af3b-8a0f8228c557,2026-06-06 21:45:05.031400+00:00,USR_0830,lateral_movement,lateral_movement,unknown,XGBoost ML Classifier
d84b91a5-1bb6-4a1b-b4de-8fd5663d3e5f,2026-06-06 22:19:55+00:00,SRV_0081,normal,unknown,unknown,XGBoost ML Classifier
127851a8-67b8-40df-8a7c-42fdf5f5433e,2026-06-06 23:38:15+00:00,SRV_0079,impossible_travel,impossible_travel,impossible_travel,Rule Override: geo_velocity_kmh > 900 km/h AND geo_distance > 500 km
e465918b-046c-4db5-b036-df4f2cdaf4e0,2026-06-06 23:59:24+00:00,DEV_0009,normal,unknown,unknown,XGBoost ML Classifier
114a15a4-718e-4388-936b-b9e9603ba7c2,2026-06-06 23:59:24+00:00,SRV_0566,normal,unknown,unknown,XGBoost ML Classifier
47cc479e-cdcd-41df-a46f-cea550c3740a,2026-06-06 23:59:26.091000+00:00,DEV_0420,normal,unknown,unknown,XGBoost ML Classifier
99bc1f8f-e141-449d-a71b-b9480e244bf2,2026-06-07 00:00:00+00:00,SRV_0283,normal,unknown,unknown,XGBoost ML Classifier
91df4fe8-7d98-4090-8b0b-b7e2e717b32a,2026-06-07 00:00:00+00:00,DEV_0135,normal,unknown,unknown,XGBoost ML Classifier
054fecf1-9001-4da7-88a9-497b21212e66,2026-06-07 00:00:00+00:00,DEV_0902,normal,unknown,unknown,XGBoost ML Classifier
83930b87-8e36-4bcc-b8a3-b6572ef474a3,2026-06-07 00:16:00+00:00,DEV_0040,impossible_travel,impossible_travel,impossible_travel,Rule Override: geo_velocity_kmh > 900 km/h AND geo_distance > 500 km
20dece66-e7ae-4ed6-a600-adc247383acd,2026-06-07 01:01:44+00:00,DEV_0294,normal,unknown,unknown,XGBoost ML Classifier
c1759b30-729a-4d7b-9179-8b11d794e714,2026-06-07 01:41:19+00:00,USR_0830,low_slow_exfil,low_slow_exfil,low_slow_exfil,XGBoost ML Classifier
eb192284-cc12-4bdb-b19c-0ebf3a417cfc,2026-06-07 01:58:13+00:00,USR_0954,low_slow_exfil,low_slow_exfil,low_slow_exfil,XGBoost ML Classifier
21fa6ffc-a328-4c1a-860c-8257959432c3,2026-06-07 02:00:24+00:00,USR_0466,low_slow_exfil,low_slow_exfil,low_slow_exfil,XGBoost ML Classifier
3a966cab-a70d-4961-89ed-cea21bf22079,2026-06-07 02:00:45+00:00,USR_0288,low_slow_exfil,low_slow_exfil,low_slow_exfil,XGBoost ML Classifier
70f4b294-c741-421e-a0dc-4d6a9884e355,2026-06-07 02:04:52+00:00,USR_0062,low_slow_exfil,low_slow_exfil,low_slow_exfil,XGBoost ML Classifier
4edd0770-5b3e-44f5-996f-39a72d611cac,2026-06-07 02:09:06+00:00,USR_0172,low_slow_exfil,low_slow_exfil,low_slow_exfil,XGBoost ML Classifier
c03ec8f7-6c59-48bf-878c-0494d705ae40,2026-06-07 02:12:59+00:00,USR_0949,low_slow_exfil,low_slow_exfil,low_slow_exfil,XGBoost ML Classifier
d41c21c1-1d97-4de1-a8eb-fa7776e5beb2,2026-06-07 02:15:14+00:00,USR_0257,low_slow_exfil,low_slow_exfil,low_slow_exfil,XGBoost ML Classifier
1d4fd69a-e12f-4094-9786-e62b8362242e,2026-06-07 02:17:35+00:00,USR_0172,low_slow_exfil,low_slow_exfil,low_slow_exfil,XGBoost ML Classifier
825888c3-c739-48b7-97fe-2d1de14f21e6,2026-06-07 02:18:01+00:00,USR_0499,low_slow_exfil,low_slow_exfil,low_slow_exfil,XGBoost ML Classifier
a7e0867c-fa61-4f77-8dfa-0300d36c6216,2026-06-07 02:31:42+00:00,DEV_0799,normal,unknown,unknown,XGBoost ML Classifier
4517ff52-6c1f-4b2d-92ac-a9d5110d37b9,2026-06-07 02:33:06+00:00,USR_0996,low_slow_exfil,low_slow_exfil,low_slow_exfil,XGBoost ML Classifier
32ff44a8-d048-400a-a5de-a43af8db27f9,2026-06-07 02:59:23+00:00,USR_0044,low_slow_exfil,low_slow_exfil,low_slow_exfil,XGBoost ML Classifier
671db300-4d1c-436b-b3a3-ee493449c6b4,2026-06-07 03:20:39+00:00,USR_0942,low_slow_exfil,low_slow_exfil,low_slow_exfil,XGBoost ML Classifier
397ac4c0-d45e-4559-87a7-1c9dddb6ccb6,2026-06-07 03:34:02+00:00,USR_0830,low_slow_exfil,low_slow_exfil,low_slow_exfil,XGBoost ML Classifier
b489f089-73b5-46b7-8636-d2fae25d8308,2026-06-07 03:37:01+00:00,USR_0502,low_slow_exfil,low_slow_exfil,low_slow_exfil,XGBoost ML Classifier
9742ab51-58d9-4589-8723-54135b646db9,2026-06-07 03:38:31+00:00,USR_0942,low_slow_exfil,low_slow_exfil,low_slow_exfil,XGBoost ML Classifier
e9dfea3a-c99f-4ce7-b75c-c012913aa458,2026-06-07 03:48:17+00:00,USR_0954,low_slow_exfil,low_slow_exfil,low_slow_exfil,XGBoost ML Classifier
66d6770e-9a70-485e-88a3-853dda75452c,2026-06-07 03:49:43.973562+00:00,USR_0473,lateral_movement,lateral_movement,low_slow_exfil,XGBoost ML Classifier
7b2e5210-0ae1-450c-840f-39aa15323484,2026-06-07 03:49:56+00:00,USR_0346,low_slow_exfil,low_slow_exfil,low_slow_exfil,XGBoost ML Classifier
f84ccb9f-df6b-451f-b435-98b1cc015a25,2026-06-07 03:50:41+00:00,DEV_0534,impossible_travel,impossible_travel,impossible_travel,Rule Override: geo_velocity_kmh > 900 km/h AND geo_distance > 500 km
b70cbcaf-be47-4dc2-af0e-d55933be9543,2026-06-07 03:50:49.120130+00:00,USR_0473,lateral_movement,lateral_movement,lateral_movement,XGBoost ML Classifier
4ddb07b1-de44-4d37-82fc-46b1be54e625,2026-06-07 03:51:10.064412+00:00,USR_0473,lateral_movement,lateral_movement,lateral_movement,XGBoost ML Classifier
d744c626-32cb-4205-9332-2b6df4bdbd82,2026-06-07 03:54:57+00:00,SRV_0818,normal,unknown,unknown,XGBoost ML Classifier
7a73992b-92e5-406b-893a-97fdbc23add3,2026-06-07 03:56:14+00:00,DEV_0144,normal,unknown,unknown,XGBoost ML Classifier
fe805205-5afd-41a8-91a5-c8ccc3da685a,2026-06-07 04:02:48+00:00,SRV_0156,normal,unknown,unknown,XGBoost ML Classifier
f7efb236-6186-4470-ac77-c803d9d5ac80,2026-06-07 05:25:13+00:00,SRV_0898,normal,unknown,unknown,XGBoost ML Classifier
a1ad52b5-f596-4c76-9d21-8876132104aa,2026-06-07 05:39:40+00:00,SRV_0525,normal,unknown,unknown,XGBoost ML Classifier
7b481733-3ef3-4088-a78c-49fcbea01677,2026-06-07 05:49:13+00:00,SRV_0457,normal,unknown,unknown,XGBoost ML Classifier
9332089a-f977-4082-af02-f66f73d815ce,2026-06-07 06:05:23+00:00,DEV_0951,normal,unknown,unknown,XGBoost ML Classifier
f348c606-5ba9-4c7c-940a-cdd5a97b6bff,2026-06-07 07:58:24+00:00,SRV_0358,normal,unknown,unknown,XGBoost ML Classifier
72e6e2d7-3b6a-46a0-b833-5390a074a201,2026-06-07 08:29:38+00:00,SRV_0001,device_spoofing,device_spoofing,device_spoofing,XGBoost ML Classifier
ee72ea1d-712f-46d5-a9bf-6da0aedfa8e7,2026-06-07 08:29:55+00:00,DEV_0420,normal,unknown,unknown,XGBoost ML Classifier
c3250ef1-fcb3-433e-9298-93df588bb609,2026-06-07 08:35:57+00:00,DEV_0420,normal,unknown,unknown,XGBoost ML Classifier
263ebcf7-dff9-44f7-a56c-d408ed41db72,2026-06-07 08:38:53+00:00,DEV_0993,normal,unknown,unknown,XGBoost ML Classifier
244f3e01-a0ac-48a9-ae4e-8bca4d74fee2,2026-06-07 08:48:35+00:00,SRV_0372,normal,unknown,unknown,XGBoost ML Classifier
b1e11972-f730-4ebc-9371-8b9a31c0a40c,2026-06-07 09:04:31+00:00,USR_0554,impossible_travel,impossible_travel,impossible_travel,Rule Override: geo_velocity_kmh > 900 km/h AND geo_distance > 500 km
40fd76bf-b2da-458e-a61b-205dea9d5841,2026-06-07 09:07:21+00:00,DEV_0669,normal,unknown,unknown,XGBoost ML Classifier
8e2044d9-6dfc-48f1-a9d0-a9e2b0be94aa,2026-06-07 09:55:27+00:00,DEV_0848,normal,unknown,unknown,XGBoost ML Classifier
5bab38ef-5caf-48ef-b0f9-79b012929d92,2026-06-07 10:02:14+00:00,DEV_0664,normal,unknown,unknown,XGBoost ML Classifier
f04170d2-bbca-4eb8-83d4-f69e30a3f548,2026-06-07 10:27:54+00:00,DEV_0384,impossible_travel,impossible_travel,impossible_travel,Rule Override: geo_velocity_kmh > 900 km/h AND geo_distance > 500 km
31eb6919-3a7b-4651-bc84-dbfbffc98795,2026-06-07 10:38:25+00:00,DEV_0787,normal,unknown,unknown,XGBoost ML Classifier
6e3950a7-9d51-4b56-893a-179fa34c2be8,2026-06-07 10:38:34+00:00,DEV_0593,normal,unknown,unknown,XGBoost ML Classifier
a40181dd-372e-4067-a85d-44719ec7b4ba,2026-06-07 10:58:17+00:00,SRV_0477,normal,unknown,unknown,XGBoost ML Classifier
efee4d2a-05a2-4581-ac60-504c56916c0a,2026-06-07 11:44:39+00:00,DEV_0265,normal,unknown,unknown,XGBoost ML Classifier
45132989-8802-4b1f-a402-e66d7773025b,2026-06-07 11:56:34+00:00,USR_0319,insider_drift,insider_drift,insider_drift,XGBoost ML Classifier
ffcc5e8b-ee57-4aac-9313-df122ef55452,2026-06-07 11:57:47+00:00,DEV_0787,normal,unknown,unknown,XGBoost ML Classifier
05f1f752-43c3-4b89-b0e4-a58a8d5f133a,2026-06-07 12:00:01+00:00,SRV_0506,normal,unknown,unknown,XGBoost ML Classifier
137a92ce-b538-47e8-931d-b94744172dc0,2026-06-07 12:08:48+00:00,SRV_0305,impossible_travel,impossible_travel,impossible_travel,Rule Override: geo_velocity_kmh > 900 km/h AND geo_distance > 500 km
8e4c76a8-0a67-44fe-98fe-ea72c1026dea,2026-06-07 12:40:45+00:00,SRV_0919,normal,unknown,unknown,XGBoost ML Classifier
96d626d1-da0f-4eb3-8399-43495615f7cd,2026-06-07 13:19:39+00:00,DEV_0947,normal,unknown,unknown,XGBoost ML Classifier
37f53b06-f50d-4db7-a6f7-fd11c41ce85c,2026-06-07 13:32:14+00:00,DEV_0260,normal,unknown,unknown,XGBoost ML Classifier
50c14069-1b8f-4623-a73b-ea9f3403b3a6,2026-06-07 14:07:45+00:00,SRV_0191,normal,unknown,unknown,XGBoost ML Classifier
0ebcf884-4466-418d-9a49-fcb3ca03ee5c,2026-06-07 14:19:24+00:00,SRV_0348,normal,unknown,unknown,XGBoost ML Classifier
a26a8872-5c33-457f-93c6-1a2f5b315c7e,2026-06-07 14:39:47+00:00,DEV_0429,normal,unknown,unknown,XGBoost ML Classifier
4929cc01-2d82-46d5-9cd9-f5fa07cc913b,2026-06-07 15:00:16+00:00,SRV_0058,normal,unknown,unknown,XGBoost ML Classifier
df5ddeaa-7b3b-4bc9-879a-9555221b295f,2026-06-07 15:13:31+00:00,SRV_0283,impossible_travel,impossible_travel,impossible_travel,Rule Override: geo_velocity_kmh > 900 km/h AND geo_distance > 500 km
d5e62bc6-5775-4997-86c8-6099a1ec61c0,2026-06-07 15:23:23+00:00,USR_0367,insider_drift,insider_drift,insider_drift,XGBoost ML Classifier
c7478ad2-bdfa-44e3-ade0-76cbb0b710b9,2026-06-07 16:16:08+00:00,DEV_0311,normal,unknown,unknown,XGBoost ML Classifier
743fa423-305c-4772-9381-51529611b772,2026-06-07 17:16:01+00:00,SRV_0461,normal,unknown,unknown,XGBoost ML Classifier
b597aaf2-f516-4f4c-ac6b-f8532100bc2b,2026-06-07 19:58:13+00:00,SRV_0078,normal,unknown,unknown,XGBoost ML Classifier
6e40af50-6388-4075-a710-78a03d3d2bb6,2026-06-07 21:36:22+00:00,SRV_0477,normal,unknown,unknown,XGBoost ML Classifier
5fd6ba29-da92-4811-b874-0389fce23c5c,2026-06-07 23:17:58+00:00,DEV_0799,normal,unknown,unknown,XGBoost ML Classifier
8b759ee5-d880-40a8-86b3-4ee0ebdbd3af,2026-06-07 23:35:05+00:00,DEV_0543,impossible_travel,impossible_travel,impossible_travel,Rule Override: geo_velocity_kmh > 900 km/h AND geo_distance > 500 km
09e7e1ed-c9a2-4bc7-970f-4eefc9415bca,2026-06-07 23:58:24+00:00,SRV_0209,normal,unknown,unknown,XGBoost ML Classifier
d48b0a46-55ed-4231-bea0-d55ae9b41366,2026-06-07 23:59:24+00:00,DEV_0951,normal,unknown,unknown,XGBoost ML Classifier
69916bb9-0b78-4208-b52a-e502a2930b4b,2026-06-07 23:59:25.920000+00:00,SRV_0202,normal,unknown,unknown,XGBoost ML Classifier
24991998-3523-4d98-be14-77c6f56f2506,2026-06-08 00:15:01+00:00,DEV_0253,normal,unknown,unknown,XGBoost ML Classifier
c4028acb-f010-4c81-b66b-67ee0c2b0384,2026-06-08 00:17:24+00:00,SRV_0528,impossible_travel,impossible_travel,impossible_travel,Rule Override: geo_velocity_kmh > 900 km/h AND geo_distance > 500 km
0468e197-0346-4d1a-a23b-e19ca6810c9d,2026-06-08 00:18:24+00:00,SRV_0498,impossible_travel,impossible_travel,impossible_travel,Rule Override: geo_velocity_kmh > 900 km/h AND geo_distance > 500 km
66d6bcd0-8f71-4d2a-ae33-a75bc2899647,2026-06-08 00:22:30+00:00,DEV_0260,normal,unknown,unknown,XGBoost ML Classifier
be371745-7ed2-4821-b4a8-d3c4c9e470c7,2026-06-08 01:04:44+00:00,USR_0307,low_slow_exfil,low_slow_exfil,low_slow_exfil,XGBoost ML Classifier
a5a574ff-4dc9-46c4-8d2d-c6dd5a029d4a,2026-06-08 01:23:44+00:00,SRV_0843,impossible_travel,impossible_travel,impossible_travel,Rule Override: geo_velocity_kmh > 900 km/h AND geo_distance > 500 km
bcf63666-13a7-4af1-a3c3-accdcc751d14,2026-06-08 01:59:18+00:00,USR_0249,low_slow_exfil,low_slow_exfil,low_slow_exfil,XGBoost ML Classifier
dea72c21-0226-4605-8b19-ad941cc70e91,2026-06-08 02:28:36+00:00,USR_0249,low_slow_exfil,low_slow_exfil,low_slow_exfil,XGBoost ML Classifier
4b1b8053-e5aa-42a2-9375-ed0ae47b46a1,2026-06-08 02:34:35+00:00,USR_0466,low_slow_exfil,low_slow_exfil,low_slow_exfil,XGBoost ML Classifier
7143a06d-40d3-448f-9dc4-5e8e2357c72b,2026-06-08 02:44:48+00:00,SRV_0818,normal,unknown,unknown,XGBoost ML Classifier
0d4c744b-d6d2-4196-a27e-42ddb92d1b6a,2026-06-08 02:45:47+00:00,USR_0942,low_slow_exfil,low_slow_exfil,low_slow_exfil,XGBoost ML Classifier
46f88983-d7f6-42d5-85b9-60fe0616a0d9,2026-06-08 02:53:13+00:00,USR_0466,low_slow_exfil,low_slow_exfil,low_slow_exfil,XGBoost ML Classifier
70821c3d-adc5-41af-98a4-5f285f10a92a,2026-06-08 03:01:41+00:00,USR_0996,low_slow_exfil,low_slow_exfil,low_slow_exfil,XGBoost ML Classifier
b986fb88-e4fb-4382-8dc3-daacea9be4f3,2026-06-08 03:04:06+00:00,USR_0942,low_slow_exfil,low_slow_exfil,low_slow_exfil,XGBoost ML Classifier
08c97b27-af7b-454f-8841-62ae2edd526c,2026-06-08 03:04:08+00:00,USR_0249,low_slow_exfil,low_slow_exfil,low_slow_exfil,XGBoost ML Classifier
26a67ff6-6a08-48e3-8339-46415c7ad8f0,2026-06-08 03:06:51+00:00,USR_0830,low_slow_exfil,low_slow_exfil,low_slow_exfil,XGBoost ML Classifier
ee18bbd8-1049-4bfb-a7a7-5c2ff1bd1aca,2026-06-08 03:11:05+00:00,USR_0044,low_slow_exfil,low_slow_exfil,low_slow_exfil,XGBoost ML Classifier
0079ffb3-0802-436c-a294-f9a464ff1fad,2026-06-08 03:11:23+00:00,DEV_0437,normal,unknown,unknown,XGBoost ML Classifier
857e9449-1a6b-4383-8138-371de7fa49bf,2026-06-08 03:13:56+00:00,USR_0502,low_slow_exfil,low_slow_exfil,low_slow_exfil,XGBoost ML Classifier
6a6f1792-8180-4935-afb5-f3f57d453b04,2026-06-08 03:22:26+00:00,USR_0499,low_slow_exfil,low_slow_exfil,low_slow_exfil,XGBoost ML Classifier
ac23a94d-b3ba-457a-b46e-1fea4e8a99d6,2026-06-08 03:32:37+00:00,USR_0830,low_slow_exfil,low_slow_exfil,low_slow_exfil,XGBoost ML Classifier
bb9c9d02-56b7-4292-9ca3-045ac6baa390,2026-06-08 03:34:38+00:00,USR_0172,low_slow_exfil,low_slow_exfil,low_slow_exfil,XGBoost ML Classifier
69e8a7db-a9a4-4989-86bd-868f00d567a0,2026-06-08 03:39:48+00:00,USR_0502,low_slow_exfil,low_slow_exfil,low_slow_exfil,XGBoost ML Classifier
28907065-3fb2-4974-b5b2-0a5a9cf58983,2026-06-08 03:46:24+00:00,USR_0288,low_slow_exfil,low_slow_exfil,low_slow_exfil,XGBoost ML Classifier
7c6eaef8-f3bf-4c23-a9ef-11d4121136e6,2026-06-08 03:47:09+00:00,USR_0062,low_slow_exfil,low_slow_exfil,low_slow_exfil,XGBoost ML Classifier
4e5167d2-95b7-445a-a935-6e3fb78e0ee2,2026-06-08 03:54:59+00:00,USR_0346,low_slow_exfil,low_slow_exfil,low_slow_exfil,XGBoost ML Classifier
ef7f9c9a-2820-4554-bb00-427326fb8417,2026-06-08 03:55:49+00:00,USR_0954,low_slow_exfil,low_slow_exfil,low_slow_exfil,XGBoost ML Classifier
c6dec32b-f14e-46bf-87c0-55eb5d8eb636,2026-06-08 03:56:49+00:00,SRV_0129,normal,unknown,unknown,XGBoost ML Classifier
700f51b4-d849-4453-ba1f-0bea1ff5d48c,2026-06-08 03:58:13+00:00,USR_0172,low_slow_exfil,low_slow_exfil,low_slow_exfil,XGBoost ML Classifier
d93cd259-d77d-4551-bb26-b70a9f4f3985,2026-06-08 04:00:15+00:00,DEV_0850,normal,unknown,unknown,XGBoost ML Classifier
4844ee7d-f153-454e-9ba6-c753257584c0,2026-06-08 06:00:21+00:00,DEV_0279,normal,unknown,unknown,XGBoost ML Classifier
e0cb097b-0483-4711-bff9-6c7988b07c79,2026-06-08 06:47:31+00:00,SRV_0570,normal,unknown,unknown,XGBoost ML Classifier
569f0eae-0a02-469b-a0b5-dd78ff95f9ef,2026-06-08 06:57:55+00:00,DEV_0848,normal,unknown,unknown,XGBoost ML Classifier
e34553ea-b78e-4800-bd84-908510c4c8e1,2026-06-08 07:08:51+00:00,USR_0395,impossible_travel,impossible_travel,impossible_travel,Rule Override: geo_velocity_kmh > 900 km/h AND geo_distance > 500 km
bdb7464f-c62b-4ca6-bed6-079e1c0bb809,2026-06-08 07:14:58+00:00,SRV_0232,normal,unknown,unknown,XGBoost ML Classifier
e2069f5f-a8fe-43a8-bf6b-47b1539ce2bd,2026-06-08 07:17:21+00:00,DEV_0834,impossible_travel,impossible_travel,impossible_travel,Rule Override: geo_velocity_kmh > 900 km/h AND geo_distance > 500 km
bd0a53bc-98ce-4e50-9cdc-c6c9886c7f9e,2026-06-08 07:19:06+00:00,DEV_0787,normal,unknown,unknown,XGBoost ML Classifier
c6608560-0e0e-4f79-bbd0-5347d04ccb77,2026-06-08 07:27:31+00:00,DEV_0237,normal,unknown,unknown,XGBoost ML Classifier
73697174-5213-4a97-a73d-8d24339448dd,2026-06-08 07:44:19+00:00,DEV_0065,normal,unknown,unknown,XGBoost ML Classifier
c5499779-bc97-4bb8-a8ef-1e04bb1d1c18,2026-06-08 08:05:52+00:00,DEV_0703,normal,unknown,unknown,XGBoost ML Classifier
539e8c3e-902c-43f5-b1ab-b5aa4c35e7b6,2026-06-08 08:46:32+00:00,SRV_0232,normal,unknown,unknown,XGBoost ML Classifier
84e92249-9af7-480e-9cc7-2a6189e6a1a7,2026-06-08 08:50:30+00:00,USR_0817,normal,unknown,unknown,XGBoost ML Classifier
8b6a16d2-e1ce-42a3-b66d-f20b774c2a61,2026-06-08 08:58:52+00:00,USR_0251,impossible_travel,impossible_travel,impossible_travel,Rule Override: geo_velocity_kmh > 900 km/h AND geo_distance > 500 km
24c93d03-693c-4ced-b092-85015b01183d,2026-06-08 09:00:28+00:00,DEV_0799,normal,unknown,unknown,XGBoost ML Classifier
48569e67-b02b-413b-b448-1c65ba455de7,2026-06-08 09:07:17+00:00,DEV_0233,normal,unknown,unknown,XGBoost ML Classifier
9368c1a0-91e9-4d09-9de5-2e3dbbcac07f,2026-06-08 09:18:53+00:00,DEV_0026,normal,unknown,unknown,XGBoost ML Classifier
7a944b32-a495-4638-a0c4-0b11c12576cc,2026-06-08 09:22:32+00:00,USR_0042,impossible_travel,impossible_travel,impossible_travel,Rule Override: geo_velocity_kmh > 900 km/h AND geo_distance > 500 km
d6bc8dae-993f-48cd-a7ef-9ca3460c6caa,2026-06-08 09:23:45+00:00,DEV_0711,normal,unknown,unknown,XGBoost ML Classifier
33ae48fa-8295-4fdd-8749-682b890622b1,2026-06-08 09:28:06+00:00,USR_0927,normal,unknown,unknown,XGBoost ML Classifier
dbb7fc09-a28a-476f-8a59-e92d122b3fb2,2026-06-08 09:29:04+00:00,USR_0625,normal,unknown,unknown,XGBoost ML Classifier
fbfb3f6d-4b40-4dd2-b1de-e66187c38d4e,2026-06-08 09:35:56+00:00,DEV_0332,normal,unknown,unknown,XGBoost ML Classifier
c4ca206f-e9c9-4499-8556-ea7aedfda911,2026-06-08 09:37:33+00:00,SRV_0209,normal,unknown,unknown,XGBoost ML Classifier
db5bc181-03f8-4c59-b92b-dbbfc44fa927,2026-06-08 09:42:31+00:00,SRV_0477,normal,unknown,unknown,XGBoost ML Classifier
648a19ee-6118-4076-8c6d-fef3fd70d308,2026-06-08 10:17:17+00:00,SRV_0670,normal,unknown,unknown,XGBoost ML Classifier
365dd68c-1e29-423e-9dae-8c2eee05c31f,2026-06-08 10:19:14+00:00,DEV_0947,normal,unknown,unknown,XGBoost ML Classifier
4ec84016-9999-468d-a4c8-d6f930508251,2026-06-08 10:48:45+00:00,DEV_0248,normal,unknown,unknown,XGBoost ML Classifier
b76e6a86-e97c-488b-a2cf-593dd60193ad,2026-06-08 11:04:16+00:00,USR_0087,impossible_travel,impossible_travel,impossible_travel,Rule Override: geo_velocity_kmh > 900 km/h AND geo_distance > 500 km
f2d4f5c7-de70-4a5d-b9c9-a542c58f2b42,2026-06-08 11:14:33+00:00,USR_0151,normal,unknown,unknown,XGBoost ML Classifier
ae007bab-7c89-4747-8f89-b9ae826bb41e,2026-06-08 11:14:36+00:00,USR_0610,device_spoofing,device_spoofing,device_spoofing,XGBoost ML Classifier
53bd6562-42a5-465a-a9fd-7d862df5f7d1,2026-06-08 11:23:36+00:00,USR_0344,impossible_travel,impossible_travel,impossible_travel,Rule Override: geo_velocity_kmh > 900 km/h AND geo_distance > 500 km
aa5f8fb6-20d3-4b37-b863-9f1233ce7f06,2026-06-08 11:32:55+00:00,USR_0320,impossible_travel,impossible_travel,impossible_travel,Rule Override: geo_velocity_kmh > 900 km/h AND geo_distance > 500 km
80dee904-2f65-4e34-bd4b-f1379148a925,2026-06-08 12:50:21+00:00,SRV_0128,normal,unknown,unknown,XGBoost ML Classifier
9d935f49-122d-4570-9297-8cc6994060c3,2026-06-08 12:57:57+00:00,DEV_0788,normal,unknown,unknown,XGBoost ML Classifier
5c863f77-72fb-4807-9fd9-b04ec9b7894b,2026-06-08 13:01:26+00:00,USR_0251,impossible_travel,impossible_travel,impossible_travel,Rule Override: geo_velocity_kmh > 900 km/h AND geo_distance > 500 km
3a3b5981-44f1-4e12-a05c-7af91ff0940f,2026-06-08 13:06:05+00:00,USR_0549,normal,unknown,unknown,XGBoost ML Classifier
d25062e5-a5d7-458f-978c-b272896726bd,2026-06-08 13:30:43+00:00,USR_0041,impossible_travel,impossible_travel,impossible_travel,Rule Override: geo_velocity_kmh > 900 km/h AND geo_distance > 500 km
5f9d22ba-6c42-487f-a7c4-f184411a19ba,2026-06-08 13:41:25.823126+00:00,USR_0077,brute_force,brute_force,brute_force,XGBoost ML Classifier
327d0bde-cdee-485c-bc98-964f41bc7e48,2026-06-08 13:41:26.202194+00:00,USR_0077,brute_force,brute_force,brute_force,XGBoost ML Classifier
33b02639-472d-4ae7-ab04-bb06e3825f81,2026-06-08 13:41:26.294026+00:00,USR_0077,brute_force,brute_force,brute_force,XGBoost ML Classifier
12fc5e32-fcc9-479c-a363-d43721e6fc57,2026-06-08 13:41:26.729410+00:00,USR_0077,brute_force,brute_force,brute_force,XGBoost ML Classifier
1c28a522-3624-428a-b502-c292afb96302,2026-06-08 13:41:26.910086+00:00,USR_0077,brute_force,brute_force,brute_force,XGBoost ML Classifier
2bbca931-39ed-42e0-9ab6-699b397fbb76,2026-06-08 13:41:27.005355+00:00,USR_0077,brute_force,brute_force,brute_force,XGBoost ML Classifier
8acdedff-b7ad-4bf4-823a-524f6b8008c8,2026-06-08 13:41:27.731487+00:00,USR_0077,brute_force,brute_force,brute_force,XGBoost ML Classifier
9a6a229a-6495-4cfb-a4a2-f460ed5827fa,2026-06-08 13:41:27.975095+00:00,USR_0077,brute_force,brute_force,brute_force,XGBoost ML Classifier
c6054206-9b79-4bc6-988e-4a91a7014384,2026-06-08 13:41:28.430833+00:00,USR_0077,brute_force,brute_force,brute_force,XGBoost ML Classifier
efd767dc-445b-4ad5-b893-1439405e7128,2026-06-08 13:41:28.707979+00:00,USR_0077,brute_force,brute_force,brute_force,XGBoost ML Classifier
224a5010-4e08-4151-a9f2-6e5fb4be8746,2026-06-08 13:41:29.146685+00:00,USR_0077,brute_force,brute_force,brute_force,XGBoost ML Classifier
e23caac8-2811-4e37-bc90-711c441677c6,2026-06-08 13:41:30.400584+00:00,USR_0077,brute_force,brute_force,brute_force,XGBoost ML Classifier
6e4055bf-3ac2-4155-a266-efb09c4e8760,2026-06-08 13:41:30.998712+00:00,USR_0077,brute_force,brute_force,brute_force,XGBoost ML Classifier
22c65a81-e179-4149-8138-20bd4df371bf,2026-06-08 13:41:31.540404+00:00,USR_0077,brute_force,brute_force,brute_force,XGBoost ML Classifier
cff9bf52-3aa5-4e5a-942b-11e0835ab35c,2026-06-08 13:41:32.091886+00:00,USR_0077,brute_force,brute_force,brute_force,XGBoost ML Classifier
2df700f3-1d14-4222-b014-c4cd1e707bcc,2026-06-08 13:41:32.123554+00:00,USR_0077,brute_force,brute_force,brute_force,XGBoost ML Classifier
5cc5c6c2-756c-4555-8c6d-6d50f2db3b6d,2026-06-08 13:41:32.636031+00:00,USR_0077,brute_force,brute_force,brute_force,XGBoost ML Classifier
e18a843d-852a-4f1e-9496-e87fee90df77,2026-06-08 13:41:32.938165+00:00,USR_0077,brute_force,brute_force,brute_force,XGBoost ML Classifier
e66cae89-a7a6-42f7-b805-17f1b7a687c1,2026-06-08 13:41:33.123416+00:00,USR_0077,brute_force,brute_force,brute_force,XGBoost ML Classifier
12cbc6c1-da81-495d-a15d-47afda18289c,2026-06-08 13:41:33.285795+00:00,USR_0077,brute_force,brute_force,brute_force,XGBoost ML Classifier
d9b76a6d-91da-49a8-af93-cd6b727ba99f,2026-06-08 13:41:33.345900+00:00,USR_0077,brute_force,brute_force,brute_force,XGBoost ML Classifier
fd84d327-08b0-4620-b043-56549c0154d3,2026-06-08 13:41:33.757907+00:00,USR_0077,brute_force,brute_force,brute_force,XGBoost ML Classifier
74f6dbfa-481e-41c8-96ae-b20c780f0710,2026-06-08 13:41:33.901610+00:00,USR_0077,brute_force,brute_force,brute_force,XGBoost ML Classifier
d097b30c-b16f-4603-ac3f-3578cfefd770,2026-06-08 13:41:35.061278+00:00,USR_0077,brute_force,brute_force,brute_force,XGBoost ML Classifier
c1e4a044-2c84-488e-8abd-6bd985f2c863,2026-06-08 13:41:35.596859+00:00,USR_0077,brute_force,brute_force,brute_force,XGBoost ML Classifier
fdef5b9f-5c06-4b54-b18d-ae1e81df7d98,2026-06-08 13:41:35.667836+00:00,USR_0077,brute_force,brute_force,brute_force,XGBoost ML Classifier
5c33d071-5613-442f-a3b9-3dabb902a2c3,2026-06-08 13:41:35.694388+00:00,USR_0077,brute_force,brute_force,brute_force,XGBoost ML Classifier
51ee5c0b-99ae-4fc7-888c-efcd6843ca6d,2026-06-08 13:41:35.869935+00:00,USR_0077,brute_force,brute_force,brute_force,XGBoost ML Classifier
9b4c734f-a9aa-4d58-a478-2bc6a757572f,2026-06-08 13:41:35.981718+00:00,USR_0077,brute_force,brute_force,brute_force,XGBoost ML Classifier
12a95227-b2a9-498f-9cdb-14798664d44b,2026-06-08 13:41:36.075987+00:00,USR_0077,brute_force,brute_force,brute_force,XGBoost ML Classifier
51b007a8-bbf4-4c5c-a757-e5fd43d55425,2026-06-08 13:41:36.119824+00:00,USR_0077,brute_force,brute_force,brute_force,Rule Override: failed_auth_count_5min > 30
749d2d30-fb3c-4936-be67-c7b4bdabab5f,2026-06-08 13:41:37.888907+00:00,USR_0077,brute_force,brute_force,brute_force,Rule Override: failed_auth_count_5min > 30
f6b89b9d-1816-4183-a131-dc8629db678c,2026-06-08 13:41:37.947480+00:00,USR_0077,brute_force,brute_force,brute_force,Rule Override: failed_auth_count_5min > 30
39312b23-9bd1-438a-93db-5aafc620a33c,2026-06-08 13:41:38.232098+00:00,USR_0077,brute_force,brute_force,brute_force,Rule Override: failed_auth_count_5min > 30
c35df3e9-6f2c-4744-b9ab-420e2d39269c,2026-06-08 13:41:38.740150+00:00,USR_0077,brute_force,brute_force,brute_force,Rule Override: failed_auth_count_5min > 30
d96bcca0-33c9-47cd-909c-251c67aed6a6,2026-06-08 13:41:40.773810+00:00,USR_0077,brute_force,brute_force,brute_force,Rule Override: failed_auth_count_5min > 30
b858af9f-7e13-45d6-8e60-ee122908c5a8,2026-06-08 13:41:41.930470+00:00,USR_0077,brute_force,brute_force,brute_force,Rule Override: failed_auth_count_5min > 30
c557bf1d-3f24-46c5-83c5-3438219d8ae6,2026-06-08 13:41:44.405286+00:00,USR_0077,brute_force,brute_force,brute_force,Rule Override: failed_auth_count_5min > 30
57fbb555-15a1-49cc-8c93-ae8989d14a99,2026-06-08 13:41:46.306487+00:00,USR_0077,brute_force,brute_force,brute_force,Rule Override: failed_auth_count_5min > 30
d5ea495b-c892-4855-b9e4-14e922cab1cd,2026-06-08 13:41:46.909081+00:00,USR_0077,brute_force,brute_force,brute_force,Rule Override: failed_auth_count_5min > 30
a6421b38-5776-4957-aedd-1170cdcec629,2026-06-08 13:41:46.943607+00:00,USR_0077,brute_force,brute_force,brute_force,Rule Override: failed_auth_count_5min > 30
4bbb4fc3-5279-4150-93d1-58684b8368fc,2026-06-08 13:41:47.430901+00:00,USR_0077,brute_force,brute_force,brute_force,Rule Override: failed_auth_count_5min > 30
1f9a6985-e22e-4a94-9ee2-801d07437061,2026-06-08 13:41:47.888844+00:00,USR_0077,brute_force,brute_force,brute_force,Rule Override: failed_auth_count_5min > 30
03b31be2-5f12-43c4-8a19-7a25fe297bea,2026-06-08 13:41:49.733927+00:00,USR_0077,brute_force,brute_force,brute_force,Rule Override: failed_auth_count_5min > 30
42482bf3-4eba-4392-8eb8-69a93db1b4e8,2026-06-08 13:41:50.162794+00:00,USR_0077,brute_force,brute_force,brute_force,Rule Override: failed_auth_count_5min > 30
b7bd429c-eed6-4fe1-8e64-5e55b8916343,2026-06-08 13:41:51.220463+00:00,USR_0077,brute_force,brute_force,brute_force,Rule Override: failed_auth_count_5min > 30
26c0b928-a842-48ba-92bf-3cb38a714046,2026-06-08 13:41:52.565552+00:00,USR_0077,brute_force,brute_force,brute_force,Rule Override: failed_auth_count_5min > 30
852426a5-0e4e-48a6-843a-09cc72d25672,2026-06-08 13:41:52.964853+00:00,USR_0077,brute_force,brute_force,brute_force,Rule Override: failed_auth_count_5min > 30
3dd06817-5869-4ea0-b346-b541ab0266d5,2026-06-08 13:41:54.980438+00:00,USR_0077,brute_force,brute_force,brute_force,Rule Override: failed_auth_count_5min > 30
a208063d-b8b8-47a1-aec8-88996c1e78e9,2026-06-08 13:41:57.929168+00:00,USR_0077,brute_force,brute_force,brute_force,Rule Override: failed_auth_count_5min > 30
26b20798-e9e7-43ae-9e22-2a2fa84bf011,2026-06-08 13:41:58.871749+00:00,USR_0077,brute_force,brute_force,brute_force,Rule Override: failed_auth_count_5min > 30
0be02765-12e4-4068-a44d-619c841890be,2026-06-08 13:41:59.463934+00:00,USR_0077,brute_force,brute_force,brute_force,Rule Override: failed_auth_count_5min > 30
0645730d-aaa6-4016-9c4f-3ba7f5812968,2026-06-08 13:41:59.771264+00:00,USR_0077,brute_force,brute_force,brute_force,Rule Override: failed_auth_count_5min > 30
46d6983e-38ab-48cf-b6c8-649eec329608,2026-06-08 13:42:00.776379+00:00,USR_0077,brute_force,brute_force,brute_force,Rule Override: failed_auth_count_5min > 30
8b68ab05-39c0-42d4-aaed-d2668ca62071,2026-06-08 13:42:02.186976+00:00,USR_0077,brute_force,brute_force,brute_force,Rule Override: failed_auth_count_5min > 30
d6cf31dc-7fb5-4239-a8cf-22cd2b85f31a,2026-06-08 13:42:02.698367+00:00,USR_0077,brute_force,brute_force,brute_force,Rule Override: failed_auth_count_5min > 30
7d8680e9-4a95-417f-a43b-ce7267f5acee,2026-06-08 13:42:02.908279+00:00,USR_0077,brute_force,brute_force,brute_force,Rule Override: failed_auth_count_5min > 30
4fac6b33-6d37-4a69-8879-9c5c28f136bf,2026-06-08 13:42:03.491220+00:00,USR_0077,brute_force,brute_force,brute_force,Rule Override: failed_auth_count_5min > 30
9e3725a0-39cd-4391-9b26-dc2d060bf819,2026-06-08 13:42:05.292010+00:00,USR_0077,brute_force,brute_force,brute_force,Rule Override: failed_auth_count_5min > 30
d67e5fa8-b085-40b6-adb0-5968e8d07931,2026-06-08 13:42:09.051293+00:00,USR_0077,brute_force,brute_force,brute_force,Rule Override: failed_auth_count_5min > 30
83b067b7-2c70-4e5f-85bd-f38edec71b5e,2026-06-08 13:42:11.052105+00:00,USR_0077,brute_force,brute_force,brute_force,Rule Override: failed_auth_count_5min > 30
549db0b0-623d-497d-940a-c39947600c73,2026-06-08 13:42:11.138815+00:00,USR_0077,brute_force,brute_force,brute_force,Rule Override: failed_auth_count_5min > 30
e0b043e4-b35f-4e73-a849-4c7d5ff4555e,2026-06-08 13:42:11.231808+00:00,USR_0077,brute_force,brute_force,brute_force,Rule Override: failed_auth_count_5min > 30
04addb88-c04f-4246-b6be-a7e0a5f4397a,2026-06-08 13:42:11.621435+00:00,USR_0077,brute_force,brute_force,brute_force,Rule Override: failed_auth_count_5min > 30
16366cb5-00e2-4b8d-8850-b0815c8a38d0,2026-06-08 13:42:20.588960+00:00,USR_0077,brute_force,brute_force,brute_force,Rule Override: failed_auth_count_5min > 30
12edd766-4899-4efc-8c68-629fd492ab88,2026-06-08 13:42:22.286305+00:00,USR_0077,brute_force,brute_force,brute_force,Rule Override: failed_auth_count_5min > 30
8be9e2f9-d4c2-4e83-b8cc-e93c4241bad1,2026-06-08 13:42:24.518153+00:00,USR_0077,brute_force,brute_force,brute_force,Rule Override: failed_auth_count_5min > 30
a6692003-b744-4d31-9f7c-38af3d84b9c5,2026-06-08 14:02:55+00:00,DEV_0237,normal,unknown,unknown,XGBoost ML Classifier
d0236538-68ae-4424-96d1-7ee73a8e0ff8,2026-06-08 14:27:11+00:00,DEV_0332,normal,unknown,unknown,XGBoost ML Classifier
6614f367-ad03-43d8-8f7f-d3ffd76a29c1,2026-06-08 14:48:36+00:00,USR_0822,impossible_travel,impossible_travel,impossible_travel,Rule Override: geo_velocity_kmh > 900 km/h AND geo_distance > 500 km
4b0f051b-03a3-4877-bbd4-835715d854b4,2026-06-08 15:24:06+00:00,SRV_0630,normal,unknown,unknown,XGBoost ML Classifier
d6bca60c-5467-48f1-9fc6-3415ba3426fa,2026-06-08 15:36:51+00:00,USR_0933,impossible_travel,impossible_travel,impossible_travel,Rule Override: geo_velocity_kmh > 900 km/h AND geo_distance > 500 km
63af108a-3cf1-434c-a564-99399b9e2c84,2026-06-08 15:37:30+00:00,DEV_0444,normal,unknown,unknown,XGBoost ML Classifier
a250f1a6-9c2f-4805-ac61-d1d31603e544,2026-06-08 15:37:47+00:00,SRV_0709,normal,unknown,unknown,XGBoost ML Classifier
91eafb2f-f3af-4464-9e7c-93d88fe4cd77,2026-06-08 16:21:28+00:00,DEV_0414,normal,unknown,unknown,XGBoost ML Classifier
ef27104f-2044-4c85-b3aa-c77ab7061473,2026-06-08 16:33:48+00:00,SRV_0923,normal,unknown,unknown,XGBoost ML Classifier
e5f9015a-fec9-43aa-8063-391c32fdd1a5,2026-06-08 17:01:55+00:00,DEV_0163,normal,unknown,unknown,XGBoost ML Classifier
3980bda6-2587-4cb0-915a-317e74953fb5,2026-06-08 17:12:16+00:00,USR_0789,impossible_travel,impossible_travel,impossible_travel,Rule Override: geo_velocity_kmh > 900 km/h AND geo_distance > 500 km
5db84797-0bf2-40ab-9492-d184e3dbc8db,2026-06-08 17:24:59+00:00,DEV_0144,normal,unknown,unknown,XGBoost ML Classifier
b52ecac3-2f6f-46fe-8f8f-bf334905f589,2026-06-08 18:00:28+00:00,SRV_0729,normal,unknown,unknown,XGBoost ML Classifier
8e74dc60-2d4a-465f-adbb-a7334c01c9a4,2026-06-08 18:08:57+00:00,SRV_0538,normal,unknown,unknown,XGBoost ML Classifier
96e221f1-d650-4cea-bd69-1b9d3142e319,2026-06-08 18:12:58+00:00,DEV_0063,normal,unknown,unknown,XGBoost ML Classifier
ec242e9f-15d4-4d56-9fdf-3ddbffcdab29,2026-06-08 18:29:08+00:00,SRV_0461,normal,unknown,unknown,XGBoost ML Classifier
96b544f0-31a5-4359-b305-f158e6562f1c,2026-06-08 18:44:10+00:00,USR_0077,normal,unknown,unknown,XGBoost ML Classifier
846d529b-4fe4-421c-afa7-c932a6d7edb8,2026-06-08 18:47:11+00:00,DEV_0849,normal,unknown,unknown,XGBoost ML Classifier
270a8c6f-d1b5-4236-8a3b-fde5071bc05a,2026-06-08 18:53:51+00:00,USR_0718,normal,unknown,insider_drift,XGBoost ML Classifier
efd0d058-c1bd-485c-920a-0736ae45fa1a,2026-06-08 18:56:29+00:00,SRV_0702,normal,unknown,unknown,XGBoost ML Classifier
236b22bc-fc03-45f4-bf87-c6cb00776335,2026-06-08 19:01:22+00:00,SRV_0162,normal,unknown,unknown,XGBoost ML Classifier
b80b118c-d649-458e-8b89-f4c12c26fc9b,2026-06-08 19:26:03+00:00,DEV_0444,normal,unknown,unknown,XGBoost ML Classifier
39a2afae-1a6a-41f7-b7e6-026907ae2494,2026-06-08 20:20:01+00:00,DEV_0063,normal,unknown,unknown,XGBoost ML Classifier
1ae5a160-ee86-4164-8d99-ddd8ed0c7de2,2026-06-08 20:30:20+00:00,DEV_0850,normal,unknown,unknown,XGBoost ML Classifier
4a128521-63ab-4e32-9cd8-e18a3337f9ec,2026-06-08 21:31:43+00:00,DEV_0311,normal,unknown,unknown,XGBoost ML Classifier
8f452c5e-4611-4741-97bb-8b9dd1753288,2026-06-08 22:24:21+00:00,SRV_0081,normal,unknown,unknown,XGBoost ML Classifier
b6b08a60-4276-46d4-86cc-ba7f96449a09,2026-06-08 22:33:51+00:00,SRV_0182,normal,unknown,unknown,XGBoost ML Classifier
1a6c36d2-0fd7-458a-93e1-025660461df7,2026-06-08 22:34:12+00:00,USR_0119,normal,unknown,unknown,XGBoost ML Classifier
86f38c51-869a-4350-a340-1c5f5a12e509,2026-06-08 23:22:44+00:00,USR_0730,normal,unknown,unknown,XGBoost ML Classifier
9617c0df-05d1-471a-bf7d-253c97f9e7e9,2026-06-08 23:36:59+00:00,SRV_0709,normal,unknown,unknown,XGBoost ML Classifier
d756b47c-7feb-4bc0-96e9-e0b183185878,2026-06-08 23:59:24+00:00,DEV_0837,normal,unknown,unknown,XGBoost ML Classifier
cb0e4159-8c81-4947-a896-4dfe9417e4db,2026-06-09 00:00:00+00:00,SRV_0129,normal,unknown,unknown,XGBoost ML Classifier
9f45605a-ce7d-4eb1-b263-32188345a8c2,2026-06-09 00:00:00.923000+00:00,DEV_0685,normal,unknown,unknown,XGBoost ML Classifier
4952ae00-9456-41a8-9acd-d2956022aa01,2026-06-09 00:00:01.348000+00:00,SRV_0506,normal,unknown,unknown,XGBoost ML Classifier
ffdf89b0-c85d-44f5-8413-33d30f82312c,2026-06-09 01:04:29+00:00,USR_0172,low_slow_exfil,low_slow_exfil,low_slow_exfil,XGBoost ML Classifier
1061afa0-dbda-49a9-af6f-845d40b60efc,2026-06-09 01:04:44+00:00,USR_0249,low_slow_exfil,low_slow_exfil,low_slow_exfil,XGBoost ML Classifier
0e6b3835-906b-4bd9-a367-2aaca47ce6ff,2026-06-09 01:14:43+00:00,USR_0942,low_slow_exfil,low_slow_exfil,low_slow_exfil,XGBoost ML Classifier
2e70d18c-e322-476c-9888-4a5972e9a229,2026-06-09 01:27:28+00:00,USR_0249,low_slow_exfil,low_slow_exfil,low_slow_exfil,XGBoost ML Classifier
47e03374-5d43-428f-a92d-bd9e080798a2,2026-06-09 01:33:34+00:00,USR_0996,low_slow_exfil,low_slow_exfil,low_slow_exfil,XGBoost ML Classifier
29ab3a59-1e36-4de7-bd0a-51a8f739ff99,2026-06-09 01:34:28+00:00,USR_0062,low_slow_exfil,low_slow_exfil,low_slow_exfil,XGBoost ML Classifier
6251c499-ecf3-47a3-b191-a2c52f1a96da,2026-06-09 01:37:03+00:00,USR_0466,low_slow_exfil,low_slow_exfil,low_slow_exfil,XGBoost ML Classifier
e3516c59-8e5b-4c27-b171-529d2bd5c618,2026-06-09 01:40:21+00:00,USR_0830,low_slow_exfil,low_slow_exfil,low_slow_exfil,XGBoost ML Classifier
ddce721e-35cc-4861-beec-541b68829e2a,2026-06-09 01:47:53+00:00,USR_0172,low_slow_exfil,low_slow_exfil,low_slow_exfil,XGBoost ML Classifier
fa7fe771-1679-40a3-af09-5e477fa55161,2026-06-09 01:56:35+00:00,USR_0954,low_slow_exfil,low_slow_exfil,low_slow_exfil,XGBoost ML Classifier
f6b89817-4214-4589-9817-f1f4db303d28,2026-06-09 01:56:53+00:00,USR_0830,low_slow_exfil,low_slow_exfil,low_slow_exfil,XGBoost ML Classifier
49e99869-3482-459c-8cbb-011ec81b2ebb,2026-06-09 02:18:36+00:00,USR_0257,low_slow_exfil,low_slow_exfil,low_slow_exfil,XGBoost ML Classifier
03b51fb7-8618-4451-be65-d4be75118646,2026-06-09 02:19:42+00:00,USR_0954,low_slow_exfil,low_slow_exfil,low_slow_exfil,XGBoost ML Classifier
f0252427-f848-4c2c-861c-77ac6d0b8bc8,2026-06-09 02:40:37+00:00,USR_0288,low_slow_exfil,low_slow_exfil,low_slow_exfil,XGBoost ML Classifier
c273a096-495e-40c2-9c3b-bbffc26b88ae,2026-06-09 02:53:33+00:00,USR_0044,low_slow_exfil,low_slow_exfil,low_slow_exfil,XGBoost ML Classifier
dc96ceb1-8913-4585-9368-01c3f3bfaf37,2026-06-09 02:59:03+00:00,DEV_0326,normal,unknown,unknown,XGBoost ML Classifier
8aab2039-b03a-460e-b6f3-dce36fe9325c,2026-06-09 03:06:18+00:00,USR_0346,low_slow_exfil,low_slow_exfil,low_slow_exfil,XGBoost ML Classifier
ed5f9585-e61f-418f-9662-7f4114ee11dc,2026-06-09 03:31:43+00:00,SRV_0228,normal,unknown,unknown,XGBoost ML Classifier
c046c030-df37-4d3f-8713-7bc718210040,2026-06-09 03:37:50+00:00,USR_0502,low_slow_exfil,low_slow_exfil,low_slow_exfil,XGBoost ML Classifier
ab844364-170b-451e-b3e9-9ca2a16649c1,2026-06-09 03:47:51+00:00,USR_0949,low_slow_exfil,low_slow_exfil,low_slow_exfil,XGBoost ML Classifier
842ceba0-64cd-4f9d-ae46-69cc3ffbf4d6,2026-06-09 04:17:16+00:00,SRV_0161,normal,unknown,unknown,XGBoost ML Classifier
ec10821e-0822-473b-801b-bf8b243caa67,2026-06-09 04:37:19+00:00,DEV_0485,normal,unknown,unknown,XGBoost ML Classifier
3de5810f-3ba5-4be3-a4e8-3ecee5e975af,2026-06-09 04:40:13+00:00,DEV_0485,normal,unknown,unknown,XGBoost ML Classifier
2cbcdf2f-410d-4ada-9b17-6d6c6f98d3ef,2026-06-09 05:19:07+00:00,USR_0215,normal,unknown,unknown,XGBoost ML Classifier
ea3b31ba-82c7-4b30-a6df-12b4c29a3282,2026-06-09 05:40:37+00:00,SRV_0202,normal,unknown,unknown,XGBoost ML Classifier
37180146-5a37-4c4f-88c4-0b95ce35efb2,2026-06-09 05:43:34+00:00,SRV_0358,normal,unknown,unknown,XGBoost ML Classifier
39f8f5e4-e7c4-4456-8fa0-1ccbf30c2ddd,2026-06-09 06:13:13+00:00,USR_0104,impossible_travel,impossible_travel,impossible_travel,Rule Override: geo_velocity_kmh > 900 km/h AND geo_distance > 500 km
0916a70b-f63b-4721-978f-f9ff026db55c,2026-06-09 06:17:40+00:00,USR_0625,normal,unknown,unknown,XGBoost ML Classifier
b1afbf94-ffff-45f7-9e7b-e5f843ee87ea,2026-06-09 06:21:37+00:00,USR_0800,insider_drift,insider_drift,insider_drift,XGBoost ML Classifier
e5ba629a-7e30-428f-b555-4a934e1f313f,2026-06-09 06:35:38+00:00,DEV_0837,normal,unknown,unknown,XGBoost ML Classifier
26acaaf0-9c9c-4479-a8a5-28eb28f3399e,2026-06-09 06:51:25+00:00,SRV_0202,normal,unknown,unknown,XGBoost ML Classifier
b5063446-9c62-4edb-a484-bdb6bfda6bff,2026-06-09 07:05:21+00:00,USR_0220,insider_drift,insider_drift,insider_drift,XGBoost ML Classifier
b31ad1c6-16d1-411d-91ea-39078edfbe81,2026-06-09 07:07:59+00:00,DEV_0237,normal,unknown,unknown,XGBoost ML Classifier
b7292960-bbc3-4c79-894d-96fddd0b12f7,2026-06-09 07:15:54+00:00,DEV_0245,normal,unknown,unknown,XGBoost ML Classifier
7bf7ddf8-1522-4a43-864e-9ad7899cdbd1,2026-06-09 07:28:48+00:00,DEV_0799,normal,unknown,unknown,XGBoost ML Classifier
331eef94-b30a-4362-a15f-233df64e9354,2026-06-09 07:43:19+00:00,DEV_0664,normal,unknown,unknown,XGBoost ML Classifier
0a2149b9-27ad-4a36-8baa-1ce65a5016e2,2026-06-09 08:40:54+00:00,DEV_0332,normal,unknown,unknown,XGBoost ML Classifier
2569e455-255f-4a43-974e-e2d05a63f59e,2026-06-09 09:33:50+00:00,USR_0243,normal,unknown,unknown,XGBoost ML Classifier
c13eb2d0-9540-4154-9b6d-c060d34b1abc,2026-06-09 09:52:40+00:00,SRV_0301,normal,unknown,unknown,XGBoost ML Classifier
fbab0d0e-f530-4035-9297-e014612508b2,2026-06-09 09:59:31+00:00,DEV_0326,normal,unknown,unknown,XGBoost ML Classifier
64f32513-311e-4f5c-b766-41fed2d2a93b,2026-06-09 10:15:11+00:00,USR_0760,normal,unknown,unknown,XGBoost ML Classifier
a28606f7-9c34-47f3-ae1a-4cbceb160973,2026-06-09 10:56:56+00:00,USR_0955,normal,unknown,unknown,XGBoost ML Classifier
1a72c8c2-e301-4ee3-a7c8-8500bf54aba8,2026-06-09 11:00:00+00:00,SRV_0128,normal,unknown,unknown,XGBoost ML Classifier
7cdbdb26-1883-464f-ac4f-02b1ef3d0a2e,2026-06-09 11:01:46+00:00,SRV_0293,normal,unknown,unknown,XGBoost ML Classifier
13b60cde-2965-4615-8a77-e6ee34a4aba9,2026-06-09 11:04:07+00:00,DEV_0026,normal,unknown,unknown,XGBoost ML Classifier
b4454839-6c27-4666-81ac-78fd1cb9ca6a,2026-06-09 11:09:34+00:00,USR_0622,impossible_travel,impossible_travel,impossible_travel,Rule Override: geo_velocity_kmh > 900 km/h AND geo_distance > 500 km
0f06c626-dd9f-468c-9dc0-3001ba2d8d8a,2026-06-09 11:43:37+00:00,USR_0780,impossible_travel,impossible_travel,impossible_travel,Rule Override: geo_velocity_kmh > 900 km/h AND geo_distance > 500 km
53528f21-e12c-4350-8098-164ce73c9c2e,2026-06-09 11:55:16+00:00,DEV_0703,normal,unknown,unknown,XGBoost ML Classifier
ca8f7e12-9452-4db8-bed3-bc6176af591f,2026-06-09 12:17:41+00:00,DEV_0332,normal,unknown,unknown,XGBoost ML Classifier
fbf2a1a0-badb-48f1-b52f-086fc8404b52,2026-06-09 12:26:14+00:00,USR_0203,impossible_travel,impossible_travel,impossible_travel,Rule Override: geo_velocity_kmh > 900 km/h AND geo_distance > 500 km
fe75e642-b1aa-42c2-abd9-7123cee0d997,2026-06-09 12:34:07+00:00,USR_0639,impossible_travel,impossible_travel,impossible_travel,Rule Override: geo_velocity_kmh > 900 km/h AND geo_distance > 500 km
1725ec58-8e42-461e-bb28-3ef3ecbccc08,2026-06-09 12:34:41+00:00,DEV_0877,normal,unknown,unknown,XGBoost ML Classifier
c9b39b5f-a90f-47e9-887f-5b802ea0f920,2026-06-09 12:41:43+00:00,DEV_0084,normal,unknown,unknown,XGBoost ML Classifier
00fe29c2-7128-40ce-bce2-072531165e53,2026-06-09 12:48:29+00:00,SRV_0083,normal,unknown,unknown,XGBoost ML Classifier
6e397f54-67cc-4c9d-88fc-5f7cfcb76b39,2026-06-09 12:48:55+00:00,USR_0150,impossible_travel,impossible_travel,impossible_travel,Rule Override: geo_velocity_kmh > 900 km/h AND geo_distance > 500 km
d58069d9-8b0e-48d0-8b85-81c897c0b383,2026-06-09 12:51:08+00:00,SRV_0566,normal,unknown,unknown,XGBoost ML Classifier
6c1e76d6-b3cc-4e67-aa4e-cc50e43695e3,2026-06-09 12:58:50+00:00,SRV_0840,normal,unknown,unknown,XGBoost ML Classifier
caaa0dc5-a2a9-4899-b977-1aa9e228944a,2026-06-09 13:29:58+00:00,USR_0319,insider_drift,insider_drift,unknown,XGBoost ML Classifier
5cd7b7a1-02d2-46a8-93c8-26ecc65a74cd,2026-06-09 13:35:09+00:00,DEV_0183,impossible_travel,impossible_travel,impossible_travel,Rule Override: geo_velocity_kmh > 900 km/h AND geo_distance > 500 km
66aee5ec-90f4-474c-bfb6-0ea7233a3694,2026-06-09 13:57:18+00:00,USR_0423,impossible_travel,impossible_travel,impossible_travel,Rule Override: geo_velocity_kmh > 900 km/h AND geo_distance > 500 km
b4f2cc71-8aaa-460b-974d-70d33a80f6bf,2026-06-09 14:05:57+00:00,DEV_0237,normal,unknown,unknown,XGBoost ML Classifier
689a947d-10ab-4202-9b5a-ca77be44fd85,2026-06-09 14:30:35+00:00,USR_0111,impossible_travel,impossible_travel,impossible_travel,Rule Override: geo_velocity_kmh > 900 km/h AND geo_distance > 500 km
0b63bb96-43ad-4535-89e5-34b90aea49e6,2026-06-09 14:44:23+00:00,USR_0221,impossible_travel,impossible_travel,impossible_travel,Rule Override: geo_velocity_kmh > 900 km/h AND geo_distance > 500 km
ad185c91-7648-421d-b98b-fd1d4bbb2be5,2026-06-09 15:28:13+00:00,USR_0922,impossible_travel,impossible_travel,impossible_travel,Rule Override: geo_velocity_kmh > 900 km/h AND geo_distance > 500 km
fc0d27a2-cd49-4f71-91e2-9b379c656dbc,2026-06-09 15:52:46+00:00,DEV_0902,normal,unknown,unknown,XGBoost ML Classifier
c20f84d5-4968-42cc-9525-b4f0b418ae29,2026-06-09 16:04:58+00:00,USR_0577,device_spoofing,device_spoofing,device_spoofing,XGBoost ML Classifier
22e34c60-f8d7-44c8-babe-4f14e3ac31bb,2026-06-09 16:11:31+00:00,USR_0333,impossible_travel,impossible_travel,impossible_travel,Rule Override: geo_velocity_kmh > 900 km/h AND geo_distance > 500 km
f3505487-72e5-4083-b33d-c686e3096fb9,2026-06-09 16:24:31+00:00,USR_0151,impossible_travel,impossible_travel,impossible_travel,Rule Override: geo_velocity_kmh > 900 km/h AND geo_distance > 500 km
c307e708-bb5a-4cd9-9e9b-3b70fdd5c70c,2026-06-09 16:30:39+00:00,SRV_0628,normal,unknown,unknown,XGBoost ML Classifier
c67dd162-96ed-4b84-8811-0fac004b8452,2026-06-09 16:47:49+00:00,DEV_0848,normal,unknown,unknown,XGBoost ML Classifier
d8eab335-8d41-44f6-b58d-b6abffd33c6b,2026-06-09 17:13:38+00:00,DEV_0279,normal,unknown,unknown,XGBoost ML Classifier
cf0323d3-8987-42b3-84f5-cf9dc11980ee,2026-06-09 17:25:52+00:00,SRV_0819,normal,unknown,unknown,XGBoost ML Classifier
393557c4-17df-4c2f-8977-c0163819aacd,2026-06-09 17:51:08+00:00,DEV_0820,normal,unknown,unknown,XGBoost ML Classifier
fc121ad5-6b70-4683-905e-b10c6b9b1643,2026-06-09 18:16:21+00:00,USR_0880,normal,unknown,unknown,XGBoost ML Classifier
b5be54ed-a20a-4d14-9260-45d27e8ee6c9,2026-06-09 18:22:01+00:00,DEV_0013,normal,unknown,unknown,XGBoost ML Classifier
e80dcd1c-769d-4277-8185-0da214d55250,2026-06-09 18:23:32+00:00,USR_0790,impossible_travel,impossible_travel,impossible_travel,Rule Override: geo_velocity_kmh > 900 km/h AND geo_distance > 500 km
7dbe88c6-4fe3-404a-89fe-6205d42f70b8,2026-06-09 18:31:57+00:00,USR_0686,impossible_travel,impossible_travel,impossible_travel,Rule Override: geo_velocity_kmh > 900 km/h AND geo_distance > 500 km
a549bf2a-2572-40ae-9d68-1bd90e74613c,2026-06-09 18:35:53+00:00,DEV_0799,normal,unknown,unknown,XGBoost ML Classifier
442ba412-acfb-40c7-b2f8-3e95285996a0,2026-06-09 18:36:38+00:00,USR_0881,impossible_travel,impossible_travel,impossible_travel,Rule Override: geo_velocity_kmh > 900 km/h AND geo_distance > 500 km
a733c785-29a5-43ba-9ed4-bea5578a9bca,2026-06-09 18:54:26+00:00,USR_0794,impossible_travel,impossible_travel,impossible_travel,Rule Override: geo_velocity_kmh > 900 km/h AND geo_distance > 500 km
57a07694-1f9e-4f80-9e47-0c425410fa46,2026-06-09 19:09:25+00:00,DEV_0164,normal,unknown,unknown,XGBoost ML Classifier
131e6fe0-6666-467a-891b-1528fd98ca3e,2026-06-09 19:45:27.035860+00:00,USR_0149,lateral_movement,lateral_movement,lateral_movement,XGBoost ML Classifier
94de26be-ccc0-45e9-8b61-70e163406217,2026-06-09 19:47:28.378658+00:00,USR_0149,lateral_movement,lateral_movement,lateral_movement,XGBoost ML Classifier
4d05dd78-dfa3-4917-8983-782c1cd05e42,2026-06-09 20:11:13+00:00,DEV_0144,normal,unknown,unknown,XGBoost ML Classifier
20a54ea3-b4b8-4237-95c4-c4f43391638a,2026-06-09 20:27:56+00:00,SRV_0462,normal,unknown,unknown,XGBoost ML Classifier
a924b67b-7231-4cb0-a466-417e2f552f09,2026-06-09 20:39:56+00:00,DEV_0212,normal,unknown,unknown,XGBoost ML Classifier
2ed78bb8-5a99-434f-8ed3-2dc3ececfd8c,2026-06-09 21:32:06+00:00,SRV_0078,normal,unknown,unknown,XGBoost ML Classifier
001deba3-ae85-4794-a1e4-5dd15a5bd75b,2026-06-09 21:32:24+00:00,SRV_0525,normal,unknown,unknown,XGBoost ML Classifier
3e88f914-08df-436e-b517-1e4cd3878007,2026-06-09 21:32:50+00:00,USR_0730,normal,unknown,insider_drift,XGBoost ML Classifier
8ed3e428-6cf0-488a-8074-0bb58045628a,2026-06-09 23:59:24+00:00,SRV_0566,normal,unknown,unknown,XGBoost ML Classifier
b8342617-6473-4758-9295-6f85afa1cd26,2026-06-09 23:59:24+00:00,DEV_0849,normal,unknown,unknown,XGBoost ML Classifier
a885c9bd-6439-4f93-9c43-fdd0cd54b79b,2026-06-09 23:59:24+00:00,SRV_0079,normal,unknown,unknown,XGBoost ML Classifier
8bce1167-b1e5-47d3-89bc-dbd8dc84730b,2026-06-09 23:59:24+00:00,SRV_0823,normal,unknown,unknown,XGBoost ML Classifier
57028d70-20d1-4962-bc30-0368093dbfa5,2026-06-09 23:59:28.713000+00:00,SRV_0161,normal,unknown,unknown,XGBoost ML Classifier
1c38f4fc-d12d-4dde-a79d-7e6b1f2023c6,2026-06-10 00:00:02.460000+00:00,SRV_0348,normal,unknown,unknown,XGBoost ML Classifier
92dfaca5-7935-402d-ab2e-bb093f1e88c0,2026-06-10 00:00:02.855000+00:00,SRV_0078,normal,unknown,unknown,XGBoost ML Classifier
8f9531a3-7eaf-44d0-b1ad-8def473f7539,2026-06-10 00:10:24+00:00,SRV_0006,impossible_travel,impossible_travel,impossible_travel,Rule Override: geo_velocity_kmh > 900 km/h AND geo_distance > 500 km
db43cea2-7d6f-456d-853a-e7dd6e2d72d3,2026-06-10 00:16:24+00:00,DEV_0063,impossible_travel,impossible_travel,impossible_travel,Rule Override: geo_velocity_kmh > 900 km/h AND geo_distance > 500 km
104ab160-8e70-4f3d-a337-aa968faf23c4,2026-06-10 00:29:46+00:00,SRV_0128,impossible_travel,impossible_travel,impossible_travel,Rule Override: geo_velocity_kmh > 900 km/h AND geo_distance > 500 km
20d89960-9b39-4c0d-804b-02b3ca0c0feb,2026-06-10 01:20:12+00:00,USR_0062,low_slow_exfil,low_slow_exfil,low_slow_exfil,XGBoost ML Classifier
1140bdfc-ffae-4693-bf1d-0c11870772ff,2026-06-10 01:22:42+00:00,USR_0288,low_slow_exfil,low_slow_exfil,low_slow_exfil,XGBoost ML Classifier
5141f1bf-df31-4127-ab64-3e650d604c95,2026-06-10 01:33:17+00:00,SRV_0470,impossible_travel,impossible_travel,impossible_travel,Rule Override: geo_velocity_kmh > 900 km/h AND geo_distance > 500 km
740aa7fa-8a9d-4e35-bf67-59a7e83f68b7,2026-06-10 01:52:34+00:00,USR_0996,low_slow_exfil,low_slow_exfil,low_slow_exfil,XGBoost ML Classifier
ecbea22d-cd4b-4c1f-9aa2-11af68352510,2026-06-10 02:02:04+00:00,SRV_0348,normal,unknown,unknown,XGBoost ML Classifier
24d8ee81-fcee-46ce-aa23-4e42f783a46f,2026-06-10 02:07:04+00:00,DEV_0848,normal,unknown,unknown,XGBoost ML Classifier
ca0cce9f-ff6b-4aa8-ac8d-28993a37ee24,2026-06-10 02:20:40+00:00,USR_0466,low_slow_exfil,low_slow_exfil,low_slow_exfil,XGBoost ML Classifier
c285c042-8aa3-4301-9c04-92bb333a6b39,2026-06-10 02:24:13+00:00,USR_0830,low_slow_exfil,low_slow_exfil,low_slow_exfil,XGBoost ML Classifier
3f42238f-e685-4a61-85ae-fe97040363c2,2026-06-10 02:25:35+00:00,USR_0996,low_slow_exfil,low_slow_exfil,low_slow_exfil,XGBoost ML Classifier
d3f38957-c5d4-49eb-b46f-cf7a3382ed41,2026-06-10 02:33:16+00:00,USR_0942,low_slow_exfil,low_slow_exfil,low_slow_exfil,XGBoost ML Classifier
6b825708-f2e5-44cc-a445-9c32370c6e73,2026-06-10 02:36:27+00:00,USR_0466,low_slow_exfil,low_slow_exfil,low_slow_exfil,XGBoost ML Classifier
d7709d2c-86e8-4e80-87c2-3ab0239c4dab,2026-06-10 02:36:53+00:00,DEV_0279,normal,unknown,low_slow_exfil,XGBoost ML Classifier
d9762036-496c-4923-b34f-5ac5a83b4d84,2026-06-10 02:40:16+00:00,USR_0696,normal,unknown,unknown,XGBoost ML Classifier
44c72897-1140-4b97-8045-1a8f6fe12fd4,2026-06-10 02:52:03+00:00,USR_0830,low_slow_exfil,low_slow_exfil,low_slow_exfil,XGBoost ML Classifier
a8b02b9b-0aa2-43ea-86c4-fd707efd01ee,2026-06-10 02:53:35+00:00,SRV_0840,normal,unknown,unknown,XGBoost ML Classifier
5d3f3a6e-76e5-44e3-9878-9c4fef31a233,2026-06-10 02:56:09+00:00,USR_0954,low_slow_exfil,low_slow_exfil,low_slow_exfil,XGBoost ML Classifier
2aeb50ad-6cce-474b-84d5-ec53ae46c374,2026-06-10 03:01:54+00:00,USR_0249,low_slow_exfil,low_slow_exfil,low_slow_exfil,XGBoost ML Classifier
cd2da89d-1430-4b78-a4a1-e3472f46e4c6,2026-06-10 03:04:33+00:00,USR_0249,low_slow_exfil,low_slow_exfil,low_slow_exfil,XGBoost ML Classifier
a3dcdf1b-9598-4de1-a429-e252dbf99301,2026-06-10 03:12:55+00:00,USR_0257,low_slow_exfil,low_slow_exfil,low_slow_exfil,XGBoost ML Classifier
2b573ef4-c5b5-4cf5-a66d-3e61f1fe90de,2026-06-10 03:17:30+00:00,SRV_0184,normal,unknown,unknown,XGBoost ML Classifier
5374d296-54fc-4ad3-b0d1-9e3bc8c8ea2c,2026-06-10 03:30:38+00:00,DEV_0332,normal,unknown,unknown,XGBoost ML Classifier
977f4aff-b76e-4ea3-b952-b72f1845376b,2026-06-10 03:31:29+00:00,USR_0346,low_slow_exfil,low_slow_exfil,low_slow_exfil,XGBoost ML Classifier
2bf04122-5639-43a5-89cd-883b11ec96ee,2026-06-10 03:37:39+00:00,USR_0172,low_slow_exfil,low_slow_exfil,low_slow_exfil,XGBoost ML Classifier
5f257845-73d2-4de9-b0e9-16d783360320,2026-06-10 03:41:11+00:00,USR_0942,low_slow_exfil,low_slow_exfil,low_slow_exfil,XGBoost ML Classifier
ebed53d2-71de-4926-a5ed-aec390253fd4,2026-06-10 03:42:58+00:00,USR_0502,low_slow_exfil,low_slow_exfil,low_slow_exfil,XGBoost ML Classifier
e7d81723-ad24-48f6-aaa3-6810a9176ed9,2026-06-10 04:22:23+00:00,USR_0751,normal,unknown,unknown,XGBoost ML Classifier
819e32b6-b51d-4e7d-9e2f-0228659613cf,2026-06-10 05:26:26+00:00,SRV_0670,device_spoofing,device_spoofing,device_spoofing,XGBoost ML Classifier
437f9dca-be31-43c2-aa31-3bc4e5374257,2026-06-10 05:52:04+00:00,USR_0992,impossible_travel,impossible_travel,impossible_travel,Rule Override: geo_velocity_kmh > 900 km/h AND geo_distance > 500 km
00a25dc6-2e94-44bd-9aab-0a58d9b53527,2026-06-10 05:58:17+00:00,SRV_0129,normal,unknown,unknown,XGBoost ML Classifier
bb6110b4-c67e-4d43-af3a-f204c3f53818,2026-06-10 06:06:39+00:00,SRV_0001,normal,unknown,unknown,XGBoost ML Classifier
70da0eb6-8397-4619-a26f-7edc4e06eea8,2026-06-10 06:17:33+00:00,DEV_0799,impossible_travel,impossible_travel,impossible_travel,Rule Override: geo_velocity_kmh > 900 km/h AND geo_distance > 500 km
cadd2eee-9a96-477b-b7e9-ca460ed31220,2026-06-10 07:03:08+00:00,USR_0855,normal,unknown,unknown,XGBoost ML Classifier
b13a4d0c-7185-407d-bb20-0d5e855ec545,2026-06-10 07:14:00+00:00,SRV_0182,normal,unknown,unknown,XGBoost ML Classifier
26ec8944-851e-46e8-95d5-aed5ed4411be,2026-06-10 07:40:41+00:00,USR_0111,normal,unknown,unknown,XGBoost ML Classifier
ecbbed73-c2e8-478b-95f7-490fbb7c09e0,2026-06-10 08:06:31+00:00,DEV_0768,normal,unknown,unknown,XGBoost ML Classifier
a1dbfad0-0517-49a1-9c0e-cbb74e6721a9,2026-06-10 08:26:16+00:00,SRV_0161,normal,unknown,unknown,XGBoost ML Classifier
3e39ddff-c6b6-46bd-9178-064cb3694c2e,2026-06-10 08:34:04+00:00,USR_0865,impossible_travel,impossible_travel,impossible_travel,Rule Override: geo_velocity_kmh > 900 km/h AND geo_distance > 500 km
ba061b5f-bac0-41e1-b785-1a87682ca46f,2026-06-10 08:42:19+00:00,SRV_0131,normal,unknown,unknown,XGBoost ML Classifier
42ac6c1b-0082-4a7a-b3c4-49ff4abd36fa,2026-06-10 09:05:22+00:00,USR_0730,normal,unknown,unknown,XGBoost ML Classifier
1a96fc21-c991-430b-89dd-70f190c8b393,2026-06-10 09:12:47+00:00,DEV_0711,normal,unknown,unknown,XGBoost ML Classifier
35df9e67-37aa-43a0-ad29-01c630453ff5,2026-06-10 09:19:50+00:00,USR_0106,impossible_travel,impossible_travel,impossible_travel,Rule Override: geo_velocity_kmh > 900 km/h AND geo_distance > 500 km
1e716308-5a51-42c6-88a6-f86a5162aa11,2026-06-10 09:39:33+00:00,SRV_0348,normal,unknown,unknown,XGBoost ML Classifier
033c4e62-4743-43a3-9f6c-a5c34157260c,2026-06-10 09:54:57+00:00,USR_0102,impossible_travel,impossible_travel,impossible_travel,Rule Override: geo_velocity_kmh > 900 km/h AND geo_distance > 500 km
b90f4da8-7d2d-45d2-b2c9-ec986a6b3124,2026-06-10 09:58:01+00:00,USR_0505,impossible_travel,impossible_travel,impossible_travel,Rule Override: geo_velocity_kmh > 900 km/h AND geo_distance > 500 km
4fac3130-077c-4353-9998-82e41681d9be,2026-06-10 10:09:45+00:00,USR_0567,insider_drift,insider_drift,insider_drift,XGBoost ML Classifier
3b01f270-16e1-484d-b067-56ab056347ed,2026-06-10 10:22:17+00:00,SRV_0055,normal,unknown,unknown,XGBoost ML Classifier
b1be7799-9e55-40a1-8c10-bac82cfbfc5a,2026-06-10 10:54:05+00:00,USR_0303,impossible_travel,impossible_travel,impossible_travel,Rule Override: geo_velocity_kmh > 900 km/h AND geo_distance > 500 km
41e70a74-5999-44c5-986a-a0ddc4eda1d3,2026-06-10 11:56:31+00:00,USR_0815,impossible_travel,impossible_travel,impossible_travel,Rule Override: geo_velocity_kmh > 900 km/h AND geo_distance > 500 km
2468c230-5003-4e48-a935-a87c640d7c56,2026-06-10 12:35:35+00:00,USR_0828,normal,unknown,unknown,XGBoost ML Classifier
e4b93947-0a9b-4256-98e2-c92ae9c06013,2026-06-10 12:56:50+00:00,USR_0408,impossible_travel,impossible_travel,impossible_travel,Rule Override: geo_velocity_kmh > 900 km/h AND geo_distance > 500 km
a3a54c02-c573-4ddc-96f6-f43a2432a4a4,2026-06-10 13:08:25+00:00,DEV_0998,impossible_travel,impossible_travel,impossible_travel,Rule Override: geo_velocity_kmh > 900 km/h AND geo_distance > 500 km
ae1ee6c2-43ad-43f1-95b7-df841b85d8ac,2026-06-10 13:13:23+00:00,USR_0885,normal,unknown,insider_drift,XGBoost ML Classifier
c8509fbd-e326-4e7f-85fb-90d039a86d4d,2026-06-10 13:28:47+00:00,USR_0689,impossible_travel,impossible_travel,impossible_travel,Rule Override: geo_velocity_kmh > 900 km/h AND geo_distance > 500 km
26987061-6b3a-4367-b2f8-cec2e8013f14,2026-06-10 13:53:36+00:00,DEV_0009,normal,unknown,unknown,XGBoost ML Classifier
7a428533-a11d-46ca-99a9-038f52a9f6c6,2026-06-10 13:56:26+00:00,USR_0255,normal,unknown,insider_drift,XGBoost ML Classifier
53b124e3-91ac-4520-a45e-bdeed593d59b,2026-06-10 13:58:13+00:00,SRV_0963,normal,unknown,unknown,XGBoost ML Classifier
91ce34b0-a03a-41e1-9284-854340e59b96,2026-06-10 14:06:03+00:00,USR_0266,impossible_travel,impossible_travel,impossible_travel,Rule Override: geo_velocity_kmh > 900 km/h AND geo_distance > 500 km
f39814fa-7cc7-41ca-8ef4-1e8c833f7feb,2026-06-10 14:09:43+00:00,SRV_0372,normal,unknown,unknown,XGBoost ML Classifier
9399d759-1a3c-4be9-a96b-ba4d184410cb,2026-06-10 14:18:57+00:00,USR_0830,impossible_travel,impossible_travel,impossible_travel,Rule Override: geo_velocity_kmh > 900 km/h AND geo_distance > 500 km
0aaf3c60-1420-44af-9fff-1efc1086798d,2026-06-10 14:27:13+00:00,USR_0231,normal,unknown,unknown,XGBoost ML Classifier
7da03f45-710e-4fb8-8374-df1d353d7bbf,2026-06-10 14:29:25+00:00,USR_0346,insider_drift,insider_drift,insider_drift,XGBoost ML Classifier
94734ab5-48a9-4aa7-9144-2a17903d9add,2026-06-10 14:43:14+00:00,USR_0551,impossible_travel,impossible_travel,impossible_travel,Rule Override: geo_velocity_kmh > 900 km/h AND geo_distance > 500 km
7878cbfd-17d8-444b-9e55-de3534a9bda3,2026-06-10 14:51:11+00:00,DEV_0065,normal,unknown,unknown,XGBoost ML Classifier
6752348e-9c37-4ca7-8108-fc3c823ea478,2026-06-10 16:29:49+00:00,USR_0100,impossible_travel,impossible_travel,impossible_travel,Rule Override: geo_velocity_kmh > 900 km/h AND geo_distance > 500 km
24a4689f-f82b-436f-8a24-f0e0800aaa5f,2026-06-10 16:38:26+00:00,USR_0984,normal,unknown,unknown,XGBoost ML Classifier
4996562a-e728-4e10-a0a3-0d70184a577f,2026-06-10 16:39:09+00:00,SRV_0079,normal,unknown,unknown,XGBoost ML Classifier
285b32e4-e254-4b43-b7a6-dcebf8a83ff3,2026-06-10 16:40:23+00:00,DEV_0669,normal,unknown,unknown,XGBoost ML Classifier
7a27db54-0d22-48e6-82c1-7a38beaf7352,2026-06-10 16:46:16+00:00,DEV_0420,normal,unknown,unknown,XGBoost ML Classifier
168d073b-50c0-471a-8545-ef7f13815f08,2026-06-10 16:49:40+00:00,SRV_0570,normal,unknown,unknown,XGBoost ML Classifier
3f79156f-c42a-408a-b5ed-2f0a6ec8d2bd,2026-06-10 18:16:09+00:00,SRV_0717,normal,unknown,unknown,XGBoost ML Classifier
8110d7fd-104c-4b6f-adc4-69ace493bf66,2026-06-10 18:20:35+00:00,DEV_0703,normal,unknown,unknown,XGBoost ML Classifier
9ff50682-6371-4ea1-ba0f-ef81d00b1769,2026-06-10 18:23:25+00:00,SRV_0417,impossible_travel,impossible_travel,impossible_travel,Rule Override: geo_velocity_kmh > 900 km/h AND geo_distance > 500 km
34aa3a15-105c-4ccd-86f1-7d2f33dd38be,2026-06-10 18:26:15+00:00,USR_0427,normal,unknown,insider_drift,XGBoost ML Classifier
7613293b-36f0-460c-b1ce-258be5d8e6dc,2026-06-10 18:55:52+00:00,USR_0964,insider_drift,insider_drift,insider_drift,XGBoost ML Classifier
5059cba8-46ce-446d-8c20-74b096994d06,2026-06-10 19:06:52+00:00,USR_0139,impossible_travel,impossible_travel,impossible_travel,Rule Override: geo_velocity_kmh > 900 km/h AND geo_distance > 500 km
60f87e9d-a573-4c0d-bd2e-f564584ecedb,2026-06-10 19:48:47+00:00,USR_0964,normal,unknown,unknown,XGBoost ML Classifier
1d60914a-b21a-4181-a7e1-a2fefdb76a5f,2026-06-10 19:49:58+00:00,DEV_0932,normal,unknown,unknown,XGBoost ML Classifier
65c03750-d894-4285-8194-a4cf580c68b0,2026-06-10 20:52:22+00:00,SRV_0480,normal,unknown,unknown,XGBoost ML Classifier
90e592e4-63b7-45d9-8404-b0392d4a6668,2026-06-10 21:57:29+00:00,SRV_0018,normal,unknown,unknown,XGBoost ML Classifier
ef52a16d-e013-4057-ae9c-cef998e70018,2026-06-10 23:07:03+00:00,SRV_0677,impossible_travel,impossible_travel,impossible_travel,Rule Override: geo_velocity_kmh > 900 km/h AND geo_distance > 500 km
7fcb8bfd-7c6d-4657-b79f-101b70da259e,2026-06-10 23:59:24+00:00,DEV_0862,normal,unknown,unknown,XGBoost ML Classifier
4445899f-3a29-49ad-855a-faabae5e5493,2026-06-11 00:00:00+00:00,SRV_0717,normal,unknown,unknown,XGBoost ML Classifier
ba6a421c-bae8-4bd2-9023-0113418685a4,2026-06-11 00:00:01.262000+00:00,DEV_0013,normal,unknown,unknown,XGBoost ML Classifier
44e58f5c-9827-446e-a5e9-5646c60402a8,2026-06-11 00:18:00+00:00,DEV_0946,impossible_travel,impossible_travel,impossible_travel,Rule Override: geo_velocity_kmh > 900 km/h AND geo_distance > 500 km
9e249a4d-851b-4267-940c-3d369c4fc3f3,2026-06-11 00:44:27+00:00,SRV_0184,impossible_travel,impossible_travel,impossible_travel,Rule Override: geo_velocity_kmh > 900 km/h AND geo_distance > 500 km
c77b2fc6-52ff-4f2f-bc2f-adb12915a8e1,2026-06-11 01:00:50+00:00,USR_0942,low_slow_exfil,low_slow_exfil,low_slow_exfil,XGBoost ML Classifier
d1bb584f-7648-4988-ae28-896bac21adef,2026-06-11 01:19:54+00:00,USR_0307,low_slow_exfil,low_slow_exfil,low_slow_exfil,XGBoost ML Classifier
a71b7b31-a094-4d80-a983-3cf9af9b116c,2026-06-11 01:35:20+00:00,USR_0954,low_slow_exfil,low_slow_exfil,low_slow_exfil,XGBoost ML Classifier
161a318d-c48f-4b92-94cd-d6acf70f8734,2026-06-11 01:36:16+00:00,USR_0062,low_slow_exfil,low_slow_exfil,low_slow_exfil,XGBoost ML Classifier
8a86e512-165d-4ca3-aa49-6353437e7fb2,2026-06-11 01:55:22+00:00,USR_0249,low_slow_exfil,low_slow_exfil,low_slow_exfil,XGBoost ML Classifier
e9786cf0-f252-4d35-888d-b7689efb4cee,2026-06-11 01:57:10+00:00,DEV_0137,normal,unknown,unknown,XGBoost ML Classifier
f82d4d9c-06bf-4134-9468-634f437af7d1,2026-06-11 01:58:53+00:00,USR_0830,low_slow_exfil,low_slow_exfil,low_slow_exfil,XGBoost ML Classifier
95f09128-5f3e-4d6e-9ed5-31be1d35432f,2026-06-11 02:02:01+00:00,USR_0288,low_slow_exfil,low_slow_exfil,low_slow_exfil,XGBoost ML Classifier
6de12b35-e229-430d-aa55-a13df4a785ce,2026-06-11 02:06:19+00:00,USR_0942,low_slow_exfil,low_slow_exfil,low_slow_exfil,XGBoost ML Classifier
9117e5e9-c109-4c1a-8715-8751d56d8ab9,2026-06-11 02:10:57+00:00,USR_0502,low_slow_exfil,low_slow_exfil,low_slow_exfil,XGBoost ML Classifier
8d8f99b7-bbbd-43b3-832b-4f6dc02173e1,2026-06-11 02:20:16+00:00,USR_0466,low_slow_exfil,low_slow_exfil,low_slow_exfil,XGBoost ML Classifier
19479c06-21ef-430f-832b-52e2fb314c45,2026-06-11 02:32:36+00:00,USR_0996,low_slow_exfil,low_slow_exfil,low_slow_exfil,XGBoost ML Classifier
746f878c-4c99-4f0e-b355-6b735f4a8bbc,2026-06-11 02:40:44+00:00,USR_0172,low_slow_exfil,low_slow_exfil,low_slow_exfil,XGBoost ML Classifier
10d7c672-695e-4965-98ab-d95bc0c34e6d,2026-06-11 03:26:27+00:00,SRV_0729,normal,unknown,unknown,XGBoost ML Classifier
514be353-a096-40d1-a24c-f61f2c5a06d4,2026-06-11 03:27:10+00:00,USR_0249,low_slow_exfil,low_slow_exfil,low_slow_exfil,XGBoost ML Classifier
facb5b5e-49e1-4e56-9197-a217bcb0040b,2026-06-11 03:29:12+00:00,USR_0346,low_slow_exfil,low_slow_exfil,low_slow_exfil,XGBoost ML Classifier
140491f1-34ea-45b2-8e45-fd1ab9dd72c7,2026-06-11 03:29:13+00:00,USR_0502,low_slow_exfil,low_slow_exfil,low_slow_exfil,XGBoost ML Classifier
d5f77b75-b12f-4c21-9fb1-20dc5adaacbf,2026-06-11 03:54:33+00:00,SRV_0348,normal,unknown,unknown,XGBoost ML Classifier
b0589a2a-b5ba-47d0-b8ba-8f5ff56dac51,2026-06-11 03:56:45+00:00,USR_0830,low_slow_exfil,low_slow_exfil,low_slow_exfil,XGBoost ML Classifier
d5022a22-484c-42ca-90ff-bae0cb09f7a7,2026-06-11 03:57:47+00:00,USR_0172,low_slow_exfil,low_slow_exfil,low_slow_exfil,XGBoost ML Classifier
72dd9e72-f7b1-4d2c-a31a-c39b5ca5445d,2026-06-11 04:01:27+00:00,SRV_0698,normal,unknown,unknown,XGBoost ML Classifier
af3ee156-7030-4a9d-8058-30f61e2ec140,2026-06-11 04:03:36+00:00,DEV_0009,normal,unknown,unknown,XGBoost ML Classifier
494c2fd8-faf6-40bc-830d-7a9d86f84805,2026-06-11 04:14:36+00:00,DEV_0274,normal,unknown,unknown,XGBoost ML Classifier
1956ae89-a828-47f6-9fcb-00d872786dda,2026-06-11 04:26:08+00:00,USR_0885,normal,unknown,unknown,XGBoost ML Classifier
98a4e27d-1399-4924-aeb3-673bdc70de53,2026-06-11 04:33:38+00:00,SRV_0372,normal,unknown,unknown,XGBoost ML Classifier
9f1e03b4-093b-462c-885c-76b4864850ea,2026-06-11 05:34:43+00:00,SRV_0018,normal,unknown,unknown,XGBoost ML Classifier
a71d4876-7122-4293-81b3-7c4033b693aa,2026-06-11 05:35:22+00:00,DEV_0429,normal,unknown,unknown,XGBoost ML Classifier
d6ba7dde-2efd-4bfd-ad6b-814ea6984eae,2026-06-11 05:49:32+00:00,SRV_0733,normal,unknown,unknown,XGBoost ML Classifier
7358c7dc-949f-4df4-bb21-403b03c7ea35,2026-06-11 06:24:25+00:00,DEV_0890,normal,unknown,unknown,XGBoost ML Classifier
5b45d50c-ab00-43e1-ac04-37fa35486d17,2026-06-11 06:27:05+00:00,USR_0860,normal,unknown,unknown,XGBoost ML Classifier
59ed13f6-e961-42ec-9fa8-40254106db98,2026-06-11 06:43:35+00:00,SRV_0078,normal,unknown,unknown,XGBoost ML Classifier
a72fce1d-213c-4877-936a-61425b8ec3fc,2026-06-11 07:03:08+00:00,DEV_0799,normal,unknown,unknown,XGBoost ML Classifier
8f771be3-903c-4954-8ef8-f01b5ee0468b,2026-06-11 07:21:54+00:00,SRV_0058,normal,unknown,unknown,XGBoost ML Classifier
39034452-d59d-4387-9bf7-30eddfb3d69a,2026-06-11 07:24:50+00:00,DEV_0163,normal,unknown,unknown,XGBoost ML Classifier
d2c37ac8-05f3-4de1-8d66-4e3dd614562b,2026-06-11 07:31:32+00:00,DEV_0030,normal,unknown,unknown,XGBoost ML Classifier
89b26fc2-c0a3-4af5-911a-8daae39a9fb5,2026-06-11 07:34:01+00:00,DEV_0787,normal,unknown,unknown,XGBoost ML Classifier
f931ba00-20c2-424b-bbd8-b035f2715acd,2026-06-11 07:36:20+00:00,SRV_0153,normal,unknown,unknown,XGBoost ML Classifier
698c5143-7215-404e-b612-29a25310880a,2026-06-11 07:39:46+00:00,DEV_0237,normal,unknown,unknown,XGBoost ML Classifier
2c3b6948-55a2-43a3-96c0-4de860b3388c,2026-06-11 07:58:26+00:00,SRV_0798,normal,unknown,unknown,XGBoost ML Classifier
008981dc-ff5c-4721-820c-f7e643a9620b,2026-06-11 08:27:57+00:00,USR_0250,impossible_travel,impossible_travel,impossible_travel,Rule Override: geo_velocity_kmh > 900 km/h AND geo_distance > 500 km
e6c6b3b1-752a-49b2-bc37-9174424ea0ff,2026-06-11 08:59:33+00:00,DEV_0420,normal,unknown,unknown,XGBoost ML Classifier
f2096d61-1b4d-4253-a23f-a1af7d1b42cf,2026-06-11 09:18:19+00:00,USR_0306,impossible_travel,impossible_travel,impossible_travel,Rule Override: geo_velocity_kmh > 900 km/h AND geo_distance > 500 km
0327cc6a-bdfe-421b-bb1d-138dfae0bb9b,2026-06-11 09:20:30+00:00,USR_0288,impossible_travel,impossible_travel,impossible_travel,Rule Override: geo_velocity_kmh > 900 km/h AND geo_distance > 500 km
f3fb9de5-7178-44a9-bcb3-2a9843f61db9,2026-06-11 09:28:21+00:00,USR_0959,impossible_travel,impossible_travel,impossible_travel,Rule Override: geo_velocity_kmh > 900 km/h AND geo_distance > 500 km
ed116b24-3e96-4761-b9ef-dd36ac269512,2026-06-11 09:31:21+00:00,SRV_0184,normal,unknown,unknown,XGBoost ML Classifier
dd6485d7-ce11-409a-87c1-5333a27a43b8,2026-06-11 09:47:22+00:00,SRV_0677,normal,unknown,unknown,XGBoost ML Classifier
40b74403-7abb-4089-b37c-a64057bf0461,2026-06-11 09:57:47+00:00,USR_0413,impossible_travel,impossible_travel,impossible_travel,Rule Override: geo_velocity_kmh > 900 km/h AND geo_distance > 500 km
e486927b-524a-4c96-b415-0966e2f1f6d5,2026-06-11 10:12:28+00:00,SRV_0841,normal,unknown,unknown,XGBoost ML Classifier
a8126f77-b185-4e4c-bb17-8e67b696f616,2026-06-11 10:18:36+00:00,SRV_0970,normal,unknown,unknown,XGBoost ML Classifier
d252cd9d-fec4-498b-a9a0-08fef7ff741f,2026-06-11 10:25:25+00:00,USR_0827,normal,unknown,unknown,XGBoost ML Classifier
37e97477-26ea-4fd2-9576-d9bfd03aebc3,2026-06-11 10:45:58+00:00,USR_0564,impossible_travel,impossible_travel,impossible_travel,Rule Override: geo_velocity_kmh > 900 km/h AND geo_distance > 500 km
c58f5f91-c5c1-4abe-9d0b-329ef9c1a64d,2026-06-11 10:57:38+00:00,USR_0346,insider_drift,insider_drift,insider_drift,XGBoost ML Classifier
fa9889d3-33cf-4b6d-9947-486737fc1307,2026-06-11 11:22:52+00:00,DEV_0394,normal,unknown,unknown,XGBoost ML Classifier
d3674edc-87ce-4f6b-a34b-8f7dfe7b6617,2026-06-11 11:23:42+00:00,USR_0020,normal,unknown,insider_drift,XGBoost ML Classifier
daae15c5-988c-4653-a0cf-7b01a21ec08f,2026-06-11 11:25:53+00:00,USR_0583,impossible_travel,impossible_travel,impossible_travel,Rule Override: geo_velocity_kmh > 900 km/h AND geo_distance > 500 km
b21b39b5-0d3c-404e-928e-4630c57433e9,2026-06-11 11:30:19+00:00,USR_0985,normal,unknown,insider_drift,XGBoost ML Classifier
0a119db1-1e8b-4d57-9ade-070bbfa9003a,2026-06-11 11:47:17+00:00,USR_0266,impossible_travel,impossible_travel,impossible_travel,Rule Override: geo_velocity_kmh > 900 km/h AND geo_distance > 500 km
e3609d37-3d99-4506-be67-2110ca7b4fcf,2026-06-11 12:01:45+00:00,USR_0912,normal,unknown,unknown,XGBoost ML Classifier
605ab9d8-5c1b-47de-af8c-f6888c66a200,2026-06-11 12:04:33+00:00,DEV_0429,normal,unknown,unknown,XGBoost ML Classifier
e5f135ea-3269-4578-b725-c595d6aa64b3,2026-06-11 12:17:12+00:00,SRV_0293,normal,unknown,unknown,XGBoost ML Classifier
672e68e1-a569-45e2-8ee7-3f42b5993c59,2026-06-11 12:19:43+00:00,SRV_0202,normal,unknown,unknown,XGBoost ML Classifier
d905d180-dc69-43a4-8027-ebab862e6f51,2026-06-11 12:20:12+00:00,SRV_0728,normal,unknown,unknown,XGBoost ML Classifier
e9f0afaf-9d3e-4cda-bff9-bb4db88fa5b5,2026-06-11 12:25:13+00:00,USR_0553,impossible_travel,impossible_travel,impossible_travel,Rule Override: geo_velocity_kmh > 900 km/h AND geo_distance > 500 km
c74afa44-3025-42b4-9eaf-0a9094afaf15,2026-06-11 12:26:21+00:00,USR_0388,impossible_travel,impossible_travel,impossible_travel,Rule Override: geo_velocity_kmh > 900 km/h AND geo_distance > 500 km
7e914ea9-0ee0-4885-a254-22749a56da09,2026-06-11 12:41:12+00:00,SRV_0209,normal,unknown,unknown,XGBoost ML Classifier
b74dce25-70d2-468d-b4da-f4e8b5484e07,2026-06-11 12:56:43+00:00,SRV_0525,normal,unknown,unknown,XGBoost ML Classifier
1ae1dc77-945f-448e-bc77-be6d834059f6,2026-06-11 13:09:26+00:00,DEV_0371,normal,unknown,unknown,XGBoost ML Classifier
ba9a7c8a-58c2-498b-9f56-135a61c806b1,2026-06-11 13:13:54+00:00,USR_0413,normal,unknown,unknown,XGBoost ML Classifier
dab4c12d-d10f-4e50-b0ac-581ef38f4f99,2026-06-11 13:24:28+00:00,USR_0638,insider_drift,insider_drift,insider_drift,XGBoost ML Classifier
d72be6a0-424c-4c39-93c6-1a0f81cc6c73,2026-06-11 13:26:05+00:00,SRV_0797,normal,unknown,unknown,XGBoost ML Classifier
cf980bae-3892-4efb-bf36-fb8f87234291,2026-06-11 13:34:12+00:00,DEV_0067,impossible_travel,impossible_travel,impossible_travel,Rule Override: geo_velocity_kmh > 900 km/h AND geo_distance > 500 km
827e506a-c433-4156-bcab-cf08248ad278,2026-06-11 13:38:23+00:00,USR_0155,impossible_travel,impossible_travel,impossible_travel,Rule Override: geo_velocity_kmh > 900 km/h AND geo_distance > 500 km
8e7e7fa4-f559-41ac-aca7-eeb231cd09c6,2026-06-11 13:38:45+00:00,SRV_0131,device_spoofing,device_spoofing,device_spoofing,XGBoost ML Classifier
bfaca481-022b-4cda-8b4f-3a01f055c62c,2026-06-11 13:39:45+00:00,SRV_0131,device_spoofing,device_spoofing,device_spoofing,XGBoost ML Classifier
33e9d0bb-6915-4bdd-9c41-fc3f2ee29635,2026-06-11 14:00:04+00:00,DEV_0664,normal,unknown,unknown,XGBoost ML Classifier
95a3c1fe-e7e9-4912-8dd9-103d750328ca,2026-06-11 14:02:33+00:00,SRV_0348,normal,unknown,unknown,XGBoost ML Classifier
22eda352-5042-49a2-a826-d3157932f426,2026-06-11 14:20:33+00:00,USR_0119,impossible_travel,impossible_travel,impossible_travel,Rule Override: geo_velocity_kmh > 900 km/h AND geo_distance > 500 km
77d59a6b-5b8b-41f6-ac88-788426336775,2026-06-11 14:22:52+00:00,SRV_0728,normal,unknown,unknown,XGBoost ML Classifier
a4ab4bae-8ccb-4e52-9746-33b99c0cad5a,2026-06-11 14:43:20+00:00,DEV_0274,normal,unknown,unknown,XGBoost ML Classifier
f81b2a5f-e938-4ee3-929a-0b9dfc1c48a6,2026-06-11 15:11:51+00:00,DEV_0849,normal,unknown,unknown,XGBoost ML Classifier
9283ba36-2a85-4a5e-aefd-039b749f179e,2026-06-11 15:15:05+00:00,USR_0402,impossible_travel,impossible_travel,impossible_travel,Rule Override: geo_velocity_kmh > 900 km/h AND geo_distance > 500 km
c77f0d5a-7366-48ba-afd8-57ba3729da71,2026-06-11 15:18:42+00:00,SRV_0541,normal,unknown,unknown,XGBoost ML Classifier
dfa98d6b-8839-4682-8dad-567463516c97,2026-06-11 15:32:37+00:00,SRV_0401,normal,unknown,unknown,XGBoost ML Classifier
c15511ab-c21a-408a-93d9-ae4798412f44,2026-06-11 15:39:08+00:00,USR_0323,impossible_travel,impossible_travel,impossible_travel,Rule Override: geo_velocity_kmh > 900 km/h AND geo_distance > 500 km
2e8b2ede-42ae-4230-bd62-4e27ae35c7c1,2026-06-11 15:44:13+00:00,USR_0158,impossible_travel,impossible_travel,impossible_travel,Rule Override: geo_velocity_kmh > 900 km/h AND geo_distance > 500 km
a0c9fbb5-7721-41bd-b9e2-a22299b9b4e5,2026-06-11 15:50:04+00:00,SRV_0628,normal,unknown,unknown,XGBoost ML Classifier
5d9858eb-4f79-402b-ac6c-a97f67323c6d,2026-06-11 16:04:39+00:00,SRV_0670,normal,unknown,unknown,XGBoost ML Classifier
b549ec88-bb2f-48fa-8edb-0b0b59f7f9e0,2026-06-11 16:10:33+00:00,USR_0574,impossible_travel,impossible_travel,impossible_travel,Rule Override: geo_velocity_kmh > 900 km/h AND geo_distance > 500 km
136927f4-46d5-4e8b-8ade-4e01fb00f7f9,2026-06-11 16:52:27+00:00,USR_0882,impossible_travel,impossible_travel,impossible_travel,Rule Override: geo_velocity_kmh > 900 km/h AND geo_distance > 500 km
47da78c2-4402-4132-84bf-38a36d082e77,2026-06-11 16:55:57+00:00,DEV_0850,normal,unknown,unknown,XGBoost ML Classifier
4abee849-04da-4fc5-807e-d2704336ea15,2026-06-11 17:10:04+00:00,USR_0448,insider_drift,insider_drift,insider_drift,XGBoost ML Classifier
9daef2a5-74a6-4d1b-a346-dd141f98637c,2026-06-11 17:43:49+00:00,USR_0423,normal,unknown,unknown,XGBoost ML Classifier
a2541bfc-3c15-4aa6-9019-a54f3ab23a3a,2026-06-11 18:19:41+00:00,SRV_0818,normal,unknown,lateral_movement,XGBoost ML Classifier
42669bf4-ccad-45f3-9a32-960897566e05,2026-06-11 18:47:44+00:00,DEV_0514,normal,unknown,unknown,XGBoost ML Classifier
78ff5053-b8e4-49c9-946a-6904663602a1,2026-06-11 19:15:56+00:00,USR_0388,normal,unknown,lateral_movement,XGBoost ML Classifier
c832c35b-570e-4d0b-91c4-6b0704ee83e9,2026-06-11 19:28:09+00:00,SRV_0312,normal,unknown,unknown,XGBoost ML Classifier
86688050-f157-4ac9-9bc4-e1001494159e,2026-06-11 19:39:31+00:00,SRV_0129,normal,unknown,unknown,XGBoost ML Classifier
32370224-bbde-4609-936c-013574d0c611,2026-06-11 20:21:47+00:00,DEV_0537,normal,unknown,unknown,XGBoost ML Classifier
d86ef367-73c0-4949-ab11-d09bbf4ea310,2026-06-11 20:21:49+00:00,DEV_0685,normal,unknown,unknown,XGBoost ML Classifier
ad320234-19ee-4ab0-a82c-d66772609e74,2026-06-11 20:32:32+00:00,SRV_0184,normal,unknown,unknown,XGBoost ML Classifier
1d692359-bc5c-4303-84f2-1a2331d0a1ee,2026-06-11 20:33:09+00:00,SRV_0538,normal,unknown,unknown,XGBoost ML Classifier
6d251a99-2abf-47ba-ac05-5d448cd3a22f,2026-06-11 21:48:36+00:00,SRV_0733,normal,unknown,unknown,XGBoost ML Classifier
5ad2ab97-2a37-4d22-8148-ee0277d417b6,2026-06-11 23:59:24+00:00,SRV_0283,normal,unknown,unknown,XGBoost ML Classifier
94c94959-cd88-4790-a231-9af65231d144,2026-06-11 23:59:24+00:00,SRV_0919,normal,unknown,unknown,XGBoost ML Classifier
c2802195-6020-4702-8795-fd9d220d2f51,2026-06-11 23:59:25.873000+00:00,DEV_0593,normal,unknown,unknown,XGBoost ML Classifier
d12f7317-b889-4053-b14c-cabaa4e231fb,2026-06-11 23:59:28.183000+00:00,DEV_0593,normal,unknown,unknown,XGBoost ML Classifier
fcf04b36-fdf2-482d-9024-ee2367c1efff,2026-06-12 00:00:00+00:00,SRV_0767,normal,unknown,unknown,XGBoost ML Classifier
b08de8ed-e55b-4e84-91f4-016305df7c7f,2026-06-12 00:00:00+00:00,SRV_0525,normal,unknown,unknown,XGBoost ML Classifier
ac840d4a-11c0-422e-8d45-d57c9dcb3d0c,2026-06-12 00:00:02.281000+00:00,DEV_0700,normal,unknown,unknown,XGBoost ML Classifier
9f20aac9-6da7-4869-a54a-0bd03c5a43cb,2026-06-12 00:13:40+00:00,SRV_0767,normal,unknown,unknown,XGBoost ML Classifier
2eae4336-7375-41a0-885a-a77a546faec2,2026-06-12 00:15:24+00:00,DEV_0588,impossible_travel,impossible_travel,impossible_travel,Rule Override: geo_velocity_kmh > 900 km/h AND geo_distance > 500 km
2d55e43b-e32a-4512-a6e7-8f95b0f7d5be,2026-06-12 00:19:00+00:00,DEV_0514,impossible_travel,impossible_travel,impossible_travel,Rule Override: geo_velocity_kmh > 900 km/h AND geo_distance > 500 km
675dce6d-27b9-4fd5-aa0c-a8713bcb1531,2026-06-12 01:31:32+00:00,USR_0288,low_slow_exfil,low_slow_exfil,low_slow_exfil,XGBoost ML Classifier
76cacb98-c8a3-4064-bab5-5c09535e8951,2026-06-12 01:36:28+00:00,USR_0249,low_slow_exfil,low_slow_exfil,low_slow_exfil,XGBoost ML Classifier
27fb9a15-9682-490e-b662-74d08719138a,2026-06-12 01:39:51+00:00,USR_0942,low_slow_exfil,low_slow_exfil,low_slow_exfil,XGBoost ML Classifier
9704abd2-c5b7-436c-ac7d-38baf9e32738,2026-06-12 01:47:41+00:00,USR_0249,low_slow_exfil,low_slow_exfil,low_slow_exfil,XGBoost ML Classifier
73d9b448-8ec7-42f0-822d-8d1f69270c01,2026-06-12 01:48:01+00:00,DEV_0902,normal,unknown,unknown,XGBoost ML Classifier
b2193552-c4d5-4bd1-9cd9-6a307f51bb31,2026-06-12 01:49:07+00:00,USR_0257,low_slow_exfil,low_slow_exfil,low_slow_exfil,XGBoost ML Classifier
60ed8a0b-59d8-4ee7-b894-635660f25f1c,2026-06-12 01:53:49+00:00,USR_0466,low_slow_exfil,low_slow_exfil,low_slow_exfil,XGBoost ML Classifier
de4c1a66-a98c-49b4-8471-8b3df31b0110,2026-06-12 02:19:53+00:00,USR_0172,low_slow_exfil,low_slow_exfil,low_slow_exfil,XGBoost ML Classifier
3b2fd1ce-065c-4e4c-a153-37ce90c4921d,2026-06-12 02:29:42+00:00,USR_0996,low_slow_exfil,low_slow_exfil,low_slow_exfil,XGBoost ML Classifier
53acb307-6a46-47fb-9d21-a0632dd00261,2026-06-12 02:32:14+00:00,USR_0502,low_slow_exfil,low_slow_exfil,low_slow_exfil,XGBoost ML Classifier
6c0b964f-484b-4b89-b81a-be380c1319ea,2026-06-12 02:35:41.854045+00:00,USR_0519,lateral_movement,lateral_movement,lateral_movement,XGBoost ML Classifier
b1ece5c3-e19d-42e7-946f-66809eea8f89,2026-06-12 02:36:04+00:00,USR_0954,low_slow_exfil,low_slow_exfil,low_slow_exfil,XGBoost ML Classifier
bdc298ac-73bb-4cd0-835b-42788d50aeb3,2026-06-12 02:38:14.335180+00:00,USR_0519,lateral_movement,lateral_movement,lateral_movement,XGBoost ML Classifier
4efde84c-f581-4544-b336-c4d45aebb08f,2026-06-12 02:49:39.449752+00:00,USR_0886,lateral_movement,lateral_movement,low_slow_exfil,XGBoost ML Classifier
38daeae3-82e4-4293-8c3b-121e1dac7b76,2026-06-12 02:51:11+00:00,USR_0954,low_slow_exfil,low_slow_exfil,low_slow_exfil,XGBoost ML Classifier
6ce5cf3b-ad7c-4f11-9af8-744b21148a01,2026-06-12 02:52:14+00:00,USR_0172,low_slow_exfil,low_slow_exfil,low_slow_exfil,XGBoost ML Classifier
5e46ea66-4f35-4060-b5fc-2dc3c49bdf78,2026-06-12 03:08:49+00:00,USR_0942,low_slow_exfil,low_slow_exfil,low_slow_exfil,XGBoost ML Classifier
cec27662-58f5-4c8c-b7fa-4644b0d7a89e,2026-06-12 03:14:33+00:00,USR_0949,low_slow_exfil,low_slow_exfil,low_slow_exfil,XGBoost ML Classifier
f935ebbe-1138-47dd-9ce0-ef098824656c,2026-06-12 03:17:18+00:00,SRV_0743,normal,unknown,unknown,XGBoost ML Classifier
2135756f-63f1-4103-b3e5-3c0dcf23d6fa,2026-06-12 03:19:03+00:00,DEV_0485,normal,unknown,unknown,XGBoost ML Classifier
8ebd3551-c15d-4aaa-9a78-5237181884de,2026-06-12 03:20:53+00:00,USR_0346,low_slow_exfil,low_slow_exfil,low_slow_exfil,XGBoost ML Classifier
0619e128-e3a2-4167-96ee-a48cc176afcf,2026-06-12 03:25:47+00:00,USR_0466,low_slow_exfil,low_slow_exfil,low_slow_exfil,XGBoost ML Classifier
a15bedd5-c6f6-4a75-a323-ca71966ccbba,2026-06-12 04:41:36+00:00,SRV_0898,normal,unknown,unknown,XGBoost ML Classifier
9a1cb966-1680-4a69-b558-ffeecc5f291b,2026-06-12 05:19:26+00:00,DEV_0177,normal,unknown,unknown,XGBoost ML Classifier
534c5edd-79b9-4899-9f18-4468ef5c2fd7,2026-06-12 05:20:15+00:00,USR_0751,normal,unknown,unknown,XGBoost ML Classifier
c1d14705-664f-4555-baf4-caa022507110,2026-06-12 05:22:29+00:00,DEV_0253,normal,unknown,unknown,XGBoost ML Classifier
cd65598a-d716-466f-a411-e8818f7b261a,2026-06-12 05:23:32+00:00,SRV_0469,normal,unknown,unknown,XGBoost ML Classifier
c52ad87e-6937-45fe-b430-eba2790fb5c8,2026-06-12 05:32:03+00:00,DEV_0260,normal,unknown,unknown,XGBoost ML Classifier
6984c272-7e12-4ba9-ac08-77a81c1baec3,2026-06-12 05:34:26+00:00,DEV_0932,normal,unknown,unknown,XGBoost ML Classifier
d7d62e7e-148f-4af1-ac41-bd3e701d7cbd,2026-06-12 05:51:12+00:00,USR_0724,normal,unknown,insider_drift,XGBoost ML Classifier
e5c14235-c6b6-49d5-9e47-471c9999c76b,2026-06-12 05:54:33+00:00,DEV_0734,impossible_travel,impossible_travel,impossible_travel,Rule Override: geo_velocity_kmh > 900 km/h AND geo_distance > 500 km
469fa831-8965-4179-b14b-390adaa3f139,2026-06-12 05:58:07+00:00,USR_0920,normal,unknown,unknown,XGBoost ML Classifier
a69a35e5-5542-42b7-9ff0-771628d2feba,2026-06-12 06:33:51+00:00,USR_0997,impossible_travel,impossible_travel,impossible_travel,Rule Override: geo_velocity_kmh > 900 km/h AND geo_distance > 500 km
6e30ba58-0133-4104-ae48-8dd7b685f325,2026-06-12 07:39:06+00:00,DEV_0849,normal,unknown,unknown,XGBoost ML Classifier
e21d3159-e600-4f57-a5b6-8f780e072a77,2026-06-12 07:47:53.621540+00:00,USR_0867,lateral_movement,lateral_movement,lateral_movement,XGBoost ML Classifier
20f23fa4-bd5a-4d32-a48c-5b959ae8e0f9,2026-06-12 07:54:01.975955+00:00,USR_0867,lateral_movement,lateral_movement,lateral_movement,XGBoost ML Classifier
256492e9-230a-4c6e-9bd8-4a7e4123c2ce,2026-06-12 07:54:21+00:00,USR_0530,normal,unknown,unknown,XGBoost ML Classifier
87a3b6fc-3589-473a-928c-84d92b47136c,2026-06-12 07:55:14.576563+00:00,DEV_0569,lateral_movement,lateral_movement,lateral_movement,XGBoost ML Classifier
00d43542-ffa0-46c0-a445-3b9654955707,2026-06-12 08:14:29+00:00,DEV_0768,normal,unknown,unknown,XGBoost ML Classifier
bb5bf4db-1dae-4771-94ae-4dbea332b615,2026-06-12 08:20:45+00:00,SRV_0698,normal,unknown,unknown,XGBoost ML Classifier
4eb78f09-5f2b-4485-aacb-32e0aeb301ac,2026-06-12 08:22:11+00:00,SRV_0228,normal,unknown,unknown,XGBoost ML Classifier
e9cb5045-e113-442b-87a8-345da66767aa,2026-06-12 08:26:30+00:00,SRV_0477,normal,unknown,unknown,XGBoost ML Classifier
f8c2a6ad-5b8c-423d-ba74-6e7f2f5c3ab1,2026-06-12 08:37:36+00:00,SRV_0743,normal,unknown,unknown,XGBoost ML Classifier
0b90087b-8e54-42a7-8d93-c94b629c9769,2026-06-12 08:44:38+00:00,DEV_0253,normal,unknown,unknown,XGBoost ML Classifier
eecf214a-8716-4adb-82f9-90403939de84,2026-06-12 08:52:07+00:00,SRV_0630,normal,unknown,unknown,XGBoost ML Classifier
f6645da1-1b43-4d21-99f8-423246b60a04,2026-06-12 09:13:47+00:00,SRV_0372,normal,unknown,unknown,XGBoost ML Classifier
ebcfda82-4dd8-41b1-a3a0-ce152b9cff86,2026-06-12 09:23:10+00:00,SRV_0336,impossible_travel,impossible_travel,impossible_travel,Rule Override: geo_velocity_kmh > 900 km/h AND geo_distance > 500 km
743a5dba-6857-496a-932d-040abdbcc990,2026-06-12 09:28:04+00:00,SRV_0698,normal,unknown,unknown,XGBoost ML Classifier
250b9dfa-41d0-44c0-80a5-7b1fd4a9d5e9,2026-06-12 09:28:24+00:00,USR_0145,impossible_travel,impossible_travel,impossible_travel,Rule Override: geo_velocity_kmh > 900 km/h AND geo_distance > 500 km
02db270d-7561-46a3-bedd-9900fd922370,2026-06-12 10:06:53+00:00,SRV_0797,normal,unknown,unknown,XGBoost ML Classifier
a6140512-7054-4d63-bb6f-0763daa6764d,2026-06-12 10:27:38+00:00,DEV_0877,normal,unknown,unknown,XGBoost ML Classifier
c7fcfc69-c99f-4460-98d7-ac39d9b61e40,2026-06-12 10:29:07+00:00,DEV_0788,normal,unknown,unknown,XGBoost ML Classifier
5d38b6db-a1ae-4e12-ba0c-b1b9be6da2b2,2026-06-12 10:35:44+00:00,SRV_0469,normal,unknown,unknown,XGBoost ML Classifier
05a8f0a1-8342-46e4-982c-58f83a738629,2026-06-12 11:02:52+00:00,DEV_0290,normal,unknown,unknown,XGBoost ML Classifier
18facedf-6bca-4aa5-a2d5-c11a97f54431,2026-06-12 11:52:02+00:00,USR_0760,normal,unknown,unknown,XGBoost ML Classifier
acb782b8-a1d3-4aa7-b296-3e7599e96313,2026-06-12 12:00:36+00:00,USR_0169,normal,unknown,unknown,XGBoost ML Classifier
6e32b611-7d04-4975-a963-8a1206328cb8,2026-06-12 12:15:47+00:00,DEV_0164,normal,unknown,unknown,XGBoost ML Classifier
2d90b176-8894-4a26-bb0e-ea5c40187315,2026-06-12 12:23:20+00:00,USR_0803,impossible_travel,impossible_travel,impossible_travel,Rule Override: geo_velocity_kmh > 900 km/h AND geo_distance > 500 km
85d6b9ff-8499-4d5a-8a5c-97d982b885d5,2026-06-12 12:42:22+00:00,USR_0075,normal,unknown,unknown,XGBoost ML Classifier
90ce9617-f167-45b1-aad7-f703346affd0,2026-06-12 12:49:14+00:00,SRV_0457,normal,unknown,unknown,XGBoost ML Classifier
a800250d-e0ee-42c0-bce8-e7bb89fe1345,2026-06-12 12:56:40+00:00,SRV_0283,normal,unknown,unknown,XGBoost ML Classifier
9358cba8-df1b-45f7-a7ca-b783fa380401,2026-06-12 13:05:24+00:00,SRV_0743,normal,unknown,unknown,XGBoost ML Classifier
7053f239-43e2-4536-a77d-79de6b95387a,2026-06-12 13:06:31+00:00,SRV_0757,impossible_travel,impossible_travel,impossible_travel,Rule Override: geo_velocity_kmh > 900 km/h AND geo_distance > 500 km
85fff866-efc8-4697-862c-7f0d325d2377,2026-06-12 13:16:14+00:00,USR_0057,impossible_travel,impossible_travel,impossible_travel,Rule Override: geo_velocity_kmh > 900 km/h AND geo_distance > 500 km
d4864a9a-6a3d-4c4c-a49a-09793ff06eff,2026-06-12 13:46:56+00:00,USR_0607,impossible_travel,impossible_travel,impossible_travel,Rule Override: geo_velocity_kmh > 900 km/h AND geo_distance > 500 km
ca3917f6-2c82-4010-a783-30b4d95c6983,2026-06-12 14:01:22+00:00,USR_0224,impossible_travel,impossible_travel,impossible_travel,Rule Override: geo_velocity_kmh > 900 km/h AND geo_distance > 500 km
f145a946-3822-49ff-88bb-6512389fb31d,2026-06-12 14:35:04+00:00,USR_0810,impossible_travel,impossible_travel,impossible_travel,Rule Override: geo_velocity_kmh > 900 km/h AND geo_distance > 500 km
6d063289-5ed0-4188-8928-7159af6b67ed,2026-06-12 15:01:16+00:00,DEV_0384,normal,unknown,unknown,XGBoost ML Classifier
f2b5e96c-18c7-4434-8c3d-e0abd84f0706,2026-06-12 15:02:41+00:00,DEV_0245,normal,unknown,unknown,XGBoost ML Classifier
a36b8706-2342-44e5-b413-02ab8b38defe,2026-06-12 15:21:47+00:00,SRV_0923,device_spoofing,device_spoofing,device_spoofing,XGBoost ML Classifier
4b8b43f3-b04a-4f6b-87e2-6cd54e3f2aa5,2026-06-12 15:52:46+00:00,USR_0938,normal,unknown,insider_drift,XGBoost ML Classifier
bfa2f365-360f-49b3-8d8d-f99da2333d64,2026-06-12 15:53:05+00:00,DEV_0274,impossible_travel,impossible_travel,impossible_travel,Rule Override: geo_velocity_kmh > 900 km/h AND geo_distance > 500 km
5a42d005-d443-403f-b05b-b8943c550e75,2026-06-12 16:13:43+00:00,USR_0172,normal,unknown,unknown,XGBoost ML Classifier
7a5eb5a2-cdb6-428e-9125-0cc2489e6cd9,2026-06-12 16:24:41+00:00,SRV_0348,normal,unknown,unknown,XGBoost ML Classifier
096d03f4-2750-476f-a86b-65dfc5ec0966,2026-06-12 16:27:15+00:00,SRV_0538,normal,unknown,unknown,XGBoost ML Classifier
70ab1020-f754-4f72-b004-3338d520d984,2026-06-12 16:36:01+00:00,DEV_0593,normal,unknown,unknown,XGBoost ML Classifier
025f44ea-3997-4ea9-bea6-e6f01204087b,2026-06-12 16:42:23+00:00,DEV_0163,normal,unknown,unknown,XGBoost ML Classifier
38c6ad98-09d7-416f-bfa1-9dd5b3a31cad,2026-06-12 17:00:02+00:00,USR_0817,normal,unknown,unknown,XGBoost ML Classifier
8b557a5d-f4e2-41a0-9f4e-76611ca1d6a4,2026-06-12 17:26:14+00:00,USR_0298,normal,unknown,unknown,XGBoost ML Classifier
f724bcb5-9d78-45a3-a0b3-a2157368201e,2026-06-12 17:29:54+00:00,USR_0667,insider_drift,insider_drift,insider_drift,XGBoost ML Classifier
466a2931-92ea-4643-9acb-ef9c849219dd,2026-06-12 17:38:32+00:00,DEV_0371,normal,unknown,unknown,XGBoost ML Classifier
1ddc0c77-6d85-4ea4-9b98-777a606c392e,2026-06-12 17:44:52.881860+00:00,USR_0465,lateral_movement,lateral_movement,lateral_movement,XGBoost ML Classifier
99c18372-8ef5-4489-84f2-56c799397a9c,2026-06-12 17:45:11.109440+00:00,USR_0465,lateral_movement,lateral_movement,lateral_movement,XGBoost ML Classifier
d7801626-7b8b-467e-80b3-e4b3645ecb99,2026-06-12 17:46:24.533676+00:00,USR_0465,lateral_movement,lateral_movement,lateral_movement,XGBoost ML Classifier
17f03a04-db0a-4015-893c-079b9248a9e8,2026-06-12 17:47:25+00:00,DEV_0902,normal,unknown,unknown,XGBoost ML Classifier
49f0ddc1-eb4f-4929-97dc-28c6fcdf5de2,2026-06-12 17:48:03.968176+00:00,USR_0465,lateral_movement,lateral_movement,lateral_movement,XGBoost ML Classifier
43b8a5e0-4445-43e4-a081-3e3a88832dab,2026-06-12 17:48:31+00:00,SRV_0078,device_spoofing,device_spoofing,device_spoofing,XGBoost ML Classifier
9d8bc1df-ed0e-4301-8f3c-316f5346ec0a,2026-06-12 17:52:40+00:00,DEV_0593,normal,unknown,unknown,XGBoost ML Classifier
116016bc-a51b-465c-b065-af2627d7ca4b,2026-06-12 18:02:32+00:00,SRV_0616,normal,unknown,unknown,XGBoost ML Classifier
1a0c31bb-24c5-477f-b67d-6d85a48bf5e0,2026-06-12 18:14:55+00:00,USR_0448,insider_drift,insider_drift,insider_drift,XGBoost ML Classifier
cbc7c6f7-dafd-4c8a-9569-bd8c91596810,2026-06-12 18:26:56+00:00,DEV_0137,normal,unknown,unknown,XGBoost ML Classifier
51cee495-41a4-411a-b292-179e5f7dcb5b,2026-06-12 18:27:12+00:00,SRV_0934,normal,unknown,unknown,XGBoost ML Classifier
eb206c29-3ce6-4021-b717-17c26417cdc4,2026-06-12 18:54:34+00:00,USR_0812,impossible_travel,impossible_travel,impossible_travel,Rule Override: geo_velocity_kmh > 900 km/h AND geo_distance > 500 km
6cc99c0d-d4e1-4cd2-8dd1-e7045cea2923,2026-06-12 19:12:39+00:00,DEV_0820,normal,unknown,unknown,XGBoost ML Classifier
7cd96899-a781-446d-bc54-247388a5eb44,2026-06-12 19:17:41+00:00,USR_0491,device_spoofing,device_spoofing,device_spoofing,XGBoost ML Classifier
32a858f5-3094-4566-868a-6ab463029d05,2026-06-12 19:20:49+00:00,SRV_0693,normal,unknown,unknown,XGBoost ML Classifier
57909d2c-c1c9-4e22-a73b-90d502a5d8e3,2026-06-12 19:33:01+00:00,DEV_0429,normal,unknown,unknown,XGBoost ML Classifier
22b755f3-89b6-4e9c-8e30-4116ceb84163,2026-06-12 19:34:25+00:00,DEV_0013,normal,unknown,unknown,XGBoost ML Classifier
b72446c9-018c-40ef-87b5-876dbda25182,2026-06-12 19:44:08+00:00,DEV_0326,normal,unknown,unknown,XGBoost ML Classifier
f1dcccd8-9a90-43eb-b16d-c3beea950f69,2026-06-12 19:53:25+00:00,SRV_0630,normal,unknown,unknown,XGBoost ML Classifier
71a49796-49e4-463b-8cac-9e74a2bc0e43,2026-06-12 21:02:35+00:00,DEV_0144,normal,unknown,unknown,XGBoost ML Classifier
2fdd80d2-9e02-4986-bfe8-064d2508f520,2026-06-12 21:38:10+00:00,USR_0784,normal,unknown,unknown,XGBoost ML Classifier
9cdb32c9-2544-4aec-a577-66c9cc417f4f,2026-06-12 21:50:07+00:00,SRV_0979,impossible_travel,impossible_travel,impossible_travel,Rule Override: geo_velocity_kmh > 900 km/h AND geo_distance > 500 km
2a373665-f8f2-4bb0-8c48-fee360dc8d18,2026-06-12 21:52:29+00:00,USR_0032,normal,unknown,unknown,XGBoost ML Classifier
132f53c7-c577-4de7-8bf4-88d1d035da6e,2026-06-12 22:52:48+00:00,SRV_0207,normal,unknown,unknown,XGBoost ML Classifier
af7b7abc-6007-492f-ae60-68ea79a2dbb9,2026-06-12 23:59:24+00:00,DEV_0420,normal,unknown,unknown,XGBoost ML Classifier
1ec098e6-e0ff-4671-b86b-add12ae8f7a9,2026-06-12 23:59:24+00:00,DEV_0485,normal,unknown,unknown,XGBoost ML Classifier
973f7629-4fcf-443e-96bd-5ae24a481f23,2026-06-12 23:59:24+00:00,DEV_0932,normal,unknown,unknown,XGBoost ML Classifier
44e1de6c-7313-40a7-a7ab-b5d3f04e4962,2026-06-12 23:59:24+00:00,DEV_0799,normal,unknown,unknown,XGBoost ML Classifier
52bd91bc-25e6-4a51-a8e7-2239b3c1f105,2026-06-12 23:59:26.012000+00:00,SRV_0697,normal,unknown,unknown,XGBoost ML Classifier
1834d72f-acd2-4fab-b73f-affc5f3b21df,2026-06-13 00:00:00+00:00,SRV_0232,normal,unknown,unknown,XGBoost ML Classifier
5d9eb9b3-008f-4970-bebc-13648d414883,2026-06-13 00:00:03.767000+00:00,DEV_0013,normal,unknown,unknown,XGBoost ML Classifier
8952d508-1cf2-4520-bf80-2e87ce5e2860,2026-06-13 00:10:00+00:00,SRV_0731,impossible_travel,impossible_travel,impossible_travel,Rule Override: geo_velocity_kmh > 900 km/h AND geo_distance > 500 km
cb08af94-2494-4d66-a959-01af1a777b75,2026-06-13 00:11:24+00:00,SRV_0006,impossible_travel,impossible_travel,impossible_travel,Rule Override: geo_velocity_kmh > 900 km/h AND geo_distance > 500 km
7e95f396-3809-46f1-9f99-14d82f201572,2026-06-13 00:12:24+00:00,DEV_0707,impossible_travel,impossible_travel,impossible_travel,Rule Override: geo_velocity_kmh > 900 km/h AND geo_distance > 500 km
b9802af1-3b28-4995-bc5f-3c110b4b8082,2026-06-13 00:22:07+00:00,SRV_0461,normal,unknown,unknown,XGBoost ML Classifier
70b83e01-d15e-42b6-83a7-5a54fc405506,2026-06-13 01:15:16+00:00,USR_0454,device_spoofing,device_spoofing,device_spoofing,XGBoost ML Classifier
a4c95f57-b2dc-46db-8dd8-c2c9328eeefd,2026-06-13 01:19:44+00:00,USR_0249,low_slow_exfil,low_slow_exfil,low_slow_exfil,XGBoost ML Classifier
04dd0c48-a43b-46f7-ac33-a938b485a6a0,2026-06-13 01:44:49+00:00,DEV_0485,normal,unknown,unknown,XGBoost ML Classifier
88d9a6e5-4c2f-4e1b-983a-71aabdaa5348,2026-06-13 01:48:44+00:00,USR_0466,low_slow_exfil,low_slow_exfil,low_slow_exfil,XGBoost ML Classifier
9194d668-ca11-40b5-aad6-6ac100af3e89,2026-06-13 01:49:27+00:00,USR_0954,low_slow_exfil,low_slow_exfil,low_slow_exfil,XGBoost ML Classifier
150a68fc-f25e-4c93-a232-d1fe204a45c6,2026-06-13 02:23:48+00:00,SRV_0129,normal,unknown,unknown,XGBoost ML Classifier
64845e0d-f9c8-46cc-83f8-59a478145705,2026-06-13 02:23:59+00:00,USR_0249,low_slow_exfil,low_slow_exfil,low_slow_exfil,XGBoost ML Classifier
0aebe3c6-f7b5-4a4d-a965-7a1e3939f30e,2026-06-13 02:42:01+00:00,USR_0942,low_slow_exfil,low_slow_exfil,low_slow_exfil,XGBoost ML Classifier
af43d290-ef89-4e91-85df-6963417ba7f6,2026-06-13 02:50:59+00:00,USR_0172,low_slow_exfil,low_slow_exfil,low_slow_exfil,XGBoost ML Classifier
da6dafd3-3fb1-44bc-a283-9903e1640ec3,2026-06-13 02:58:23+00:00,SRV_0645,normal,unknown,unknown,XGBoost ML Classifier
3c2cc983-1d25-48e0-8e95-5cf064d82714,2026-06-13 02:59:12+00:00,DEV_0233,normal,unknown,unknown,XGBoost ML Classifier
2d34645d-cc5b-41db-b900-0bc530375f8c,2026-06-13 03:00:12+00:00,DEV_0394,normal,unknown,unknown,XGBoost ML Classifier
eb8d5634-cf8c-4bfc-a6a7-d461fbf86c8c,2026-06-13 03:10:16+00:00,USR_0502,low_slow_exfil,low_slow_exfil,low_slow_exfil,XGBoost ML Classifier
44338d58-7d22-4d03-a095-18964c5050c1,2026-06-13 03:14:01+00:00,DEV_0294,normal,unknown,unknown,XGBoost ML Classifier
8ca36d49-9792-4f6c-9af0-437a700dd3cd,2026-06-13 03:22:19+00:00,USR_0288,low_slow_exfil,low_slow_exfil,low_slow_exfil,XGBoost ML Classifier
be770754-408f-49c0-9546-14e89fc11226,2026-06-13 03:43:54+00:00,USR_0257,low_slow_exfil,low_slow_exfil,low_slow_exfil,XGBoost ML Classifier
ea6f0f58-0727-4087-b99c-be171d98894b,2026-06-13 03:47:03+00:00,USR_0346,low_slow_exfil,low_slow_exfil,low_slow_exfil,XGBoost ML Classifier
7f1fc23b-ef9a-4b58-9d0d-1c240017cf86,2026-06-13 03:47:14+00:00,USR_0172,low_slow_exfil,low_slow_exfil,low_slow_exfil,XGBoost ML Classifier
e5ca8691-5ae1-4d70-a2ee-9a8c4c784c40,2026-06-13 04:11:00+00:00,DEV_0555,impossible_travel,impossible_travel,impossible_travel,Rule Override: geo_velocity_kmh > 900 km/h AND geo_distance > 500 km
c8e02841-aa94-418b-8c54-921f76016133,2026-06-13 04:55:21+00:00,SRV_0348,normal,unknown,unknown,XGBoost ML Classifier
a69d238a-42b0-4ad0-9bdf-71b0fa67c3ba,2026-06-13 05:00:29+00:00,SRV_0550,normal,unknown,unknown,XGBoost ML Classifier
d20c5de1-7a08-45de-bdb3-0bc3711f3a73,2026-06-13 05:11:33+00:00,DEV_0877,normal,unknown,unknown,XGBoost ML Classifier
f4cf0b8b-9bc4-4fa2-8c94-50c9c7964db0,2026-06-13 06:04:02+00:00,DEV_0416,normal,unknown,unknown,XGBoost ML Classifier
a4bf8538-5859-4dbf-a222-925e705d21a6,2026-06-13 06:24:47+00:00,DEV_0799,impossible_travel,impossible_travel,impossible_travel,Rule Override: geo_velocity_kmh > 900 km/h AND geo_distance > 500 km
ea5ff315-58b3-4dac-9896-6b7b420d63ae,2026-06-13 06:27:34+00:00,SRV_0743,normal,unknown,unknown,XGBoost ML Classifier
63c7c356-cb68-46c5-83ef-63b6f4ed7a86,2026-06-13 06:35:03+00:00,SRV_0541,normal,unknown,unknown,XGBoost ML Classifier
1cf9ef2c-e011-4131-a072-4044b9de63db,2026-06-13 06:36:11+00:00,DEV_0013,normal,unknown,unknown,XGBoost ML Classifier
6eb3ef64-284c-43da-b56c-e966baa8f495,2026-06-13 06:38:14+00:00,SRV_0934,normal,unknown,unknown,XGBoost ML Classifier
02018ac8-242d-4475-9098-d5c8d3847969,2026-06-13 06:45:40+00:00,DEV_0711,normal,unknown,unknown,XGBoost ML Classifier
3589a87f-4a74-43b7-a7e1-125dc27ee7cf,2026-06-13 06:55:41.296647+00:00,USR_0738,lateral_movement,lateral_movement,lateral_movement,XGBoost ML Classifier
467816d8-b320-446e-85c7-6a62657c7fee,2026-06-13 06:56:14.474240+00:00,USR_0738,lateral_movement,lateral_movement,lateral_movement,XGBoost ML Classifier
a4ea029b-e104-4d03-97c1-763ea6fdddcf,2026-06-13 06:57:17.689535+00:00,USR_0738,lateral_movement,lateral_movement,lateral_movement,XGBoost ML Classifier
99de1f17-7192-4932-b837-a2db2c590580,2026-06-13 06:58:37.343315+00:00,USR_0738,lateral_movement,lateral_movement,lateral_movement,XGBoost ML Classifier
d30b7df5-9c71-4917-b1a0-30747563c5ba,2026-06-13 07:31:23+00:00,DEV_0260,normal,unknown,unknown,XGBoost ML Classifier
89f7accb-f7bf-4e93-82aa-fd57923302da,2026-06-13 08:13:41+00:00,SRV_0640,normal,unknown,unknown,XGBoost ML Classifier
54d613e8-c972-46c6-bcdf-9e50f02587fa,2026-06-13 08:15:52+00:00,USR_0220,insider_drift,insider_drift,insider_drift,XGBoost ML Classifier
aa5ec266-cdf6-4091-a076-54fe69679b0c,2026-06-13 08:34:14+00:00,DEV_0873,normal,unknown,unknown,XGBoost ML Classifier
1020c6dd-6962-4a8a-8ab9-c3182bc3bd8d,2026-06-13 09:27:31+00:00,DEV_0429,normal,unknown,unknown,XGBoost ML Classifier
7a45e878-3dc0-4df1-888f-7a0456a566ab,2026-06-13 09:31:39+00:00,SRV_0566,normal,unknown,unknown,XGBoost ML Classifier
23c28ed5-a101-4c53-acff-7fb218ee0769,2026-06-13 09:45:39+00:00,DEV_0537,normal,unknown,unknown,XGBoost ML Classifier
42f9fc48-a81e-4b4c-88c7-48c87bfc52cd,2026-06-13 09:50:10+00:00,SRV_0819,normal,unknown,unknown,XGBoost ML Classifier
dc1f7241-452e-4347-bb99-15c0ffab94be,2026-06-13 10:00:16+00:00,DEV_0212,normal,unknown,unknown,XGBoost ML Classifier
3c63a515-8518-463e-8ef7-5447611eb1b6,2026-06-13 10:58:34+00:00,USR_0468,device_spoofing,device_spoofing,device_spoofing,XGBoost ML Classifier
471a27ca-6b3f-4507-8b25-349263281034,2026-06-13 11:18:59.794701+00:00,USR_0618,lateral_movement,lateral_movement,lateral_movement,XGBoost ML Classifier
5093d6b3-c4eb-41de-ac8d-9d79202b5be1,2026-06-13 11:20:39.442629+00:00,USR_0618,lateral_movement,lateral_movement,lateral_movement,XGBoost ML Classifier
e6d706c4-83a0-421b-b32f-453a92feda40,2026-06-13 11:24:36+00:00,SRV_0283,normal,unknown,unknown,XGBoost ML Classifier
6c12db9b-fdff-46bc-b803-f3030b535914,2026-06-13 12:28:56+00:00,DEV_0253,normal,unknown,unknown,XGBoost ML Classifier
cf10f8af-1476-48d2-a151-141df292f654,2026-06-13 12:33:36+00:00,SRV_0743,normal,unknown,unknown,XGBoost ML Classifier
d28c9e28-eb9a-48f5-a280-2997c4254c65,2026-06-13 12:48:27+00:00,USR_0222,normal,unknown,unknown,XGBoost ML Classifier
c05e7fb8-e529-4550-addd-f1ea886bd593,2026-06-13 12:49:15+00:00,DEV_0011,impossible_travel,impossible_travel,impossible_travel,Rule Override: geo_velocity_kmh > 900 km/h AND geo_distance > 500 km
71eba389-a660-479e-a04c-874355ea5458,2026-06-13 13:23:18+00:00,DEV_0799,normal,unknown,unknown,XGBoost ML Classifier
b379e741-11ee-4748-9556-1335ace5d136,2026-06-13 13:40:26+00:00,DEV_0188,impossible_travel,impossible_travel,impossible_travel,Rule Override: geo_velocity_kmh > 900 km/h AND geo_distance > 500 km
377431aa-489b-4a3b-b2ae-4d37339ab4d5,2026-06-13 13:44:58+00:00,USR_0695,insider_drift,insider_drift,insider_drift,XGBoost ML Classifier
b1fd6649-8f5b-45af-9530-09ffa07b3114,2026-06-13 14:53:38+00:00,DEV_0177,normal,unknown,unknown,XGBoost ML Classifier
b42e78a6-cc92-4332-997a-da1d36b5cb60,2026-06-13 14:59:23+00:00,USR_0408,impossible_travel,impossible_travel,impossible_travel,Rule Override: geo_velocity_kmh > 900 km/h AND geo_distance > 500 km
a8cd92e8-7459-47f2-bf1d-7df44a685dab,2026-06-13 15:34:44+00:00,DEV_0711,normal,unknown,unknown,XGBoost ML Classifier
abcbbe6b-24ff-41a5-bc85-86ed0495af18,2026-06-13 15:54:41+00:00,DEV_0394,normal,unknown,unknown,XGBoost ML Classifier
b113c9a7-280c-4edc-8549-b518a6e90326,2026-06-13 16:11:45+00:00,DEV_0084,normal,unknown,unknown,XGBoost ML Classifier
2fb84ec6-bc8e-49dd-968d-9fbf84938c56,2026-06-13 16:13:05+00:00,SRV_0004,normal,unknown,unknown,XGBoost ML Classifier
3837fcdb-11c4-43d9-a660-3ef783dc79c1,2026-06-13 16:20:48+00:00,SRV_0202,normal,unknown,unknown,XGBoost ML Classifier
d5a0f736-8135-46f4-8e03-1f9e03d29c5d,2026-06-13 17:13:47+00:00,USR_0186,normal,unknown,unknown,XGBoost ML Classifier
c0f3d0df-e4df-413b-992f-2aef3490909c,2026-06-13 17:20:48+00:00,SRV_0401,normal,unknown,unknown,XGBoost ML Classifier
e0e04e8e-d571-4c80-a232-5549284fc00c,2026-06-13 18:01:58+00:00,USR_0211,normal,unknown,unknown,XGBoost ML Classifier
638dd382-34d4-426c-81db-2dd585b923df,2026-06-13 18:05:09+00:00,SRV_0698,normal,unknown,unknown,XGBoost ML Classifier
adc81bbb-3a45-4c16-b295-ae09ba5a71b4,2026-06-13 18:31:23+00:00,DEV_0177,normal,unknown,unknown,XGBoost ML Classifier
66eea0ef-f846-41df-bbeb-3c874c83c7ba,2026-06-13 19:20:07+00:00,DEV_0902,normal,unknown,unknown,XGBoost ML Classifier
7bc8873b-b3c7-4665-86ba-4fb3c61ce54d,2026-06-13 19:52:45+00:00,DEV_0588,normal,unknown,unknown,XGBoost ML Classifier
e38a265e-88da-4dc9-b500-29fbc7754164,2026-06-13 19:57:04.896359+00:00,USR_0576,lateral_movement,lateral_movement,lateral_movement,XGBoost ML Classifier
853812af-1277-4e5b-ba6e-94af15222076,2026-06-13 20:56:49+00:00,DEV_0265,normal,unknown,unknown,XGBoost ML Classifier
8d4e905e-4329-4dc3-8fc2-fef94b896590,2026-06-13 21:14:09+00:00,DEV_0507,impossible_travel,impossible_travel,impossible_travel,Rule Override: geo_velocity_kmh > 900 km/h AND geo_distance > 500 km
5a609726-c4b0-432c-907e-896277b881e4,2026-06-13 21:56:43+00:00,DEV_0416,normal,unknown,unknown,XGBoost ML Classifier
1135da51-3bd2-4a01-9191-58fba57a407f,2026-06-13 21:56:56+00:00,DEV_0700,normal,unknown,unknown,XGBoost ML Classifier
25213181-8cd2-4fea-8fd7-1c6c34f5fb54,2026-06-13 22:13:23+00:00,SRV_0156,normal,unknown,unknown,XGBoost ML Classifier
44d711e6-b1d8-4f21-8059-2170da34ab93,2026-06-13 23:43:41+00:00,SRV_0129,normal,unknown,unknown,XGBoost ML Classifier
b55e71a1-12d6-4e0d-8fb6-5882b33c16aa,2026-06-13 23:59:24+00:00,SRV_0131,normal,unknown,unknown,XGBoost ML Classifier
e0321ca0-b203-4e64-8aa1-15b77845ba83,2026-06-13 23:59:24.891000+00:00,SRV_0461,normal,unknown,unknown,XGBoost ML Classifier
db9ec29c-b105-49bd-a7e8-8544c5d5f71a,2026-06-13 23:59:25.347000+00:00,DEV_0664,normal,unknown,unknown,XGBoost ML Classifier
08d36fef-664e-4ca4-a705-9d1beb863cfb,2026-06-13 23:59:27.851000+00:00,DEV_0849,normal,unknown,unknown,XGBoost ML Classifier
5d652e4c-6d68-46ee-908d-81990fa1a4d4,2026-06-14 00:00:00+00:00,DEV_0932,normal,unknown,unknown,XGBoost ML Classifier
04e0fcb5-aafa-4cdc-b19a-c0f517841134,2026-06-14 00:00:00+00:00,SRV_0970,normal,unknown,unknown,XGBoost ML Classifier
8ac559ad-8618-45bf-954f-1194099b3952,2026-06-14 00:00:03.180000+00:00,DEV_0837,normal,unknown,unknown,XGBoost ML Classifier
6e2d1bc7-031a-4f8a-b125-cfd9ec6c9e6c,2026-06-14 00:00:03.910000+00:00,DEV_0311,normal,unknown,unknown,XGBoost ML Classifier
9f462ea8-a2fc-4d32-93cc-b7c733510dd4,2026-06-14 00:00:04.634000+00:00,DEV_0332,normal,unknown,unknown,XGBoost ML Classifier
fe062817-5cea-4924-a86f-3cf0db89d84d,2026-06-14 00:00:07.027000+00:00,SRV_0908,normal,unknown,unknown,XGBoost ML Classifier
a7f22ea5-cab3-43ba-83f7-ea25bfe5d83b,2026-06-14 00:08:00+00:00,DEV_0414,impossible_travel,impossible_travel,impossible_travel,Rule Override: geo_velocity_kmh > 900 km/h AND geo_distance > 500 km
2be07322-5f23-403b-91e3-be879cdfd2d5,2026-06-14 00:12:00+00:00,DEV_0834,impossible_travel,impossible_travel,impossible_travel,Rule Override: geo_velocity_kmh > 900 km/h AND geo_distance > 500 km
d050b27f-3327-496e-ab3a-12e66066e72d,2026-06-14 00:14:24+00:00,SRV_0305,impossible_travel,impossible_travel,impossible_travel,Rule Override: geo_velocity_kmh > 900 km/h AND geo_distance > 500 km
186b1342-5ef0-4d9a-b31d-fa7af845ea66,2026-06-14 00:49:30+00:00,DEV_0485,normal,unknown,unknown,XGBoost ML Classifier
266fa38c-4f46-411b-ae11-06034bda6a65,2026-06-14 01:15:32+00:00,USR_0346,low_slow_exfil,low_slow_exfil,low_slow_exfil,XGBoost ML Classifier
687f7b0c-f115-4b34-8249-829f77eeee71,2026-06-14 01:28:50+00:00,USR_0954,low_slow_exfil,low_slow_exfil,low_slow_exfil,XGBoost ML Classifier
acdab422-f16f-4ce7-a335-db54db33c956,2026-06-14 01:30:35+00:00,DEV_0384,normal,unknown,unknown,XGBoost ML Classifier
38c6eb90-490d-4952-accb-d0dd13689320,2026-06-14 01:53:46+00:00,DEV_0248,normal,unknown,unknown,XGBoost ML Classifier
71472112-858c-410f-9b13-cf685abaca90,2026-06-14 02:11:55+00:00,USR_0466,low_slow_exfil,low_slow_exfil,low_slow_exfil,XGBoost ML Classifier
4fdaa4c1-894d-4d22-b379-29a1fe305ce3,2026-06-14 02:15:55+00:00,USR_0949,low_slow_exfil,low_slow_exfil,low_slow_exfil,XGBoost ML Classifier
63538cbe-94c4-4266-a871-885e5dae5a7b,2026-06-14 02:19:59+00:00,USR_0935,device_spoofing,device_spoofing,device_spoofing,XGBoost ML Classifier
9e85f2e5-4cd1-4d96-b900-ce14787f93ba,2026-06-14 02:28:37+00:00,USR_0249,low_slow_exfil,low_slow_exfil,low_slow_exfil,XGBoost ML Classifier
6ec28b6d-5273-4c20-91d6-5dbc7e369fae,2026-06-14 02:30:43+00:00,SRV_0729,normal,unknown,unknown,XGBoost ML Classifier
495dde64-55fa-4540-a817-d2e8ad97b560,2026-06-14 02:36:37+00:00,USR_0249,low_slow_exfil,low_slow_exfil,low_slow_exfil,XGBoost ML Classifier
147916fb-2e3b-496b-b7b9-bb9f8f9c8bf8,2026-06-14 02:37:45+00:00,USR_0172,low_slow_exfil,low_slow_exfil,low_slow_exfil,XGBoost ML Classifier
90dc19db-87ab-4e6b-9083-cb432dde0c36,2026-06-14 02:39:01+00:00,USR_0288,low_slow_exfil,low_slow_exfil,low_slow_exfil,XGBoost ML Classifier
3d99b325-cbcd-489f-a9b6-2a031c490057,2026-06-14 02:48:04+00:00,USR_0502,low_slow_exfil,low_slow_exfil,low_slow_exfil,XGBoost ML Classifier
c7fd7cb3-e393-4bda-b048-de7335e804f4,2026-06-14 03:26:16+00:00,USR_0172,low_slow_exfil,low_slow_exfil,low_slow_exfil,XGBoost ML Classifier
19bce64a-4362-40b0-a494-3e7d95fe05f1,2026-06-14 03:43:43+00:00,USR_0249,low_slow_exfil,low_slow_exfil,low_slow_exfil,XGBoost ML Classifier
aa210de7-8b93-4a81-9355-cd80506e0878,2026-06-14 03:53:54+00:00,DEV_0837,impossible_travel,impossible_travel,impossible_travel,Rule Override: geo_velocity_kmh > 900 km/h AND geo_distance > 500 km
976aaedd-1700-4001-8290-658af19687f5,2026-06-14 04:00:45+00:00,SRV_0670,normal,unknown,unknown,XGBoost ML Classifier
12c9c763-3e13-4bdc-b8c7-1205d7c4dcc8,2026-06-14 04:02:40+00:00,SRV_0693,normal,unknown,unknown,XGBoost ML Classifier
0a7dab35-7b1b-4211-bb35-748626c756a4,2026-06-14 04:02:51+00:00,SRV_0461,normal,unknown,unknown,XGBoost ML Classifier
e4e8184e-0947-48e3-8fcc-758d60e3ef72,2026-06-14 04:53:29+00:00,SRV_0709,normal,unknown,unknown,XGBoost ML Classifier
09f9bfa4-a21a-458b-8370-8d92bdacae76,2026-06-14 05:05:57+00:00,DEV_0788,normal,unknown,unknown,XGBoost ML Classifier
b67633b6-05f6-48af-a380-7730277d47fd,2026-06-14 06:03:51+00:00,SRV_0729,normal,unknown,unknown,XGBoost ML Classifier
52a003c8-79d3-4f4d-9821-46be42318c09,2026-06-14 06:04:37.527789+00:00,USR_0484,lateral_movement,lateral_movement,lateral_movement,XGBoost ML Classifier
3585b680-4a94-4a37-bd57-7dd2176975c0,2026-06-14 06:06:34.320723+00:00,USR_0484,lateral_movement,lateral_movement,lateral_movement,XGBoost ML Classifier
58a86771-297e-4336-8fba-3ed2498e424e,2026-06-14 06:06:51.687575+00:00,USR_0484,lateral_movement,lateral_movement,lateral_movement,XGBoost ML Classifier
e046c55c-a552-4375-ac1c-d4efd0a1db2b,2026-06-14 06:08:50.706882+00:00,USR_0484,lateral_movement,lateral_movement,lateral_movement,XGBoost ML Classifier
9567f8de-4bd6-44bf-896f-e7f450b32a25,2026-06-14 06:15:17+00:00,DEV_0368,normal,unknown,unknown,XGBoost ML Classifier
4d9aeace-d8dd-474f-bc70-804dda6bc341,2026-06-14 06:47:44+00:00,SRV_0372,normal,unknown,unknown,XGBoost ML Classifier
25685f9b-388e-4716-9b92-df32e7e22239,2026-06-14 07:00:35+00:00,SRV_0923,impossible_travel,impossible_travel,impossible_travel,Rule Override: geo_velocity_kmh > 900 km/h AND geo_distance > 500 km
3a5e20e1-8618-4ab4-9174-72a12ca19383,2026-06-14 08:01:40+00:00,DEV_0837,normal,unknown,unknown,XGBoost ML Classifier
84816289-aad8-4d46-9986-a0308b87a95f,2026-06-14 08:06:37.785559+00:00,USR_0121,lateral_movement,lateral_movement,lateral_movement,XGBoost ML Classifier
344a4fcd-6fb2-42a6-9cbc-9eec181aea83,2026-06-14 08:07:05.002552+00:00,USR_0121,lateral_movement,lateral_movement,lateral_movement,XGBoost ML Classifier
18c3dde7-6e86-4598-84bd-a84445a05dc1,2026-06-14 08:07:40.414452+00:00,USR_0121,lateral_movement,lateral_movement,lateral_movement,XGBoost ML Classifier
a51f7f27-06a2-4fd4-80bf-7496ff817307,2026-06-14 08:11:54.371052+00:00,USR_0121,lateral_movement,lateral_movement,lateral_movement,XGBoost ML Classifier
a6e66010-8396-4a59-a0c8-ba2c788b4c59,2026-06-14 08:12:10.567719+00:00,USR_0121,lateral_movement,lateral_movement,lateral_movement,XGBoost ML Classifier
cd653d23-ab7a-4bc7-b19a-d63aaeee97d8,2026-06-14 08:21:15+00:00,DEV_0787,normal,unknown,unknown,XGBoost ML Classifier
699f41ca-7f2c-4f1a-a3e7-fbf6de21af5e,2026-06-14 08:47:42+00:00,DEV_0593,impossible_travel,impossible_travel,impossible_travel,Rule Override: geo_velocity_kmh > 900 km/h AND geo_distance > 500 km
bda77ccd-d357-4ae0-81ec-d4b9d33cd735,2026-06-14 09:20:20+00:00,DEV_0260,normal,unknown,unknown,XGBoost ML Classifier
bad0e2bf-563d-43e3-bbc1-d16f72e50ca3,2026-06-14 09:25:19+00:00,SRV_0404,normal,unknown,unknown,XGBoost ML Classifier
da571687-ef4b-436e-901c-56075788473d,2026-06-14 09:44:02+00:00,DEV_0394,normal,unknown,unknown,XGBoost ML Classifier
10800583-cbf6-48f7-b4a5-4dec11b03a5e,2026-06-14 10:28:41.669223+00:00,USR_0944,lateral_movement,lateral_movement,lateral_movement,XGBoost ML Classifier
69605ffa-f1bb-44c9-bc93-038c5b233a12,2026-06-14 10:29:05.001684+00:00,USR_0944,lateral_movement,lateral_movement,lateral_movement,XGBoost ML Classifier
43bdc341-abe3-4dc8-8afc-26b6502bf850,2026-06-14 10:30:20.044890+00:00,USR_0944,lateral_movement,lateral_movement,lateral_movement,XGBoost ML Classifier
432583ce-121d-4bc5-80cc-1c0957912859,2026-06-14 10:31:12+00:00,SRV_0191,normal,unknown,unknown,XGBoost ML Classifier
88ea0e65-3f0f-4099-8ccd-ad1ba6300e22,2026-06-14 10:31:25.670716+00:00,USR_0944,lateral_movement,lateral_movement,lateral_movement,XGBoost ML Classifier
bd91b241-ba60-4171-ac43-28b31966484f,2026-06-14 11:04:47+00:00,SRV_0750,normal,unknown,unknown,XGBoost ML Classifier
936d3587-c673-4013-b425-0bb664b31f4c,2026-06-14 11:10:46+00:00,DEV_0799,normal,unknown,unknown,XGBoost ML Classifier
bd73cb2c-ed6c-4c6c-b44e-1203f0795201,2026-06-14 11:37:06+00:00,DEV_0711,normal,unknown,unknown,XGBoost ML Classifier
528c0cf5-94a2-4072-9666-9e64dbb9efa7,2026-06-14 13:47:33+00:00,DEV_0444,normal,unknown,unknown,XGBoost ML Classifier
3541607c-5701-4b20-8f5c-768a75d73924,2026-06-14 13:51:12+00:00,DEV_0485,normal,unknown,unknown,XGBoost ML Classifier
bb907a5b-8568-47ae-b0c8-7cde64cb1aea,2026-06-14 13:53:48+00:00,USR_0356,impossible_travel,impossible_travel,impossible_travel,Rule Override: geo_velocity_kmh > 900 km/h AND geo_distance > 500 km
586379c8-8f62-44fb-ad57-2367e2f749ca,2026-06-14 14:00:27+00:00,USR_0667,insider_drift,insider_drift,insider_drift,XGBoost ML Classifier
e7b72e6f-b1ed-4231-aae2-f210fee6a743,2026-06-14 14:07:54+00:00,SRV_0500,impossible_travel,impossible_travel,impossible_travel,Rule Override: geo_velocity_kmh > 900 km/h AND geo_distance > 500 km
306ac10e-0fa9-48e6-a2f6-6ec0d65a95c5,2026-06-14 14:10:00+00:00,DEV_0281,impossible_travel,impossible_travel,impossible_travel,Rule Override: geo_velocity_kmh > 900 km/h AND geo_distance > 500 km
9ddc5e2c-746d-40d4-88c1-c3042fec8282,2026-06-14 14:32:08+00:00,SRV_0966,normal,unknown,unknown,XGBoost ML Classifier
75b0a227-f26b-4634-97f0-d135e8a9ae25,2026-06-14 14:38:07+00:00,SRV_0670,normal,unknown,unknown,XGBoost ML Classifier
e51488ac-e15f-47e5-a600-0468492e8137,2026-06-14 15:10:23+00:00,DEV_0632,normal,unknown,unknown,XGBoost ML Classifier
19552917-4812-41d9-8fe3-9c8273c15889,2026-06-14 15:32:39+00:00,DEV_0862,impossible_travel,impossible_travel,impossible_travel,Rule Override: geo_velocity_kmh > 900 km/h AND geo_distance > 500 km
5b50f64a-c1d1-4cb1-b147-e81600eac026,2026-06-14 15:40:38+00:00,SRV_0566,normal,unknown,unknown,XGBoost ML Classifier
e96f7cc1-db09-4c14-9780-c53590418f6b,2026-06-14 15:57:13+00:00,DEV_0877,normal,unknown,unknown,XGBoost ML Classifier
f6fa684a-82b4-4a10-8032-4259ee0eb288,2026-06-14 16:16:07+00:00,SRV_0919,normal,unknown,unknown,XGBoost ML Classifier
50b73ef0-6c82-47f7-afe9-61c43be352ad,2026-06-14 16:19:39+00:00,USR_0367,insider_drift,insider_drift,insider_drift,XGBoost ML Classifier
7de291a0-42cc-44bd-9345-a5e2f146e5ad,2026-06-14 16:45:40+00:00,DEV_0294,normal,unknown,unknown,XGBoost ML Classifier
055c3aa3-10b6-45eb-b409-e515d449cc63,2026-06-14 16:57:06+00:00,DEV_0026,normal,unknown,unknown,XGBoost ML Classifier
9a714137-487f-45b2-bea4-09c4ffbfa3c3,2026-06-14 16:59:38+00:00,SRV_0079,normal,unknown,unknown,XGBoost ML Classifier
1f7a5d7b-4528-40c6-acf3-12e91e17a034,2026-06-14 17:21:57+00:00,SRV_0750,normal,unknown,unknown,XGBoost ML Classifier
1da27918-03d4-4b4f-8117-c21a254f3a0c,2026-06-14 17:34:33+00:00,SRV_0314,normal,unknown,unknown,XGBoost ML Classifier
14740454-310c-4efe-9bd9-e69a01aca3fc,2026-06-14 17:49:42+00:00,SRV_0841,normal,unknown,unknown,XGBoost ML Classifier
ab6142ff-4d7f-4d20-86be-c1d475c67fd2,2026-06-14 17:53:59+00:00,SRV_0797,normal,unknown,unknown,XGBoost ML Classifier
4b8c4ab3-40e2-431e-90fb-c081fe908682,2026-06-14 18:03:49+00:00,SRV_0480,normal,unknown,unknown,XGBoost ML Classifier
86629e55-4509-4f8a-ac35-2c7b32a1c507,2026-06-14 18:22:40+00:00,SRV_0228,normal,unknown,unknown,XGBoost ML Classifier
045318e6-952f-4c7d-8d78-e05fae1ae06c,2026-06-14 19:34:38+00:00,DEV_0437,normal,unknown,unknown,XGBoost ML Classifier
ca65f423-55f4-4f57-ba17-2e7988ffa1d8,2026-06-14 19:41:16.905960+00:00,USR_0373,lateral_movement,lateral_movement,lateral_movement,XGBoost ML Classifier
b78c93d0-40f3-45a7-a1b3-2e04fa62c5a5,2026-06-14 20:15:50+00:00,SRV_0192,impossible_travel,impossible_travel,impossible_travel,Rule Override: geo_velocity_kmh > 900 km/h AND geo_distance > 500 km
0a78e41b-a6b8-479b-a7c4-20dc60bb82ad,2026-06-14 20:16:37+00:00,SRV_0207,normal,unknown,unknown,XGBoost ML Classifier
20abe98c-5646-4bde-8ccc-74bc736d149f,2026-06-14 20:55:10+00:00,USR_0964,insider_drift,insider_drift,insider_drift,XGBoost ML Classifier
8159c340-10b8-4a2e-890a-dd9643f1579a,2026-06-14 21:24:33+00:00,SRV_0936,normal,unknown,unknown,XGBoost ML Classifier
99f94a95-6954-4f86-8694-d200f03cae10,2026-06-14 23:50:43.448377+00:00,USR_0258,lateral_movement,lateral_movement,lateral_movement,XGBoost ML Classifier
73c2c4cb-f83d-47d8-97d6-d7bb88a6c620,2026-06-14 23:51:37.242444+00:00,USR_0258,lateral_movement,lateral_movement,lateral_movement,XGBoost ML Classifier
5317f361-1dca-4f6d-a9a4-362d4ff15b7b,2026-06-14 23:52:43.345744+00:00,USR_0258,lateral_movement,lateral_movement,lateral_movement,XGBoost ML Classifier
d7604cb9-ff18-4b00-bca3-1e0dd95446cd,2026-06-14 23:58:00.670363+00:00,USR_0258,lateral_movement,lateral_movement,lateral_movement,XGBoost ML Classifier
357b32a1-bef4-4cb1-bc1a-acbbbb30dd85,2026-06-14 23:59:25.626000+00:00,SRV_0162,normal,unknown,unknown,XGBoost ML Classifier
c42ad222-3ccf-4943-8f9c-06f1fdc307fd,2026-06-14 23:59:28.421000+00:00,DEV_0664,normal,unknown,unknown,XGBoost ML Classifier
cdd6c251-2173-49fe-b55e-d11dddb1d18d,2026-06-15 00:00:00+00:00,SRV_0301,normal,unknown,unknown,XGBoost ML Classifier
53f5a06f-30df-4532-b970-ca9217ec2c29,2026-06-15 00:00:00+00:00,DEV_0593,normal,unknown,unknown,XGBoost ML Classifier
e2afc8c9-c7fd-4c8f-8658-ea777e106a30,2026-06-15 00:00:00+00:00,SRV_0314,normal,unknown,unknown,XGBoost ML Classifier
42664665-1e84-4744-b20b-ba76fff39196,2026-06-15 00:00:00+00:00,DEV_0890,normal,unknown,unknown,XGBoost ML Classifier
2cf873a6-bfc8-4a4a-a46d-97e5004306d5,2026-06-15 00:00:02.653000+00:00,DEV_0787,normal,unknown,unknown,XGBoost ML Classifier
7c990020-6551-4569-8650-50d17b91c279,2026-06-15 00:00:02.897000+00:00,SRV_0570,normal,unknown,unknown,XGBoost ML Classifier
2012f2e9-5f0b-4f20-83d1-cd532c17bd1b,2026-06-15 00:11:24+00:00,DEV_0286,impossible_travel,impossible_travel,impossible_travel,Rule Override: geo_velocity_kmh > 900 km/h AND geo_distance > 500 km
67ed637e-58d7-4e3d-8a64-34e149b1db01,2026-06-15 00:14:00+00:00,DEV_0983,impossible_travel,impossible_travel,impossible_travel,Rule Override: geo_velocity_kmh > 900 km/h AND geo_distance > 500 km
50f3630c-cb47-403e-b9e6-9cda3bc567f2,2026-06-15 00:18:00+00:00,SRV_0745,impossible_travel,impossible_travel,impossible_travel,Rule Override: geo_velocity_kmh > 900 km/h AND geo_distance > 500 km
2b2df45b-8e9e-4684-99ac-9b83b83866d1,2026-06-15 01:09:39+00:00,SRV_0670,normal,unknown,unknown,XGBoost ML Classifier
8f872c43-f5aa-4c25-a618-707051f7c1f2,2026-06-15 01:12:42+00:00,USR_0172,low_slow_exfil,low_slow_exfil,low_slow_exfil,XGBoost ML Classifier
aea6b859-cec7-48b0-9b58-ffcd8b05c79f,2026-06-15 01:20:27+00:00,DEV_0787,normal,unknown,unknown,XGBoost ML Classifier
6318c801-e4fb-4802-8604-b8d1da5e488e,2026-06-15 01:30:23+00:00,USR_0954,low_slow_exfil,low_slow_exfil,low_slow_exfil,XGBoost ML Classifier
dcb71efc-6746-4878-b65e-09f2e4943901,2026-06-15 01:36:48+00:00,DEV_0368,normal,unknown,unknown,XGBoost ML Classifier
1abe8961-34fb-46d0-9c22-4e4323e47b99,2026-06-15 01:38:53+00:00,USR_0172,low_slow_exfil,low_slow_exfil,low_slow_exfil,XGBoost ML Classifier
9cbc536c-5b1b-42e8-b6ad-4bf92b142fb5,2026-06-15 01:39:51+00:00,USR_0249,low_slow_exfil,low_slow_exfil,low_slow_exfil,XGBoost ML Classifier
b3944f47-c624-4a8a-9d56-516aa941f00a,2026-06-15 01:43:39+00:00,USR_0288,low_slow_exfil,low_slow_exfil,low_slow_exfil,XGBoost ML Classifier
49d054bc-5c13-43e5-a35a-db77d9717ddd,2026-06-15 02:25:48+00:00,USR_0249,low_slow_exfil,low_slow_exfil,low_slow_exfil,XGBoost ML Classifier
aed20b4e-3cd9-4ccb-97a1-52e42785b201,2026-06-15 02:30:25+00:00,USR_0346,low_slow_exfil,low_slow_exfil,low_slow_exfil,XGBoost ML Classifier
f3a46b76-b65f-4e67-8134-5d1d9d7bb5e0,2026-06-15 02:46:22+00:00,SRV_0898,normal,unknown,unknown,XGBoost ML Classifier
4e0b324f-2b00-45be-af8b-23be347a6b8b,2026-06-15 02:49:00+00:00,USR_0466,low_slow_exfil,low_slow_exfil,low_slow_exfil,XGBoost ML Classifier
73f166df-f807-4a87-8698-7ffbb28323cb,2026-06-15 02:52:32+00:00,USR_0257,low_slow_exfil,low_slow_exfil,low_slow_exfil,XGBoost ML Classifier
984958d6-ef1b-488b-b3bb-84abed329a59,2026-06-15 03:04:40+00:00,DEV_0711,normal,unknown,unknown,XGBoost ML Classifier
1ba74979-d84b-41eb-be12-e0f771ee692c,2026-06-15 03:08:03+00:00,USR_0954,low_slow_exfil,low_slow_exfil,low_slow_exfil,XGBoost ML Classifier
73004dad-83a0-4cd3-beae-7c23534c289e,2026-06-15 03:32:10+00:00,USR_0466,low_slow_exfil,low_slow_exfil,low_slow_exfil,XGBoost ML Classifier
f2c6ff94-81f0-4025-b8ba-f398306fdcb3,2026-06-15 03:37:38+00:00,DEV_0669,normal,unknown,unknown,XGBoost ML Classifier
b1092b8a-8d1b-4ae6-882f-947930632498,2026-06-15 03:52:21+00:00,SRV_0457,normal,unknown,unknown,XGBoost ML Classifier
bfd17021-23ed-4fab-ae87-3fba21257779,2026-06-15 03:56:24+00:00,DEV_0571,impossible_travel,impossible_travel,impossible_travel,Rule Override: geo_velocity_kmh > 900 km/h AND geo_distance > 500 km
68772727-757f-4e11-bb75-fe24c9d2c3c0,2026-06-15 04:00:56+00:00,SRV_0228,normal,unknown,unknown,XGBoost ML Classifier
919c717a-4eb5-49b0-9224-82b18a2503ec,2026-06-15 04:01:03+00:00,USR_0718,device_spoofing,device_spoofing,device_spoofing,XGBoost ML Classifier
8a770d10-57f1-4bb2-9923-291bf3bde20b,2026-06-15 04:26:16+00:00,DEV_0013,normal,unknown,unknown,XGBoost ML Classifier
f52edf50-d00e-4652-9bc1-555a34c45832,2026-06-15 05:14:12+00:00,DEV_0164,normal,unknown,unknown,XGBoost ML Classifier
07d1d1f7-4aa5-40b1-a5c0-ab17b6d88806,2026-06-15 05:25:44+00:00,SRV_0936,normal,unknown,unknown,XGBoost ML Classifier
7f2e9d32-f016-4d10-8bb4-d9a330f95379,2026-06-15 05:54:23+00:00,USR_0270,device_spoofing,device_spoofing,device_spoofing,XGBoost ML Classifier
3fa57444-ea8b-41d8-8269-07f6262c09e5,2026-06-15 06:08:16+00:00,SRV_0462,normal,unknown,unknown,XGBoost ML Classifier
dd9c6679-a1d4-46a1-9237-1c42a5cac1e8,2026-06-15 06:15:48+00:00,SRV_0078,normal,unknown,unknown,XGBoost ML Classifier
5e831040-c071-4f2e-8562-4c336b0f0112,2026-06-15 06:28:48+00:00,DEV_0593,normal,unknown,unknown,XGBoost ML Classifier
4f2f6d36-0864-4fee-aba2-c3bc46f08336,2026-06-15 06:34:39.361398+00:00,USR_0258,lateral_movement,lateral_movement,lateral_movement,XGBoost ML Classifier
adfb4f9a-36dd-4a5e-a384-e69802166c8b,2026-06-15 06:40:30+00:00,DEV_0245,normal,unknown,unknown,XGBoost ML Classifier
67e0fa06-8043-4dd8-9ce6-c833d01a39a2,2026-06-15 06:41:47+00:00,DEV_0233,normal,unknown,unknown,XGBoost ML Classifier
5a0ca953-f5e8-49f2-ac86-09587b332e88,2026-06-15 06:47:59+00:00,DEV_0326,normal,unknown,unknown,XGBoost ML Classifier
ccd067d3-a44f-46b1-a7b1-98be7e2300c9,2026-06-15 07:11:12+00:00,USR_0235,normal,unknown,unknown,XGBoost ML Classifier
b790b4e1-e474-42b8-91ea-5aa13f4c0af5,2026-06-15 07:35:08+00:00,USR_0536,impossible_travel,impossible_travel,impossible_travel,Rule Override: geo_velocity_kmh > 900 km/h AND geo_distance > 500 km
b80eb82c-41b7-45cc-a64f-c919ba530c8f,2026-06-15 07:48:29+00:00,USR_0315,normal,unknown,unknown,XGBoost ML Classifier
26afdf5e-747b-40ca-bbef-3dcaa2072b41,2026-06-15 08:00:35+00:00,DEV_0030,normal,unknown,unknown,XGBoost ML Classifier
2e4603b5-2ba2-441b-9152-f3ba34e60009,2026-06-15 08:21:18+00:00,USR_0386,impossible_travel,impossible_travel,impossible_travel,Rule Override: geo_velocity_kmh > 900 km/h AND geo_distance > 500 km
2478003f-0cc2-4764-9f4b-2f9050116c97,2026-06-15 08:28:16+00:00,USR_0280,impossible_travel,impossible_travel,impossible_travel,Rule Override: geo_velocity_kmh > 900 km/h AND geo_distance > 500 km
a705b11a-dd8e-4494-bafc-27f0d642e9d4,2026-06-15 08:55:04+00:00,DEV_0537,normal,unknown,unknown,XGBoost ML Classifier
0eef5996-f68e-4414-8a8b-ece8685f7dd0,2026-06-15 09:10:37+00:00,USR_0855,normal,unknown,unknown,XGBoost ML Classifier
53d47c85-b2ec-4d2c-ba9c-8245c48e5cfb,2026-06-15 09:16:14+00:00,SRV_0348,normal,unknown,unknown,XGBoost ML Classifier
d5de6183-ac0b-4817-8bde-f4146ecbfac1,2026-06-15 10:30:33+00:00,USR_0517,impossible_travel,impossible_travel,impossible_travel,Rule Override: geo_velocity_kmh > 900 km/h AND geo_distance > 500 km
5041c830-8738-4473-b147-cc745f80ee38,2026-06-15 10:38:44+00:00,USR_0346,insider_drift,insider_drift,insider_drift,XGBoost ML Classifier
b4cc5de6-ed94-4285-b04d-0b94e226dcc1,2026-06-15 10:42:30+00:00,USR_0999,impossible_travel,impossible_travel,impossible_travel,Rule Override: geo_velocity_kmh > 900 km/h AND geo_distance > 500 km
06dbdb5e-ad2e-4f2b-ba2f-d3a27f995821,2026-06-15 10:44:08+00:00,DEV_0588,impossible_travel,impossible_travel,impossible_travel,Rule Override: geo_velocity_kmh > 900 km/h AND geo_distance > 500 km
26ef837d-4cfa-4694-82cd-58f4442d0f2b,2026-06-15 10:55:29+00:00,DEV_0233,normal,unknown,unknown,XGBoost ML Classifier
db7ae20b-eb02-4973-a8f2-9eb48d607874,2026-06-15 11:04:12+00:00,SRV_0740,impossible_travel,impossible_travel,impossible_travel,Rule Override: geo_velocity_kmh > 900 km/h AND geo_distance > 500 km
5bf33e72-c15b-479b-8046-e14bff0227b8,2026-06-15 11:28:47+00:00,SRV_0767,normal,unknown,unknown,XGBoost ML Classifier
b2e52ac8-37f8-4913-851e-a9dfe255a977,2026-06-15 11:34:45+00:00,DEV_0876,normal,unknown,unknown,XGBoost ML Classifier
0137cbd1-ebf5-4c3e-8be0-84e545c59732,2026-06-15 11:40:41+00:00,SRV_0182,normal,unknown,lateral_movement,XGBoost ML Classifier
0efe792f-765c-4c17-b99c-d94584e4b0dd,2026-06-15 11:42:26+00:00,USR_0396,impossible_travel,impossible_travel,impossible_travel,Rule Override: geo_velocity_kmh > 900 km/h AND geo_distance > 500 km
48325649-d653-4a76-b26a-65fc3edc4793,2026-06-15 11:43:30+00:00,SRV_0670,normal,unknown,unknown,XGBoost ML Classifier
37ac3f54-468a-45ee-b8da-e50fc5413d3e,2026-06-15 11:52:22+00:00,SRV_0461,normal,unknown,unknown,XGBoost ML Classifier
331ea36c-d81b-41eb-abb3-2adb1a0607c8,2026-06-15 12:10:02+00:00,USR_0885,normal,unknown,unknown,XGBoost ML Classifier
f4a819a8-1887-4750-ab80-9551da037fc3,2026-06-15 12:14:21+00:00,DEV_0177,normal,unknown,unknown,XGBoost ML Classifier
6ba97e70-b219-41b5-ba64-71ab4ebea821,2026-06-15 12:27:23+00:00,USR_0612,impossible_travel,impossible_travel,impossible_travel,Rule Override: geo_velocity_kmh > 900 km/h AND geo_distance > 500 km
d59ef516-438d-4bda-a579-4adff2d34da3,2026-06-15 12:29:53+00:00,SRV_0329,normal,unknown,unknown,XGBoost ML Classifier
b7226f78-2afd-4fea-862e-1d31f5e82952,2026-06-15 12:47:05+00:00,USR_0789,normal,unknown,insider_drift,XGBoost ML Classifier
49cee24e-d914-498c-9202-8473bd32ae65,2026-06-15 12:47:58+00:00,DEV_0274,normal,unknown,unknown,XGBoost ML Classifier
ac7c8bee-c3b2-423b-afa9-c49aeb88633d,2026-06-15 12:50:09+00:00,SRV_0477,normal,unknown,unknown,XGBoost ML Classifier
965d53ea-592a-4f48-8bc4-1eafdb625fae,2026-06-15 12:51:26+00:00,USR_0565,impossible_travel,impossible_travel,impossible_travel,Rule Override: geo_velocity_kmh > 900 km/h AND geo_distance > 500 km
dcf9d8bd-29f7-4a67-b8b7-e47e505b7574,2026-06-15 12:59:38+00:00,DEV_0137,normal,unknown,unknown,XGBoost ML Classifier
2553ece6-3555-44c3-85b4-475c3a26307e,2026-06-15 13:06:22+00:00,USR_0244,normal,unknown,unknown,XGBoost ML Classifier
eb708db3-2b0f-40af-9b50-0c5f3d52a329,2026-06-15 13:11:22+00:00,USR_0165,impossible_travel,impossible_travel,impossible_travel,Rule Override: geo_velocity_kmh > 900 km/h AND geo_distance > 500 km
24a9ae39-a517-4fc0-aea9-36b447a60d16,2026-06-15 13:33:27+00:00,SRV_0462,normal,unknown,unknown,XGBoost ML Classifier
d7abc012-7d8c-42fb-947b-ed8876f9bce2,2026-06-15 13:51:00+00:00,USR_0155,impossible_travel,impossible_travel,impossible_travel,Rule Override: geo_velocity_kmh > 900 km/h AND geo_distance > 500 km
a8b8bc3d-3a3c-41c5-aeb9-3666274e6d7a,2026-06-15 13:53:34+00:00,USR_0812,normal,unknown,unknown,XGBoost ML Classifier
146e470e-8b91-40a7-8ae0-f752fa6f40b1,2026-06-15 13:54:21+00:00,USR_0558,impossible_travel,impossible_travel,impossible_travel,Rule Override: geo_velocity_kmh > 900 km/h AND geo_distance > 500 km
79c776bc-3bbc-4d67-9a43-3b74ca2f1bcd,2026-06-15 13:54:53+00:00,USR_0901,impossible_travel,impossible_travel,impossible_travel,Rule Override: geo_velocity_kmh > 900 km/h AND geo_distance > 500 km
6c476565-2baa-4be4-af6a-d9a58797d039,2026-06-15 13:58:35+00:00,SRV_0966,normal,unknown,unknown,XGBoost ML Classifier
554f42ce-44d7-4394-81eb-61b73db2d7c6,2026-06-15 14:08:10+00:00,USR_0592,impossible_travel,impossible_travel,impossible_travel,Rule Override: geo_velocity_kmh > 900 km/h AND geo_distance > 500 km
10b22e2b-8046-4cea-ae02-d1e1de214c60,2026-06-15 14:08:19+00:00,SRV_0728,normal,unknown,unknown,XGBoost ML Classifier
47b06c39-6db0-45d4-9450-45541b50c813,2026-06-15 14:09:42+00:00,USR_0399,normal,unknown,insider_drift,XGBoost ML Classifier
fdb09fd4-c082-4ee0-ab48-ccd2a117cc37,2026-06-15 14:18:37+00:00,USR_0522,impossible_travel,impossible_travel,impossible_travel,Rule Override: geo_velocity_kmh > 900 km/h AND geo_distance > 500 km
552e1ea9-987f-4b6c-9197-d1fcd95c2ab2,2026-06-15 14:23:07+00:00,USR_0964,insider_drift,insider_drift,insider_drift,XGBoost ML Classifier
47b868ad-d9af-49d6-b2a0-6222cf925e76,2026-06-15 14:25:04+00:00,USR_0235,impossible_travel,impossible_travel,impossible_travel,Rule Override: geo_velocity_kmh > 900 km/h AND geo_distance > 500 km
d8589eff-28c8-492a-bc1e-de3def38b62b,2026-06-15 14:25:42+00:00,DEV_0664,normal,unknown,unknown,XGBoost ML Classifier
136a86d4-8a8e-4ca6-9860-1a224211ac51,2026-06-15 14:30:16+00:00,USR_0687,insider_drift,insider_drift,insider_drift,XGBoost ML Classifier
dc0970b9-b500-4090-9c1d-a667089ab1dc,2026-06-15 14:33:24+00:00,USR_0518,impossible_travel,impossible_travel,impossible_travel,Rule Override: geo_velocity_kmh > 900 km/h AND geo_distance > 500 km
211c8b98-a254-4db0-9897-9346dc1b9bc3,2026-06-15 15:01:06+00:00,DEV_0947,device_spoofing,device_spoofing,device_spoofing,XGBoost ML Classifier
9a00cc9d-f422-45f7-9d89-53f0164857d6,2026-06-15 15:13:05+00:00,DEV_0664,normal,unknown,unknown,XGBoost ML Classifier
f613ec33-3a11-49d8-99b3-1a14a8066bf3,2026-06-15 15:34:37+00:00,USR_0992,device_spoofing,device_spoofing,device_spoofing,XGBoost ML Classifier
9c56d393-b13b-4308-9baf-09247fbb6933,2026-06-15 15:43:14+00:00,SRV_0677,impossible_travel,impossible_travel,impossible_travel,Rule Override: geo_velocity_kmh > 900 km/h AND geo_distance > 500 km
a079494b-b44c-4540-8fe9-577ddb5a3883,2026-06-15 15:43:52+00:00,USR_0518,normal,unknown,impossible_travel,Rule Override: geo_velocity_kmh > 900 km/h AND geo_distance > 500 km
377fc724-fcd3-478f-b3d5-592a88ab46a8,2026-06-15 15:54:12+00:00,DEV_0163,normal,unknown,unknown,XGBoost ML Classifier
07c3a7d8-9660-46fb-81cd-87eced93ab43,2026-06-15 16:10:05+00:00,DEV_0444,normal,unknown,unknown,XGBoost ML Classifier
c3cbadc4-a6b9-4e45-97db-d0580a23d8db,2026-06-15 16:22:54+00:00,SRV_0712,normal,unknown,unknown,XGBoost ML Classifier
9bc253ce-1c73-4327-b16c-277fad35e417,2026-06-15 16:33:24+00:00,DEV_0514,normal,unknown,unknown,XGBoost ML Classifier
9f5ea021-3868-4795-a04e-a946d978d897,2026-06-15 16:44:42+00:00,DEV_0515,impossible_travel,impossible_travel,impossible_travel,Rule Override: geo_velocity_kmh > 900 km/h AND geo_distance > 500 km
f7ee4a70-bb06-43ce-8e41-eba3391b5555,2026-06-15 16:54:21+00:00,USR_0140,impossible_travel,impossible_travel,impossible_travel,Rule Override: geo_velocity_kmh > 900 km/h AND geo_distance > 500 km
bea44529-c56b-4e3d-ac66-2cfac9e01ba3,2026-06-15 17:09:08+00:00,DEV_0311,normal,unknown,lateral_movement,XGBoost ML Classifier
bf69f5d8-2057-460e-b706-359fb1e8f32c,2026-06-15 17:38:10+00:00,USR_0407,impossible_travel,impossible_travel,impossible_travel,Rule Override: geo_velocity_kmh > 900 km/h AND geo_distance > 500 km
75b85248-2072-4c83-9272-b7f3db125392,2026-06-15 18:03:49+00:00,USR_0448,insider_drift,insider_drift,insider_drift,XGBoost ML Classifier
3264fc74-7dd1-4562-9668-b0cdea883754,2026-06-15 18:04:59+00:00,USR_0276,impossible_travel,impossible_travel,impossible_travel,Rule Override: geo_velocity_kmh > 900 km/h AND geo_distance > 500 km
14c010f3-6d5e-48e9-8877-9a3fc1ecbb36,2026-06-15 18:11:25+00:00,USR_0323,impossible_travel,impossible_travel,impossible_travel,Rule Override: geo_velocity_kmh > 900 km/h AND geo_distance > 500 km
82aa9d35-2371-438b-a2cd-33ef03efc65d,2026-06-15 18:17:44+00:00,USR_0667,insider_drift,insider_drift,insider_drift,XGBoost ML Classifier
01115524-5f3d-442c-95ff-bee1ca5bf3d0,2026-06-15 18:17:59+00:00,SRV_0908,normal,unknown,unknown,XGBoost ML Classifier
d5214222-db69-475c-a6ed-ffbb7dfb1dfc,2026-06-15 18:51:22+00:00,SRV_0616,normal,unknown,unknown,XGBoost ML Classifier
b6d04f78-bf26-472b-b4c1-e84d7ef2dff1,2026-06-15 19:23:23+00:00,DEV_0664,normal,unknown,unknown,XGBoost ML Classifier
7eab0ebd-fdf8-443f-98f0-ed1273923e19,2026-06-15 19:23:36+00:00,DEV_0164,normal,unknown,unknown,XGBoost ML Classifier
40f5c7c3-1be5-43e9-b3f9-49caf7e5e411,2026-06-15 19:46:03+00:00,DEV_0274,normal,unknown,unknown,XGBoost ML Classifier
9280086f-9325-4153-af89-62e5cf497210,2026-06-15 20:16:49+00:00,SRV_0458,normal,unknown,unknown,XGBoost ML Classifier
b266d105-9aa3-4115-aa8d-19e0ae2aa65c,2026-06-15 20:47:10+00:00,DEV_0635,normal,unknown,unknown,XGBoost ML Classifier
5936e7bc-739d-4fe8-aa0c-d25516326b9b,2026-06-15 20:48:51+00:00,SRV_0153,device_spoofing,device_spoofing,device_spoofing,XGBoost ML Classifier
a92ee4a7-a3c1-4175-b650-6722f4338070,2026-06-15 20:50:42+00:00,DEV_0768,normal,unknown,unknown,XGBoost ML Classifier
b08deec9-cd95-4000-8d48-9a4d61d29115,2026-06-15 22:24:59+00:00,USR_0985,normal,unknown,unknown,XGBoost ML Classifier
752a22bd-423e-4755-9668-44e9edc9ab14,2026-06-15 23:10:00+00:00,SRV_0305,impossible_travel,impossible_travel,impossible_travel,Rule Override: geo_velocity_kmh > 900 km/h AND geo_distance > 500 km
a210ded6-9f77-49a5-a20a-41801eeefe62,2026-06-15 23:30:00+00:00,SRV_0081,normal,unknown,unknown,XGBoost ML Classifier
f47b4661-d07d-4ecb-a601-ed5332297644,2026-06-15 23:59:24+00:00,SRV_0283,normal,unknown,unknown,XGBoost ML Classifier
4ad9dc01-08a8-46b1-992e-ad4569068e6e,2026-06-15 23:59:24+00:00,SRV_0797,normal,unknown,unknown,XGBoost ML Classifier
0ae93414-cf0d-4e4c-9a20-d761799c3267,2026-06-15 23:59:24+00:00,USR_0509,normal,unknown,unknown,XGBoost ML Classifier
dad935a6-eeb2-4717-96f8-8c39fd750d10,2026-06-15 23:59:27.725000+00:00,SRV_0131,normal,unknown,unknown,XGBoost ML Classifier
3edbc228-a49e-4376-ae34-7354bcf753fb,2026-06-16 00:00:00+00:00,SRV_0908,normal,unknown,unknown,XGBoost ML Classifier
129a351e-7c69-411b-ad06-4af7e7dd8ba0,2026-06-16 00:00:00+00:00,DEV_0669,normal,unknown,unknown,XGBoost ML Classifier
70dbfb85-3b4a-4402-9a14-65c49d7d71a8,2026-06-16 00:28:10+00:00,DEV_0537,normal,unknown,unknown,XGBoost ML Classifier
25c42912-1b9c-4133-81be-e99633dd8969,2026-06-16 00:40:37+00:00,SRV_0731,normal,unknown,unknown,XGBoost ML Classifier
d6b746de-52a3-40eb-9264-9ce078062d41,2026-06-16 01:12:46+00:00,USR_0082,normal,unknown,low_slow_exfil,XGBoost ML Classifier
eee5cd9a-ff8d-42d5-8b36-b49322966ae6,2026-06-16 01:23:55+00:00,DEV_0588,normal,unknown,unknown,XGBoost ML Classifier
23ae9bd3-e617-471f-9978-f0eed24f6531,2026-06-16 01:33:50+00:00,DEV_0371,normal,unknown,unknown,XGBoost ML Classifier
5f1a8628-d231-4ff8-b6f8-1c64622f36dc,2026-06-16 01:38:39+00:00,USR_0172,low_slow_exfil,low_slow_exfil,low_slow_exfil,XGBoost ML Classifier
6a45f738-b303-45d5-be6b-57e819092ce9,2026-06-16 02:10:31+00:00,USR_0288,low_slow_exfil,low_slow_exfil,low_slow_exfil,XGBoost ML Classifier
c8597520-f5de-49df-a2b3-0d5171f1a184,2026-06-16 02:18:31+00:00,USR_0249,low_slow_exfil,low_slow_exfil,low_slow_exfil,XGBoost ML Classifier
f7986db8-386d-4dac-a309-4c0c4ad88ca6,2026-06-16 02:19:39+00:00,SRV_0161,normal,unknown,unknown,XGBoost ML Classifier
ae90e9cd-31a7-4c3c-957d-b1c83b034464,2026-06-16 02:21:19+00:00,USR_0249,low_slow_exfil,low_slow_exfil,low_slow_exfil,XGBoost ML Classifier
b8123469-eaf5-4fc2-9375-35e18b2ec2ae,2026-06-16 02:29:48+00:00,USR_0466,low_slow_exfil,low_slow_exfil,low_slow_exfil,XGBoost ML Classifier
6224c128-f33d-4e5c-a139-3dd7fafae706,2026-06-16 02:50:03+00:00,USR_0172,low_slow_exfil,low_slow_exfil,low_slow_exfil,XGBoost ML Classifier
e51e61a9-a0a3-4996-8edb-0c34709d816e,2026-06-16 03:44:15+00:00,USR_0346,low_slow_exfil,low_slow_exfil,low_slow_exfil,XGBoost ML Classifier
8981d379-69f1-4a4c-bfb6-08df894fa810,2026-06-16 03:45:37+00:00,USR_0954,low_slow_exfil,low_slow_exfil,low_slow_exfil,XGBoost ML Classifier
50ae78aa-2050-460e-ba07-198bc6cbf4bb,2026-06-16 03:47:55+00:00,USR_0949,low_slow_exfil,low_slow_exfil,low_slow_exfil,XGBoost ML Classifier
da54b606-be3b-4f3c-828c-b3a6fdf05469,2026-06-16 04:38:42+00:00,DEV_0837,normal,unknown,unknown,XGBoost ML Classifier
6e05ad8d-f4cd-4375-98d9-0dbfa6002562,2026-06-16 05:25:10+00:00,SRV_0312,normal,unknown,unknown,XGBoost ML Classifier
fe3e5c8b-7c0e-45f4-ac08-cf8020175e96,2026-06-16 05:52:16+00:00,DEV_0676,normal,unknown,unknown,XGBoost ML Classifier
16a056f9-cfa5-402b-9694-6b2422eb09d9,2026-06-16 06:18:42+00:00,USR_0724,normal,unknown,unknown,XGBoost ML Classifier
41330339-c0f6-4781-9aee-71f1705fa3e3,2026-06-16 06:42:01+00:00,USR_0800,insider_drift,insider_drift,insider_drift,XGBoost ML Classifier
213c28c7-7018-4ab9-aba2-f2813e5c09b1,2026-06-16 06:44:36+00:00,DEV_0416,normal,unknown,unknown,XGBoost ML Classifier
1358ab55-ed81-4f55-804b-95a22cf66f99,2026-06-16 06:50:15+00:00,DEV_0164,normal,unknown,unknown,XGBoost ML Classifier
d46c3b4a-f29d-4e19-aee4-8431d7336687,2026-06-16 06:54:25+00:00,DEV_0297,impossible_travel,impossible_travel,impossible_travel,Rule Override: geo_velocity_kmh > 900 km/h AND geo_distance > 500 km
c2b166d5-421c-4542-a419-baeb4a4e373d,2026-06-16 07:00:35+00:00,DEV_0274,normal,unknown,lateral_movement,XGBoost ML Classifier
abb7b07d-afda-48b9-ab84-d3d9f69076fd,2026-06-16 07:28:56+00:00,DEV_0290,normal,unknown,unknown,XGBoost ML Classifier
00a8e2a0-64cc-4d23-8b3e-2bbb7183a68a,2026-06-16 07:32:26+00:00,DEV_0543,normal,unknown,unknown,XGBoost ML Classifier
d70952e1-b90f-4230-b2e2-e567881c48c2,2026-06-16 07:40:38+00:00,DEV_0311,normal,unknown,unknown,XGBoost ML Classifier
24dd3ed4-92fd-46b4-9e90-b5204af8c6ce,2026-06-16 07:43:26+00:00,SRV_0283,normal,unknown,unknown,XGBoost ML Classifier
cd560915-151b-44db-b4f0-3aecc8d9619f,2026-06-16 07:43:40+00:00,DEV_0248,normal,unknown,unknown,XGBoost ML Classifier
2be9eafc-69e9-4e29-974a-32179e5e539e,2026-06-16 07:51:54+00:00,USR_0178,insider_drift,insider_drift,insider_drift,XGBoost ML Classifier
1d3a5d70-6003-4eda-828d-75cd3696739b,2026-06-16 08:09:53+00:00,DEV_0514,normal,unknown,unknown,XGBoost ML Classifier
ba8bbd7b-5c33-4c2a-9a3a-3603d870e0ea,2026-06-16 08:15:18+00:00,USR_0334,impossible_travel,impossible_travel,impossible_travel,Rule Override: geo_velocity_kmh > 900 km/h AND geo_distance > 500 km
e5957fbf-e020-419e-981d-79bcfbe141e2,2026-06-16 08:21:58+00:00,SRV_0840,normal,unknown,unknown,XGBoost ML Classifier
4fa04471-e3a2-4377-b34d-4afdc52ec1a3,2026-06-16 08:31:28.830948+00:00,USR_0036,lateral_movement,lateral_movement,lateral_movement,XGBoost ML Classifier
4f8222b0-ed45-41ed-8512-6938a266b76b,2026-06-16 08:31:30.475990+00:00,USR_0036,lateral_movement,lateral_movement,lateral_movement,XGBoost ML Classifier
64f0a578-3283-4c07-b619-f694725612a0,2026-06-16 08:33:46.171661+00:00,USR_0036,lateral_movement,lateral_movement,lateral_movement,XGBoost ML Classifier
d7b11159-0594-4435-9c2d-d7fed5e2e02a,2026-06-16 08:38:32+00:00,DEV_0429,normal,unknown,unknown,XGBoost ML Classifier
459a105a-6d21-442c-a5d6-c64202d7a901,2026-06-16 08:45:37+00:00,USR_0585,impossible_travel,impossible_travel,impossible_travel,Rule Override: geo_velocity_kmh > 900 km/h AND geo_distance > 500 km
bd64bc2c-a93d-4652-98d0-51c06e9892a3,2026-06-16 09:09:45+00:00,USR_0949,impossible_travel,impossible_travel,impossible_travel,Rule Override: geo_velocity_kmh > 900 km/h AND geo_distance > 500 km
021d929d-20dd-4366-8528-0b29883fe5c9,2026-06-16 09:09:48+00:00,SRV_0372,normal,unknown,unknown,XGBoost ML Classifier
ecf20172-2369-4437-963c-5db7bfd06376,2026-06-16 09:19:06+00:00,SRV_0358,normal,unknown,unknown,XGBoost ML Classifier
dcee536c-6a83-4bed-bb1a-2297aedc68da,2026-06-16 09:55:37+00:00,DEV_0850,normal,unknown,unknown,XGBoost ML Classifier
618d3717-155a-4c9f-a3d8-c0467c2c8eb0,2026-06-16 09:55:47+00:00,SRV_0797,normal,unknown,unknown,XGBoost ML Classifier
f0091e23-4535-4792-8b7b-a6ac2fb2b946,2026-06-16 10:03:11+00:00,DEV_0534,normal,unknown,unknown,XGBoost ML Classifier
5e8dc504-beef-41b9-abbf-ca21eb3d7a54,2026-06-16 10:19:55+00:00,USR_0927,normal,unknown,unknown,XGBoost ML Classifier
606dda3b-241b-4ea6-8fce-9d91cc3d4d02,2026-06-16 10:26:30+00:00,SRV_0301,normal,unknown,unknown,XGBoost ML Classifier
bc171a92-63f2-4020-a7c2-b081d4b6a9d4,2026-06-16 10:29:39+00:00,USR_0907,impossible_travel,impossible_travel,impossible_travel,Rule Override: geo_velocity_kmh > 900 km/h AND geo_distance > 500 km
e1a4fd63-60cd-4722-98bd-7ccbbca7705a,2026-06-16 10:42:08+00:00,USR_0179,impossible_travel,impossible_travel,impossible_travel,Rule Override: geo_velocity_kmh > 900 km/h AND geo_distance > 500 km
fccce2b3-1af4-498c-a296-992a77ee0d42,2026-06-16 10:51:00.617514+00:00,SRV_0305,lateral_movement,lateral_movement,lateral_movement,XGBoost ML Classifier
7d0a1da6-06c2-4d71-800d-83813809d723,2026-06-16 10:55:17+00:00,USR_0330,normal,unknown,insider_drift,XGBoost ML Classifier
e9f86f4e-7895-4e79-a8c6-ad79c5bc1468,2026-06-16 12:00:52+00:00,USR_0108,normal,unknown,unknown,XGBoost ML Classifier
0720ce6e-32df-456d-b534-e3a7bd268231,2026-06-16 12:02:14+00:00,USR_0938,impossible_travel,impossible_travel,impossible_travel,Rule Override: geo_velocity_kmh > 900 km/h AND geo_distance > 500 km
feee25e5-c67e-4dea-8b01-0a49e7908cbb,2026-06-16 12:02:55+00:00,USR_0381,impossible_travel,impossible_travel,impossible_travel,Rule Override: geo_velocity_kmh > 900 km/h AND geo_distance > 500 km
68a78b0a-0d96-4527-b918-d2bf850b56cc,2026-06-16 12:12:23+00:00,USR_0220,insider_drift,insider_drift,insider_drift,XGBoost ML Classifier
b5c84ddc-809f-4d86-b7ae-63843c6e2190,2026-06-16 12:14:07+00:00,SRV_0086,normal,unknown,unknown,XGBoost ML Classifier
0a1a5b88-b761-4d5c-8704-ed77f58546d3,2026-06-16 12:18:05+00:00,USR_0324,impossible_travel,impossible_travel,impossible_travel,Rule Override: geo_velocity_kmh > 900 km/h AND geo_distance > 500 km
85c52b59-2d3d-4b79-94f2-906706227468,2026-06-16 12:45:07+00:00,DEV_0850,normal,unknown,unknown,XGBoost ML Classifier
d87cfc70-8e0c-45ef-9d1c-47d034a3178c,2026-06-16 13:12:34+00:00,USR_0689,impossible_travel,impossible_travel,impossible_travel,Rule Override: geo_velocity_kmh > 900 km/h AND geo_distance > 500 km
0f0188cf-66e2-4f43-b6cb-863ce65fcf94,2026-06-16 13:35:52+00:00,SRV_0001,normal,unknown,unknown,XGBoost ML Classifier
d39accac-a842-4997-9315-8e80868f020d,2026-06-16 13:44:55+00:00,DEV_0177,normal,unknown,unknown,XGBoost ML Classifier
634fee74-17e9-4772-b07e-837a7e482b43,2026-06-16 13:51:50+00:00,USR_0132,normal,unknown,unknown,XGBoost ML Classifier
30621b2f-6c6a-4747-b291-9eccf03032e8,2026-06-16 13:52:25+00:00,DEV_0890,normal,unknown,unknown,XGBoost ML Classifier
e5c4b7ec-bf2d-42c9-b002-b2d8b747d06b,2026-06-16 14:02:44+00:00,USR_0364,normal,unknown,unknown,XGBoost ML Classifier
0c7e1161-a701-4482-ac44-54518842988c,2026-06-16 14:08:07+00:00,DEV_0233,normal,unknown,unknown,XGBoost ML Classifier
429025b3-3725-4143-9c9f-47fc83c9420a,2026-06-16 14:11:41+00:00,SRV_0404,impossible_travel,impossible_travel,impossible_travel,Rule Override: geo_velocity_kmh > 900 km/h AND geo_distance > 500 km
2efafb85-8b01-427b-95cb-809efe3cf973,2026-06-16 14:29:23+00:00,USR_0789,impossible_travel,impossible_travel,impossible_travel,Rule Override: geo_velocity_kmh > 900 km/h AND geo_distance > 500 km
72a0c43f-41bd-433a-9b54-fcbfb1799dfc,2026-06-16 14:37:26+00:00,USR_0423,impossible_travel,impossible_travel,impossible_travel,Rule Override: geo_velocity_kmh > 900 km/h AND geo_distance > 500 km
5a1318dc-2de3-4445-afb7-b7406e1fb590,2026-06-16 14:45:00+00:00,SRV_0630,device_spoofing,device_spoofing,device_spoofing,XGBoost ML Classifier
85d2c979-dbd9-4602-8941-9759fa236d6f,2026-06-16 14:50:44+00:00,USR_0238,impossible_travel,impossible_travel,impossible_travel,Rule Override: geo_velocity_kmh > 900 km/h AND geo_distance > 500 km
6239c21f-a5d9-45c3-8f81-28db0f6b6fcf,2026-06-16 15:01:06+00:00,SRV_0202,normal,unknown,unknown,XGBoost ML Classifier
91594636-3eba-4c8b-a61e-28941fd99bc3,2026-06-16 15:19:38+00:00,USR_0390,impossible_travel,impossible_travel,impossible_travel,Rule Override: geo_velocity_kmh > 900 km/h AND geo_distance > 500 km
da4d3482-8459-4185-b096-9f0e19d1404f,2026-06-16 15:27:09+00:00,USR_0522,impossible_travel,impossible_travel,impossible_travel,Rule Override: geo_velocity_kmh > 900 km/h AND geo_distance > 500 km
61b8360d-607c-43f1-9854-277ebe205dcf,2026-06-16 15:28:42+00:00,USR_0754,normal,unknown,lateral_movement,XGBoost ML Classifier
b7ba10ef-8b18-46a8-a6b1-18aef3fb9814,2026-06-16 15:32:10+00:00,SRV_0162,normal,unknown,unknown,XGBoost ML Classifier
db5937fe-cf0f-4d45-a3f7-d2d50131f0b2,2026-06-16 15:39:54+00:00,USR_0828,normal,unknown,unknown,XGBoost ML Classifier
f018cdb7-01af-4c47-b423-9bbdfdbf0510,2026-06-16 15:55:06+00:00,DEV_0371,normal,unknown,lateral_movement,XGBoost ML Classifier
f1ab4014-b0d2-47c6-afc1-b94df4431010,2026-06-16 16:21:48+00:00,USR_0764,normal,unknown,unknown,XGBoost ML Classifier
b9a825c9-0ab9-43fb-99fa-775ede9f8260,2026-06-16 16:24:24+00:00,USR_0008,impossible_travel,impossible_travel,impossible_travel,Rule Override: geo_velocity_kmh > 900 km/h AND geo_distance > 500 km
9ded22c7-85b9-4a24-83c3-e289eed7522a,2026-06-16 16:42:22+00:00,SRV_0936,normal,unknown,unknown,XGBoost ML Classifier
48c2309f-956b-4b15-8aba-07ef0e1e4f03,2026-06-16 17:18:11+00:00,USR_0198,normal,unknown,unknown,XGBoost ML Classifier
6776c26c-bc0a-47a1-988b-95f78de846a7,2026-06-16 17:25:29+00:00,DEV_0420,normal,unknown,unknown,XGBoost ML Classifier
8e0a2e41-0ec6-41f5-b655-ed3273381278,2026-06-16 17:43:34+00:00,DEV_0290,normal,unknown,unknown,XGBoost ML Classifier
a8dd0d13-3940-4989-8c54-bfa017428547,2026-06-16 17:46:29+00:00,USR_0659,normal,unknown,unknown,XGBoost ML Classifier
bdd64aac-ac4b-47ed-96eb-2492d9c1e990,2026-06-16 18:07:33+00:00,DEV_0485,normal,unknown,unknown,XGBoost ML Classifier
62d182c6-c7f4-43f9-a48d-4b3765241598,2026-06-16 18:08:30+00:00,DEV_0932,normal,unknown,unknown,XGBoost ML Classifier
d3a0c227-2b9e-40c6-81a8-596e8e86b100,2026-06-16 18:16:21+00:00,SRV_0570,normal,unknown,unknown,XGBoost ML Classifier
d3136793-7ada-4d67-a544-83d628eab3cb,2026-06-16 18:41:52+00:00,SRV_0591,normal,unknown,unknown,XGBoost ML Classifier
f523ef82-7b47-4f66-974d-d0c46c70fea9,2026-06-16 18:48:06+00:00,DEV_0371,normal,unknown,unknown,XGBoost ML Classifier
2b55c10a-0218-48a7-a931-0749bf955627,2026-06-16 19:25:46+00:00,DEV_0799,normal,unknown,unknown,XGBoost ML Classifier
4fe0d7d2-1f6d-4043-90d5-3fa5b0ad0da2,2026-06-16 19:51:55+00:00,DEV_0063,normal,unknown,unknown,XGBoost ML Classifier
9e719ef4-f885-4d9c-9d5b-70f6a23982c1,2026-06-16 19:58:11+00:00,USR_0567,insider_drift,insider_drift,insider_drift,XGBoost ML Classifier
e77109c9-4868-4807-ab6f-06330f7043d6,2026-06-16 19:58:24+00:00,DEV_0227,impossible_travel,impossible_travel,impossible_travel,Rule Override: geo_velocity_kmh > 900 km/h AND geo_distance > 500 km
b2f5279c-aba1-4208-9416-71031a5f26ab,2026-06-16 20:19:57+00:00,DEV_0711,normal,unknown,unknown,XGBoost ML Classifier
92b55373-106b-4ccc-ba05-bb11af15ef5d,2026-06-16 20:27:58+00:00,USR_0289,normal,unknown,unknown,XGBoost ML Classifier
bb3f076a-c133-4de2-84db-30ecd62cc29d,2026-06-16 21:06:01+00:00,DEV_0065,normal,unknown,unknown,XGBoost ML Classifier
6b6a8339-77fe-4eab-a867-b1bb427d8aa6,2026-06-16 21:56:10+00:00,SRV_0963,impossible_travel,impossible_travel,impossible_travel,Rule Override: geo_velocity_kmh > 900 km/h AND geo_distance > 500 km
e1f1f0b5-c96b-4eef-85b1-4010046a1d0e,2026-06-16 22:36:19+00:00,DEV_0297,impossible_travel,impossible_travel,impossible_travel,Rule Override: geo_velocity_kmh > 900 km/h AND geo_distance > 500 km
0415e53a-96f4-48da-bd54-63c0622121dc,2026-06-16 23:08:14+00:00,DEV_0676,normal,unknown,unknown,XGBoost ML Classifier
0303cc6e-a0ef-4d53-96fc-16d312128844,2026-06-16 23:23:56+00:00,SRV_0461,normal,unknown,unknown,XGBoost ML Classifier
0244e3b5-ed59-42bc-9dc4-b7e860feffb1,2026-06-16 23:29:07.518014+00:00,USR_0522,lateral_movement,lateral_movement,lateral_movement,XGBoost ML Classifier
556e2189-fe24-4ab4-a433-e58bb91fba90,2026-06-16 23:29:11.171283+00:00,USR_0522,lateral_movement,lateral_movement,lateral_movement,XGBoost ML Classifier
046a2cf2-a25b-4dae-9db5-0926228d6879,2026-06-16 23:29:18.940405+00:00,USR_0522,lateral_movement,lateral_movement,lateral_movement,XGBoost ML Classifier
d1004f83-ab40-4e3b-b9d1-8af4e2ada4a9,2026-06-16 23:29:38.224607+00:00,USR_0522,lateral_movement,lateral_movement,lateral_movement,XGBoost ML Classifier
b598deb0-fe28-4907-bb05-b5bf80695c8a,2026-06-17 00:00:00+00:00,DEV_0420,normal,unknown,unknown,XGBoost ML Classifier
53a492dd-1be9-445e-b2ca-56a7eb2b023c,2026-06-17 00:00:00+00:00,SRV_0161,normal,unknown,unknown,XGBoost ML Classifier
128f9aab-2f69-465f-9bc6-7d0fb59c98e6,2026-06-17 00:00:04.111000+00:00,SRV_0506,normal,unknown,unknown,XGBoost ML Classifier
b8718f0f-7c4f-4734-9f37-29ed4c25a786,2026-06-17 00:09:24+00:00,SRV_0029,impossible_travel,impossible_travel,impossible_travel,Rule Override: geo_velocity_kmh > 900 km/h AND geo_distance > 500 km
2263c3e3-5437-4041-84f4-7c1ae21c4b3e,2026-06-17 00:26:06+00:00,SRV_0728,impossible_travel,impossible_travel,impossible_travel,Rule Override: geo_velocity_kmh > 900 km/h AND geo_distance > 500 km
a947cf9f-9096-4b9e-99c2-c06b03aa4a3e,2026-06-17 00:54:50+00:00,SRV_0086,normal,unknown,unknown,XGBoost ML Classifier
dd6ae394-9018-4a7f-b73c-502c6758decc,2026-06-17 01:18:29+00:00,USR_0288,low_slow_exfil,low_slow_exfil,low_slow_exfil,XGBoost ML Classifier
bb330614-217f-4375-8775-2d6ba43f5a50,2026-06-17 01:20:35+00:00,DEV_0849,normal,unknown,unknown,XGBoost ML Classifier
43b05e0a-42a2-46cb-a3ff-56533d10f3f9,2026-06-17 01:37:30+00:00,USR_0954,low_slow_exfil,low_slow_exfil,low_slow_exfil,XGBoost ML Classifier
1bb81395-66fc-4537-8591-20b0e5bec9e4,2026-06-17 01:40:12+00:00,USR_0346,low_slow_exfil,low_slow_exfil,low_slow_exfil,XGBoost ML Classifier
dc6ee157-652d-4921-b61c-801649d14db5,2026-06-17 01:49:02+00:00,DEV_0669,normal,unknown,unknown,XGBoost ML Classifier
c2962a00-9057-4f0e-a825-7106cc8c637c,2026-06-17 01:54:46+00:00,USR_0466,low_slow_exfil,low_slow_exfil,low_slow_exfil,XGBoost ML Classifier
40e2f0b3-67ab-4802-a760-1f67757901e4,2026-06-17 02:24:55+00:00,SRV_0153,impossible_travel,impossible_travel,impossible_travel,Rule Override: geo_velocity_kmh > 900 km/h AND geo_distance > 500 km
a63e91c3-3790-4e83-b9a2-023e22578d93,2026-06-17 02:26:46+00:00,USR_0249,low_slow_exfil,low_slow_exfil,low_slow_exfil,XGBoost ML Classifier
2000d173-4248-42c4-b44e-361af2f1d1e8,2026-06-17 02:42:41+00:00,USR_0249,low_slow_exfil,low_slow_exfil,low_slow_exfil,XGBoost ML Classifier
e0a6dead-fe59-465f-bc93-dac9373135a8,2026-06-17 02:52:52+00:00,USR_0466,low_slow_exfil,low_slow_exfil,low_slow_exfil,XGBoost ML Classifier
71d3e36c-b210-4e78-94ea-02b25a0a2126,2026-06-17 03:00:47+00:00,USR_0954,low_slow_exfil,low_slow_exfil,low_slow_exfil,XGBoost ML Classifier
24d2919f-52d3-411d-930a-47b9bb6dadfb,2026-06-17 03:06:28+00:00,USR_0172,low_slow_exfil,low_slow_exfil,low_slow_exfil,XGBoost ML Classifier
525908b4-b62f-4692-b760-21d13a1032e3,2026-06-17 03:25:59+00:00,USR_0172,low_slow_exfil,low_slow_exfil,low_slow_exfil,XGBoost ML Classifier
dc6202f9-75cf-46b3-a453-65ba4ca44e5a,2026-06-17 03:29:56+00:00,USR_0257,low_slow_exfil,low_slow_exfil,low_slow_exfil,XGBoost ML Classifier
c3dde113-d8cf-40f1-94b8-2761101b9173,2026-06-17 04:34:26+00:00,SRV_0591,normal,unknown,unknown,XGBoost ML Classifier
574b2695-4977-4aad-b051-c0ea3cd3ba80,2026-06-17 04:54:03+00:00,DEV_0849,normal,unknown,unknown,XGBoost ML Classifier
09702688-f88e-479e-9e97-56a50670ab88,2026-06-17 05:12:20+00:00,DEV_0164,normal,unknown,unknown,XGBoost ML Classifier
cf5ad50c-7c20-4adf-8580-f4d6d7ff3c7a,2026-06-17 06:28:20+00:00,DEV_0265,normal,unknown,unknown,XGBoost ML Classifier
370e4d7c-ae05-4ef8-a437-6231869639a3,2026-06-17 07:37:25+00:00,USR_0559,impossible_travel,impossible_travel,impossible_travel,Rule Override: geo_velocity_kmh > 900 km/h AND geo_distance > 500 km
e5d334a1-4342-44c8-a0bf-5ed70ce35de1,2026-06-17 07:45:31+00:00,DEV_0703,normal,unknown,unknown,XGBoost ML Classifier
49be62bb-e9ac-4924-8e7d-830202f61d18,2026-06-17 07:47:04+00:00,DEV_0685,normal,unknown,unknown,XGBoost ML Classifier
e224b9e9-5255-4769-8579-10ecbe1d4a73,2026-06-17 07:55:42+00:00,USR_0167,impossible_travel,impossible_travel,impossible_travel,Rule Override: geo_velocity_kmh > 900 km/h AND geo_distance > 500 km
ba980c42-ac09-4ae7-a76b-ab0cfdaa378c,2026-06-17 07:56:37+00:00,SRV_0698,normal,unknown,unknown,XGBoost ML Classifier
e78cc987-c5d4-40a2-817a-b7d0ba47f02a,2026-06-17 08:10:13+00:00,SRV_0469,normal,unknown,unknown,XGBoost ML Classifier
50300370-d0d8-408c-8cdf-040936463b25,2026-06-17 08:40:10+00:00,DEV_0237,normal,unknown,unknown,XGBoost ML Classifier
7a01fa08-16f3-4267-864d-f6f6a17cfff4,2026-06-17 08:40:30+00:00,SRV_0372,normal,unknown,unknown,XGBoost ML Classifier
c95e69c6-729b-43d4-8f5e-fed2451e89ce,2026-06-17 08:43:02+00:00,DEV_0820,normal,unknown,unknown,XGBoost ML Classifier
e8d617c7-8341-4ca2-8139-4fe53fe0557a,2026-06-17 08:44:30.409000+00:00,USR_0108,lateral_movement,lateral_movement,lateral_movement,XGBoost ML Classifier
e2cb352c-557e-4b2d-963c-32fe3e0d6e44,2026-06-17 08:45:04.338941+00:00,USR_0108,lateral_movement,lateral_movement,lateral_movement,XGBoost ML Classifier
430032e1-2f91-420c-8f6e-fd4e1279f6a0,2026-06-17 08:55:00+00:00,USR_0844,impossible_travel,impossible_travel,impossible_travel,Rule Override: geo_velocity_kmh > 900 km/h AND geo_distance > 500 km
5a415a39-7182-416c-b9e4-d020a2713471,2026-06-17 08:55:48+00:00,USR_0699,impossible_travel,impossible_travel,impossible_travel,Rule Override: geo_velocity_kmh > 900 km/h AND geo_distance > 500 km
a1ad4a0a-0442-4dfd-af65-14130f9e8ab6,2026-06-17 08:57:31+00:00,USR_0455,impossible_travel,impossible_travel,impossible_travel,Rule Override: geo_velocity_kmh > 900 km/h AND geo_distance > 500 km
7704c510-ab2d-4bf8-b7b6-569ef10cf6e3,2026-06-17 09:02:30+00:00,SRV_0184,normal,unknown,unknown,XGBoost ML Classifier
db28111e-4b2d-4d51-b7c5-0369273779f2,2026-06-17 09:04:34+00:00,USR_0496,impossible_travel,impossible_travel,impossible_travel,Rule Override: geo_velocity_kmh > 900 km/h AND geo_distance > 500 km
ae931467-0107-49c1-b5e5-99c2f4157350,2026-06-17 09:19:17+00:00,SRV_0348,normal,unknown,unknown,XGBoost ML Classifier
baec8de1-622c-4feb-8e54-c83be13155aa,2026-06-17 09:32:53+00:00,USR_0045,impossible_travel,impossible_travel,impossible_travel,Rule Override: geo_velocity_kmh > 900 km/h AND geo_distance > 500 km
35949e89-829e-4b35-b979-db381296a11f,2026-06-17 09:44:48+00:00,DEV_0543,normal,unknown,unknown,XGBoost ML Classifier
c3d8628c-4aed-4fb8-a1d8-78e19b69c5c6,2026-06-17 09:46:13+00:00,SRV_0202,normal,unknown,unknown,XGBoost ML Classifier
0de8d616-dba1-488f-ac18-46b034d2fa6f,2026-06-17 09:53:56+00:00,DEV_0237,normal,unknown,unknown,XGBoost ML Classifier
da29dfb7-8605-438d-8221-20808edd61f4,2026-06-17 10:17:46+00:00,SRV_0621,normal,unknown,unknown,XGBoost ML Classifier
d20de3da-8f02-4d6f-926a-4c2df8f2cde2,2026-06-17 10:20:38+00:00,SRV_0767,normal,unknown,unknown,XGBoost ML Classifier
41143e81-9e2e-4041-8a1d-7389888512ff,2026-06-17 10:38:25+00:00,DEV_0788,normal,unknown,unknown,XGBoost ML Classifier
88d319e2-b817-46e6-90a6-dadadac24f58,2026-06-17 11:23:28+00:00,USR_0937,impossible_travel,impossible_travel,impossible_travel,Rule Override: geo_velocity_kmh > 900 km/h AND geo_distance > 500 km
e42028be-181b-43bf-92f8-5f65fd26d378,2026-06-17 11:23:39+00:00,USR_0519,impossible_travel,impossible_travel,impossible_travel,Rule Override: geo_velocity_kmh > 900 km/h AND geo_distance > 500 km
4577951d-709d-4344-96c5-d5e9f27e8da3,2026-06-17 11:25:41+00:00,USR_0364,normal,unknown,unknown,XGBoost ML Classifier
8a4c27c1-b628-4a58-a8e6-53f0de536aef,2026-06-17 11:28:16+00:00,USR_0398,impossible_travel,impossible_travel,impossible_travel,Rule Override: geo_velocity_kmh > 900 km/h AND geo_distance > 500 km
fe30c717-f179-4f20-bb4e-283fdd05b69b,2026-06-17 11:30:59+00:00,USR_0499,impossible_travel,impossible_travel,impossible_travel,Rule Override: geo_velocity_kmh > 900 km/h AND geo_distance > 500 km
49214255-bf70-4877-b43d-e3341a644819,2026-06-17 11:37:51+00:00,USR_0423,normal,unknown,unknown,XGBoost ML Classifier
bcdc722b-0a94-403c-84a7-34346a01fdfc,2026-06-17 11:41:33+00:00,DEV_0685,normal,unknown,unknown,XGBoost ML Classifier
f3b342f4-4a34-4986-a209-a128f92816bf,2026-06-17 11:43:19+00:00,USR_0742,impossible_travel,impossible_travel,impossible_travel,Rule Override: geo_velocity_kmh > 900 km/h AND geo_distance > 500 km
7c679192-2d08-40c7-8335-49901fcb93f5,2026-06-17 11:52:04+00:00,USR_0984,impossible_travel,impossible_travel,impossible_travel,Rule Override: geo_velocity_kmh > 900 km/h AND geo_distance > 500 km
9d46f4f7-b791-4d1b-b3d4-b7c26a3cbb94,2026-06-17 12:18:06+00:00,USR_0724,normal,unknown,unknown,XGBoost ML Classifier
13810b45-b1ad-4e3e-a71a-b0703918e573,2026-06-17 12:25:33+00:00,DEV_0384,impossible_travel,impossible_travel,impossible_travel,Rule Override: geo_velocity_kmh > 900 km/h AND geo_distance > 500 km
3a2e27ec-749d-4819-b166-2c802978a031,2026-06-17 12:33:52+00:00,USR_0838,insider_drift,insider_drift,unknown,XGBoost ML Classifier
5f7fa8fd-2368-49d3-9cda-ee8040c842b0,2026-06-17 12:34:02+00:00,USR_0604,impossible_travel,impossible_travel,impossible_travel,Rule Override: geo_velocity_kmh > 900 km/h AND geo_distance > 500 km
9ea0a391-de46-4e95-84c9-ff70b6c30eb5,2026-06-17 12:45:53+00:00,DEV_0685,normal,unknown,unknown,XGBoost ML Classifier
a5c13445-d5da-4cb9-9385-8af966149d13,2026-06-17 12:52:45+00:00,SRV_0162,normal,unknown,unknown,XGBoost ML Classifier
b1df2b97-4913-4acc-bd50-ea138253cdda,2026-06-17 13:00:14+00:00,DEV_0588,device_spoofing,device_spoofing,device_spoofing,XGBoost ML Classifier
56d83f62-42cd-4f60-aa2c-af066e2eba44,2026-06-17 13:01:14+00:00,DEV_0588,device_spoofing,device_spoofing,device_spoofing,XGBoost ML Classifier
34ba8f4c-2131-4e6a-9940-02c357b90226,2026-06-17 13:17:52+00:00,USR_0667,insider_drift,insider_drift,insider_drift,XGBoost ML Classifier
b0f0e418-a3ec-4f7a-8b26-930e0c53ac78,2026-06-17 13:18:08+00:00,SRV_0462,normal,unknown,unknown,XGBoost ML Classifier
ef4a8758-1f5d-425d-99a7-c1436f2fef50,2026-06-17 13:23:57+00:00,USR_0721,impossible_travel,impossible_travel,impossible_travel,Rule Override: geo_velocity_kmh > 900 km/h AND geo_distance > 500 km
8c06f533-6bd4-4e3b-ae4f-2a8d1b2b173c,2026-06-17 13:28:36+00:00,DEV_0848,normal,unknown,unknown,XGBoost ML Classifier
72246eba-aee3-44ac-944e-317297ea7e7e,2026-06-17 14:02:09+00:00,SRV_0538,normal,unknown,unknown,XGBoost ML Classifier
95237e69-ada0-494b-acda-19ffeb690d04,2026-06-17 14:21:40+00:00,SRV_0595,impossible_travel,impossible_travel,impossible_travel,Rule Override: geo_velocity_kmh > 900 km/h AND geo_distance > 500 km
b04ccec8-2cdc-4966-9558-09f96e3054f9,2026-06-17 14:35:37+00:00,USR_0964,insider_drift,insider_drift,insider_drift,XGBoost ML Classifier
6b4e7001-5047-4cd5-9b6d-ef1b2e5816a7,2026-06-17 14:45:01+00:00,DEV_0768,normal,unknown,unknown,XGBoost ML Classifier
9b8306b2-59a9-403f-bed6-aa1b994a3ed6,2026-06-17 14:53:05+00:00,DEV_0013,normal,unknown,unknown,XGBoost ML Classifier
b3d35970-f9ae-4a1b-8893-e861c7fb9718,2026-06-17 14:55:23+00:00,SRV_0480,normal,unknown,unknown,XGBoost ML Classifier
d86baacf-7aba-4ec7-9b68-4ebd5c26af2a,2026-06-17 14:57:14+00:00,DEV_0065,normal,unknown,unknown,XGBoost ML Classifier
166d9f84-c843-4243-b047-d236fb2c7ff3,2026-06-17 14:57:43+00:00,DEV_0009,normal,unknown,unknown,XGBoost ML Classifier
c0de29b3-d7a7-4e31-8f1a-c8a0088e9ddf,2026-06-17 15:12:31+00:00,USR_0828,impossible_travel,impossible_travel,impossible_travel,Rule Override: geo_velocity_kmh > 900 km/h AND geo_distance > 500 km
3d18b4ae-edb5-4d8a-89a7-57b16d3a2f55,2026-06-17 15:17:43+00:00,USR_0298,impossible_travel,impossible_travel,impossible_travel,Rule Override: geo_velocity_kmh > 900 km/h AND geo_distance > 500 km
407a3475-dda0-4d62-8499-51651dffb508,2026-06-17 15:37:45+00:00,DEV_0063,normal,unknown,unknown,XGBoost ML Classifier
7fd23ecf-8bb7-4dee-8154-1d8ffc4fa9f6,2026-06-17 16:02:18+00:00,SRV_0728,normal,unknown,unknown,XGBoost ML Classifier
b502f416-c147-4f9c-b17a-6614e673fc5f,2026-06-17 17:12:36+00:00,USR_0073,impossible_travel,impossible_travel,impossible_travel,Rule Override: geo_velocity_kmh > 900 km/h AND geo_distance > 500 km
04840f2f-fd7a-436f-b20c-9311b5b10dfd,2026-06-17 17:18:50+00:00,USR_0666,normal,unknown,unknown,XGBoost ML Classifier
c80bff49-cbcf-46d3-a859-0953c6246e17,2026-06-17 17:22:17+00:00,DEV_0332,normal,unknown,unknown,XGBoost ML Classifier
646807d7-c429-4d08-9b12-e0abef6a4d5b,2026-06-17 17:23:36+00:00,SRV_0670,normal,unknown,unknown,XGBoost ML Classifier
d759c714-96c6-4984-a795-cc91699fd0f7,2026-06-17 18:01:36+00:00,USR_0674,impossible_travel,impossible_travel,impossible_travel,Rule Override: geo_velocity_kmh > 900 km/h AND geo_distance > 500 km
59d61e6e-f765-4d0e-b9de-fc7dfc7cca20,2026-06-17 18:32:36+00:00,DEV_0371,normal,unknown,unknown,XGBoost ML Classifier
de380d6c-bfc2-49d1-9cbd-0baca7cbe401,2026-06-17 18:49:28+00:00,SRV_0616,normal,unknown,unknown,XGBoost ML Classifier
2c264063-1c5f-4e5a-8c24-f1b87773ec53,2026-06-17 18:51:27+00:00,DEV_0632,normal,unknown,unknown,XGBoost ML Classifier
2150d920-c65a-4fba-b730-58614b8c3cc9,2026-06-17 19:57:20+00:00,DEV_0711,normal,unknown,unknown,XGBoost ML Classifier
739aefd0-a497-4006-a60f-a1565dbdb45a,2026-06-17 20:38:28+00:00,DEV_0588,normal,unknown,unknown,XGBoost ML Classifier
46c34842-4995-4bc3-8529-b0052e87b09b,2026-06-17 20:39:16+00:00,SRV_0640,normal,unknown,unknown,XGBoost ML Classifier
ef2a02d5-7c44-4b26-81c8-07eb8faf58ca,2026-06-17 21:48:42+00:00,DEV_0711,normal,unknown,unknown,XGBoost ML Classifier
0a873653-51ed-4ab9-b86a-1cd9e8bd39f6,2026-06-17 21:53:44+00:00,DEV_0237,normal,unknown,unknown,XGBoost ML Classifier
916cf595-9622-4899-b6a6-603419af65ae,2026-06-17 22:40:40+00:00,DEV_0416,normal,unknown,unknown,XGBoost ML Classifier
1d3e4536-3103-45d6-87e3-9e3f59416b33,2026-06-17 22:53:19+00:00,SRV_0209,normal,unknown,unknown,XGBoost ML Classifier
3a658a07-793d-45a3-9f3d-d08b2a2a9079,2026-06-17 23:49:28+00:00,SRV_0242,impossible_travel,impossible_travel,impossible_travel,Rule Override: geo_velocity_kmh > 900 km/h AND geo_distance > 500 km
61818a7b-6f38-46db-8a1d-e91eeb9dbca1,2026-06-17 23:59:24+00:00,DEV_0799,normal,unknown,unknown,XGBoost ML Classifier
64c8fd68-3e5d-445d-9124-a81d94796208,2026-06-17 23:59:24+00:00,DEV_0265,normal,unknown,unknown,XGBoost ML Classifier
c0e2efee-5744-4c1f-8937-5e6d1778efb1,2026-06-17 23:59:24+00:00,DEV_0332,normal,unknown,unknown,XGBoost ML Classifier
b3b7594b-bff3-4188-8d6e-ceae331b1d88,2026-06-17 23:59:26.358000+00:00,SRV_0162,normal,unknown,unknown,XGBoost ML Classifier
dd13561c-4de7-423b-8fd5-a86511cdd968,2026-06-17 23:59:26.808000+00:00,SRV_0709,normal,unknown,unknown,XGBoost ML Classifier
982baa7e-d5e6-4bb7-85e2-b773c7c8feb9,2026-06-18 00:00:00+00:00,SRV_0348,normal,unknown,unknown,XGBoost ML Classifier
28f7f471-0b28-4cd4-a849-8e44cc8f050f,2026-06-18 00:00:00+00:00,SRV_0477,normal,unknown,unknown,XGBoost ML Classifier
9109b973-633b-4a8e-b282-161233c6e934,2026-06-18 00:00:00.795000+00:00,SRV_0293,normal,unknown,unknown,XGBoost ML Classifier
d7ee6fb2-bd1b-4662-85b0-cf1b42cc7eda,2026-06-18 00:05:24+00:00,SRV_0914,impossible_travel,impossible_travel,impossible_travel,Rule Override: geo_velocity_kmh > 900 km/h AND geo_distance > 500 km
9fcde45f-eb89-43e8-83a9-7a38b4af3430,2026-06-18 00:14:00+00:00,DEV_0635,impossible_travel,impossible_travel,impossible_travel,Rule Override: geo_velocity_kmh > 900 km/h AND geo_distance > 500 km
aaa9acdd-21dc-4931-821f-f9bc7ecefe3d,2026-06-18 00:44:40.956700+00:00,USR_0151,lateral_movement,lateral_movement,low_slow_exfil,XGBoost ML Classifier
6a42c116-0f0d-45ff-bc6a-a5671bc6e565,2026-06-18 00:44:42.031962+00:00,USR_0151,lateral_movement,lateral_movement,lateral_movement,XGBoost ML Classifier
f40048ff-989f-4c19-a906-a77b33311679,2026-06-18 00:46:57.335749+00:00,USR_0151,lateral_movement,lateral_movement,lateral_movement,XGBoost ML Classifier
73c21f51-4b32-40e0-996f-a16c7ef2bf68,2026-06-18 00:47:33.116367+00:00,USR_0151,lateral_movement,lateral_movement,lateral_movement,XGBoost ML Classifier
de3e895e-0e19-4df2-be6f-ff09e88fdd1e,2026-06-18 00:48:31.086708+00:00,USR_0151,lateral_movement,lateral_movement,lateral_movement,XGBoost ML Classifier
486fddc9-48b7-421d-9f9b-48ce06939819,2026-06-18 00:49:12.194786+00:00,USR_0151,lateral_movement,lateral_movement,lateral_movement,XGBoost ML Classifier
87ecea7a-c45a-4ab5-909d-7e8ae301e4ed,2026-06-18 00:51:48+00:00,DEV_0009,normal,unknown,unknown,XGBoost ML Classifier
b1fe39a0-e424-437f-b9a9-67d6027b5dc4,2026-06-18 01:05:50+00:00,DEV_0311,device_spoofing,device_spoofing,device_spoofing,XGBoost ML Classifier
e8ccdef5-b9d7-4a53-8cd8-6fc35be3cb1f,2026-06-18 01:11:30+00:00,USR_0954,low_slow_exfil,low_slow_exfil,low_slow_exfil,XGBoost ML Classifier
8c8ff340-dc8f-4778-9c6e-f80042c56db1,2026-06-18 01:31:45+00:00,USR_0172,low_slow_exfil,low_slow_exfil,low_slow_exfil,XGBoost ML Classifier
da97333c-1e90-4b9d-88a9-3f8c660da4a1,2026-06-18 01:37:49+00:00,USR_0249,low_slow_exfil,low_slow_exfil,low_slow_exfil,XGBoost ML Classifier
d321c280-a5dc-45a3-8857-fc2ac9c518ba,2026-06-18 01:40:55+00:00,DEV_0253,normal,unknown,unknown,XGBoost ML Classifier
e4e4872c-e467-40e5-98b2-50f51b40491b,2026-06-18 02:06:12+00:00,USR_0949,low_slow_exfil,low_slow_exfil,low_slow_exfil,XGBoost ML Classifier
2bf3a4d5-52d7-4d7f-b022-bff2646656d2,2026-06-18 02:21:20+00:00,USR_0249,low_slow_exfil,low_slow_exfil,low_slow_exfil,XGBoost ML Classifier
fc0a9cb6-5a25-4605-9075-9b747df99002,2026-06-18 02:34:14+00:00,USR_0346,low_slow_exfil,low_slow_exfil,low_slow_exfil,XGBoost ML Classifier
a2ccfe01-8865-4a42-9cf5-7ec8e59abcdb,2026-06-18 02:50:30+00:00,DEV_0700,normal,unknown,unknown,XGBoost ML Classifier
00dec1ad-885b-40fe-9f29-c1617382322c,2026-06-18 02:52:24+00:00,USR_0257,low_slow_exfil,low_slow_exfil,low_slow_exfil,XGBoost ML Classifier
03389404-7a48-417c-8215-d644a0964446,2026-06-18 03:13:51+00:00,USR_0288,low_slow_exfil,low_slow_exfil,low_slow_exfil,XGBoost ML Classifier
da156f8a-14de-47d0-b228-8141755413a3,2026-06-18 03:29:31+00:00,USR_0466,low_slow_exfil,low_slow_exfil,low_slow_exfil,XGBoost ML Classifier
bb75a7b4-7faf-4ecc-9432-b117706ff163,2026-06-18 04:19:04+00:00,SRV_0698,impossible_travel,impossible_travel,impossible_travel,Rule Override: geo_velocity_kmh > 900 km/h AND geo_distance > 500 km
c30f5160-68d8-46bf-a7cd-764d65cd4056,2026-06-18 04:25:40+00:00,DEV_0534,normal,unknown,unknown,XGBoost ML Classifier
0712810b-b3bc-4920-828d-86f0ba0e6595,2026-06-18 04:46:17.691983+00:00,USR_0994,lateral_movement,lateral_movement,lateral_movement,XGBoost ML Classifier
f3b2e8de-fba4-4084-b4be-f8068e8e59f6,2026-06-18 04:47:47.189295+00:00,USR_0994,lateral_movement,lateral_movement,lateral_movement,XGBoost ML Classifier
6a0a942a-5fa2-4db3-9118-e857d953b404,2026-06-18 04:49:09.328936+00:00,USR_0994,lateral_movement,lateral_movement,lateral_movement,XGBoost ML Classifier
ac473769-d794-4743-8405-b6b5c8fd688c,2026-06-18 04:51:42.769633+00:00,USR_0994,lateral_movement,lateral_movement,lateral_movement,XGBoost ML Classifier
224a2ff3-70c6-48ef-a856-3c095ac6c020,2026-06-18 05:24:06+00:00,DEV_0260,normal,unknown,unknown,XGBoost ML Classifier
71b108f8-c0c1-46f1-9346-b463feab1938,2026-06-18 05:30:35+00:00,DEV_0700,normal,unknown,unknown,XGBoost ML Classifier
c4019b9f-998b-4bf4-81d9-f66f40d80952,2026-06-18 05:36:57+00:00,SRV_0570,normal,unknown,unknown,XGBoost ML Classifier
abc5dd45-29a8-4f16-9711-d2b88a0c3476,2026-06-18 05:39:50+00:00,USR_0540,normal,unknown,unknown,XGBoost ML Classifier
439032d8-1214-4479-a2d6-6f38eb41782c,2026-06-18 05:50:59+00:00,USR_0220,insider_drift,insider_drift,insider_drift,XGBoost ML Classifier
8cb0017d-8cd5-4b8a-9b2f-97bad9606bb9,2026-06-18 06:00:44+00:00,SRV_0733,normal,unknown,unknown,XGBoost ML Classifier
87b5714e-2737-4036-a711-4ec67f663760,2026-06-18 06:03:11+00:00,USR_0751,normal,unknown,unknown,XGBoost ML Classifier
47917dde-7f75-4cb0-867a-507bfa9e31d9,2026-06-18 06:06:46+00:00,DEV_0384,impossible_travel,impossible_travel,impossible_travel,Rule Override: geo_velocity_kmh > 900 km/h AND geo_distance > 500 km
a92cf8b4-1e15-40d2-b040-f38ff1167cbc,2026-06-18 06:27:42+00:00,DEV_0343,normal,unknown,unknown,XGBoost ML Classifier
904bb283-e497-4e8b-8e1a-4f45117b79ae,2026-06-18 06:28:13+00:00,USR_0306,impossible_travel,impossible_travel,impossible_travel,Rule Override: geo_velocity_kmh > 900 km/h AND geo_distance > 500 km
8b713bfa-85b1-42d0-bbd7-bfd941afdc16,2026-06-18 06:42:49+00:00,USR_0491,impossible_travel,impossible_travel,impossible_travel,Rule Override: geo_velocity_kmh > 900 km/h AND geo_distance > 500 km
2a4e2bb3-1789-47c1-a3d9-d945f843571d,2026-06-18 06:45:16+00:00,DEV_0030,normal,unknown,unknown,XGBoost ML Classifier
12206e08-1964-4d4e-ac14-6d8fb95e08a6,2026-06-18 06:54:03+00:00,DEV_0837,normal,unknown,unknown,XGBoost ML Classifier
d1ac1727-b08d-40eb-bf00-1116f2ae0f35,2026-06-18 07:04:41+00:00,SRV_0078,normal,unknown,unknown,XGBoost ML Classifier
a55429cf-5027-43e1-958a-219b568faf32,2026-06-18 07:13:39+00:00,USR_0488,normal,unknown,unknown,XGBoost ML Classifier
fa203d1f-9b81-4313-bc8a-b6647f0cb0df,2026-06-18 07:15:51+00:00,DEV_0485,normal,unknown,unknown,XGBoost ML Classifier
db81ed80-4ed0-44de-bb89-53ece55fcb63,2026-06-18 07:19:19+00:00,DEV_0799,normal,unknown,unknown,XGBoost ML Classifier
abfd009c-258f-4844-9ada-4ddf4cd5e354,2026-06-18 07:24:05+00:00,SRV_0079,normal,unknown,unknown,XGBoost ML Classifier
b98765ca-061d-4f9b-b3ee-fb399ae25330,2026-06-18 07:31:58+00:00,USR_0080,impossible_travel,impossible_travel,impossible_travel,Rule Override: geo_velocity_kmh > 900 km/h AND geo_distance > 500 km
9a922126-9e03-4f9c-8442-3b992b35a350,2026-06-18 07:34:02+00:00,DEV_0676,normal,unknown,unknown,XGBoost ML Classifier
107525a1-15cd-45ee-8d85-7aefedd995a9,2026-06-18 07:40:31+00:00,DEV_0685,impossible_travel,impossible_travel,impossible_travel,Rule Override: geo_velocity_kmh > 900 km/h AND geo_distance > 500 km
73bf8621-c9bb-4df5-8bb3-48d42c6cf35d,2026-06-18 07:53:15+00:00,SRV_0898,normal,unknown,unknown,XGBoost ML Classifier
ead51c0c-51ca-48e5-ae10-26991ef09287,2026-06-18 08:29:34+00:00,DEV_0685,normal,unknown,impossible_travel,Rule Override: geo_velocity_kmh > 900 km/h AND geo_distance > 500 km
7fa5fa92-2daf-43a4-b1b7-69b477639389,2026-06-18 08:32:57+00:00,DEV_0799,normal,unknown,unknown,XGBoost ML Classifier
d661f416-c2ab-4b42-ab50-6b4e96212d2b,2026-06-18 08:37:46+00:00,SRV_0970,normal,unknown,unknown,XGBoost ML Classifier
8947fce4-7dcc-4166-ac85-e1e000197121,2026-06-18 08:52:12+00:00,DEV_0676,normal,unknown,unknown,XGBoost ML Classifier
bbe13dae-a711-46e0-b903-e9f3cd5745c6,2026-06-18 08:56:41+00:00,SRV_0162,normal,unknown,unknown,XGBoost ML Classifier
668c3a61-14d2-41a9-b917-f6fc5e490259,2026-06-18 09:15:34.676309+00:00,USR_0907,lateral_movement,lateral_movement,lateral_movement,XGBoost ML Classifier
2c9d3d7a-0c5a-41de-8346-68c120eb3e03,2026-06-18 09:16:24.888460+00:00,USR_0907,lateral_movement,lateral_movement,lateral_movement,XGBoost ML Classifier
26220bee-0024-45b3-98da-88b7a630ebed,2026-06-18 09:18:23+00:00,SRV_0698,normal,unknown,unknown,XGBoost ML Classifier
9675f3b1-cf4c-470c-b41f-964268d5e4bb,2026-06-18 09:21:09+00:00,DEV_0514,normal,unknown,unknown,XGBoost ML Classifier
bf8c6dc4-a12e-40d8-bc3c-e9e7ce908d67,2026-06-18 09:27:49+00:00,SRV_0283,normal,unknown,unknown,XGBoost ML Classifier
47e793d0-1ac1-4862-9d78-84baeefb44e6,2026-06-18 09:29:50+00:00,USR_0580,device_spoofing,device_spoofing,device_spoofing,XGBoost ML Classifier
26588906-a354-4d3c-8bec-e8cb25d9ce66,2026-06-18 09:41:40+00:00,USR_0395,impossible_travel,impossible_travel,impossible_travel,Rule Override: geo_velocity_kmh > 900 km/h AND geo_distance > 500 km
327d9e1f-0659-46cd-8cbf-e6f4f749ca75,2026-06-18 09:47:43+00:00,DEV_0163,normal,unknown,unknown,XGBoost ML Classifier
0724d329-e0b1-4f14-aad6-5ed41eb38ca9,2026-06-18 09:57:27+00:00,USR_0285,impossible_travel,impossible_travel,impossible_travel,Rule Override: geo_velocity_kmh > 900 km/h AND geo_distance > 500 km
6803eac5-27d7-4d31-8f21-3985d82cd8aa,2026-06-18 10:16:15+00:00,USR_0367,insider_drift,insider_drift,insider_drift,XGBoost ML Classifier
52e33fd0-b65c-4f43-a0eb-6d666137113b,2026-06-18 10:17:11+00:00,USR_0499,normal,unknown,unknown,XGBoost ML Classifier
cde64303-99ff-4b15-b810-48581c809fea,2026-06-18 10:22:32+00:00,USR_0451,impossible_travel,impossible_travel,impossible_travel,Rule Override: geo_velocity_kmh > 900 km/h AND geo_distance > 500 km
3e580908-37e1-4b58-9c09-aa45be466d49,2026-06-18 10:29:35+00:00,DEV_0263,impossible_travel,impossible_travel,impossible_travel,Rule Override: geo_velocity_kmh > 900 km/h AND geo_distance > 500 km
636a2248-8755-414e-82b5-2a91536d0ef1,2026-06-18 10:31:48+00:00,USR_0337,impossible_travel,impossible_travel,impossible_travel,Rule Override: geo_velocity_kmh > 900 km/h AND geo_distance > 500 km
a4d42950-0347-4ce1-a69c-9e135c81fd22,2026-06-18 10:38:36+00:00,SRV_0457,normal,unknown,unknown,XGBoost ML Classifier
72c08220-0bd0-4bed-8f14-9bac6fec0113,2026-06-18 10:55:28+00:00,USR_0929,normal,unknown,unknown,XGBoost ML Classifier
2883d9fd-c95c-4231-9dc2-034be0504bec,2026-06-18 10:55:55+00:00,DEV_0245,normal,unknown,unknown,XGBoost ML Classifier
b67776bd-ccef-47a5-8c95-e40a99edcee8,2026-06-18 11:08:56+00:00,SRV_0841,normal,unknown,unknown,XGBoost ML Classifier
45a58fb9-7e13-43c1-9b59-85799f2de119,2026-06-18 11:37:39+00:00,SRV_0923,normal,unknown,unknown,XGBoost ML Classifier
8e2ac2f0-6595-494e-9a52-f6e2fb251b6b,2026-06-18 11:44:56+00:00,SRV_0908,normal,unknown,unknown,XGBoost ML Classifier
1b350e00-899d-4061-93da-2dcf05ebf91c,2026-06-18 11:49:54+00:00,USR_0559,impossible_travel,impossible_travel,impossible_travel,Rule Override: geo_velocity_kmh > 900 km/h AND geo_distance > 500 km
ba6f8af9-8863-4004-9608-719f5da84c5c,2026-06-18 12:09:00+00:00,USR_0195,impossible_travel,impossible_travel,impossible_travel,Rule Override: geo_velocity_kmh > 900 km/h AND geo_distance > 500 km
a3c5dc03-e29f-484e-8365-8099f5f3a515,2026-06-18 12:16:23+00:00,SRV_0936,normal,unknown,unknown,XGBoost ML Classifier
4ad3474e-d7d3-4e61-8cef-9b80b6d75daa,2026-06-18 12:31:58+00:00,USR_0028,impossible_travel,impossible_travel,impossible_travel,Rule Override: geo_velocity_kmh > 900 km/h AND geo_distance > 500 km
4b99a556-d628-4cc0-beee-d252f2ecab0f,2026-06-18 12:35:16+00:00,SRV_0570,normal,unknown,unknown,XGBoost ML Classifier
c0c5b851-f91d-439c-8bff-44a381c39417,2026-06-18 12:56:03+00:00,USR_0864,impossible_travel,impossible_travel,impossible_travel,Rule Override: geo_velocity_kmh > 900 km/h AND geo_distance > 500 km
40c4882b-5fe9-424d-a8a6-e9099ab44ff3,2026-06-18 13:02:44+00:00,USR_0303,normal,unknown,unknown,XGBoost ML Classifier
5a290d85-8cf9-447e-ab7d-81eec7156421,2026-06-18 13:22:54+00:00,USR_0056,impossible_travel,impossible_travel,impossible_travel,Rule Override: geo_velocity_kmh > 900 km/h AND geo_distance > 500 km
cf49655b-e4bb-4c23-a330-039a3afbf5e4,2026-06-18 13:24:07+00:00,SRV_0159,normal,unknown,unknown,XGBoost ML Classifier
e0e86ecc-6514-409e-b6d9-12dcce0fe0cc,2026-06-18 13:42:00+00:00,SRV_0184,normal,unknown,unknown,XGBoost ML Classifier
b537c099-ad83-4100-a9e8-c3b18c732c08,2026-06-18 13:50:52+00:00,DEV_0876,normal,unknown,unknown,XGBoost ML Classifier
accc2e86-3be8-47c5-87f2-7c4014e20803,2026-06-18 14:16:25+00:00,DEV_0876,normal,unknown,unknown,XGBoost ML Classifier
9ab663a4-6a80-482a-88f3-bdd4380c14aa,2026-06-18 14:21:00+00:00,USR_0846,impossible_travel,impossible_travel,impossible_travel,Rule Override: geo_velocity_kmh > 900 km/h AND geo_distance > 500 km
8d6e889c-bde6-4295-bdad-6979832647da,2026-06-18 14:34:37+00:00,USR_0790,normal,unknown,unknown,XGBoost ML Classifier
b3fe27c2-eca2-49e4-b800-e7a491f608c2,2026-06-18 14:39:10+00:00,USR_0133,impossible_travel,impossible_travel,impossible_travel,Rule Override: geo_velocity_kmh > 900 km/h AND geo_distance > 500 km
84fdef2a-259f-4c8f-9ca7-4e917e8128a8,2026-06-18 14:44:43+00:00,USR_0396,impossible_travel,impossible_travel,impossible_travel,Rule Override: geo_velocity_kmh > 900 km/h AND geo_distance > 500 km
9e19270b-03db-4e57-9646-b67cd2d23424,2026-06-18 15:01:23+00:00,USR_0687,impossible_travel,impossible_travel,impossible_travel,Rule Override: geo_velocity_kmh > 900 km/h AND geo_distance > 500 km
a1fc45c1-bdb7-45bb-a4c5-9203e7476a4b,2026-06-18 15:05:27+00:00,USR_0289,normal,unknown,unknown,XGBoost ML Classifier
ce1fd703-7032-4cc0-9515-c29cd780bb9d,2026-06-18 15:15:27+00:00,SRV_0477,normal,unknown,unknown,XGBoost ML Classifier
b3b7ef86-2d6b-45e8-88e5-7c003fda3f5f,2026-06-18 15:21:33+00:00,USR_0057,normal,unknown,insider_drift,XGBoost ML Classifier
1f7d062a-92cb-406c-bd28-86d05f9bb401,2026-06-18 15:24:53+00:00,SRV_0461,normal,unknown,unknown,XGBoost ML Classifier
117e1a3d-1e5a-4be0-a214-f5c4bffbe80a,2026-06-18 15:37:11+00:00,USR_0891,impossible_travel,impossible_travel,impossible_travel,Rule Override: geo_velocity_kmh > 900 km/h AND geo_distance > 500 km
97f1affd-aea0-4e28-b64f-e2e52ea2cb34,2026-06-18 15:50:13+00:00,USR_0981,impossible_travel,impossible_travel,impossible_travel,Rule Override: geo_velocity_kmh > 900 km/h AND geo_distance > 500 km
701afa6f-414e-4ca7-b4e2-8b3b5784dfdf,2026-06-18 15:53:42+00:00,SRV_0458,normal,unknown,unknown,XGBoost ML Classifier
ad634e27-2b74-4b05-9932-7e4ac52b72f5,2026-06-18 15:57:01+00:00,DEV_0294,normal,unknown,unknown,XGBoost ML Classifier
1dc44045-368e-4b7a-bc76-81ee79004ce7,2026-06-18 16:29:06+00:00,SRV_0630,normal,unknown,unknown,XGBoost ML Classifier
84124888-b213-449f-af21-a00c6f723b35,2026-06-18 16:49:36+00:00,SRV_0128,normal,unknown,unknown,XGBoost ML Classifier
6b72a056-8b44-4de8-a7b3-e8da84911334,2026-06-18 16:54:13+00:00,USR_0945,impossible_travel,impossible_travel,impossible_travel,Rule Override: geo_velocity_kmh > 900 km/h AND geo_distance > 500 km
bf290882-1798-48e6-9d8a-b02d9a1ebd2c,2026-06-18 17:18:32+00:00,USR_0048,normal,unknown,insider_drift,XGBoost ML Classifier
ae09a3d2-d685-4cee-a88e-55e4111cde50,2026-06-18 17:19:01+00:00,USR_0916,impossible_travel,impossible_travel,impossible_travel,Rule Override: geo_velocity_kmh > 900 km/h AND geo_distance > 500 km
c5d58839-aa15-400c-8767-b9cd2e9ad0ec,2026-06-18 17:20:55+00:00,USR_0883,normal,unknown,unknown,XGBoost ML Classifier
9849b0e4-d31b-46c0-99dc-fde0b4ef81ae,2026-06-18 17:26:16+00:00,USR_0690,impossible_travel,impossible_travel,impossible_travel,Rule Override: geo_velocity_kmh > 900 km/h AND geo_distance > 500 km
eb2baa4e-ea01-4810-ad30-c7d5eeda2443,2026-06-18 17:31:48+00:00,USR_0667,insider_drift,insider_drift,insider_drift,XGBoost ML Classifier
9533a516-b82f-4b5b-b210-575135a7899c,2026-06-18 17:35:27+00:00,SRV_0640,device_spoofing,device_spoofing,device_spoofing,XGBoost ML Classifier
40461796-5f41-4de4-a982-f2c45abf8863,2026-06-18 17:52:26+00:00,USR_0589,impossible_travel,impossible_travel,impossible_travel,Rule Override: geo_velocity_kmh > 900 km/h AND geo_distance > 500 km
bac6a7a8-953a-45b3-8fe1-f2a11fb7eb57,2026-06-18 17:54:00+00:00,USR_0687,insider_drift,insider_drift,insider_drift,XGBoost ML Classifier
69b97d46-4a30-4f01-9662-d0ddb31548ec,2026-06-18 18:54:56+00:00,USR_0623,normal,unknown,unknown,XGBoost ML Classifier
79d7a105-de65-4c90-b95d-34e6befe8df6,2026-06-18 19:11:52+00:00,USR_0168,normal,unknown,insider_drift,XGBoost ML Classifier
139d3b1f-9091-4563-b263-bd7e8a39533d,2026-06-18 19:22:23+00:00,SRV_0697,normal,unknown,unknown,XGBoost ML Classifier
3e20e49b-3545-4280-9580-9e12937c37fa,2026-06-18 19:36:21+00:00,SRV_0161,normal,unknown,unknown,XGBoost ML Classifier
35f9c1de-ac6c-4e9e-8bf9-fe4582c9e81e,2026-06-18 19:44:29+00:00,USR_0964,insider_drift,insider_drift,insider_drift,XGBoost ML Classifier
05615a09-b28f-4ef2-89d7-57d121ad30bc,2026-06-18 20:01:23+00:00,SRV_0670,normal,unknown,unknown,XGBoost ML Classifier
1605d52a-0559-4ad2-92e8-da0e7592bcfa,2026-06-18 21:33:45+00:00,DEV_0026,normal,unknown,unknown,XGBoost ML Classifier
74840560-eb39-47ab-a6f9-c80e19a8d504,2026-06-18 23:13:18+00:00,SRV_0861,impossible_travel,impossible_travel,impossible_travel,Rule Override: geo_velocity_kmh > 900 km/h AND geo_distance > 500 km
4db36f24-cbf8-4d32-b11a-9402317875fb,2026-06-18 23:45:09+00:00,SRV_0670,normal,unknown,unknown,XGBoost ML Classifier
ba251032-0cf0-405d-9bca-65e2c947a1e0,2026-06-18 23:59:24+00:00,DEV_0890,normal,unknown,unknown,XGBoost ML Classifier
118975c6-d5b2-4f01-9bd2-58e212e72fbf,2026-06-18 23:59:24+00:00,SRV_0480,normal,unknown,unknown,XGBoost ML Classifier
7c738e1b-f500-4d86-bd97-456ed6cc304a,2026-06-18 23:59:24+00:00,SRV_0461,normal,unknown,unknown,XGBoost ML Classifier
3461f1ed-cef3-4211-b378-62a47c878946,2026-06-19 00:00:00+00:00,SRV_0693,normal,unknown,unknown,XGBoost ML Classifier
be81175b-42e2-4c0e-a840-23a4a5f85006,2026-06-19 00:00:00+00:00,SRV_0936,normal,unknown,unknown,XGBoost ML Classifier
20769fa9-c3ac-4151-b3d1-ceb0fca03c77,2026-06-19 00:00:00+00:00,DEV_0290,normal,unknown,lateral_movement,XGBoost ML Classifier
78b1a1bc-191e-45c1-8b3b-633aa2a8218c,2026-06-19 00:00:00+00:00,SRV_0129,normal,unknown,unknown,XGBoost ML Classifier
b9f9f7ab-213f-4e34-bee0-83669f55221e,2026-06-19 00:00:00.790000+00:00,DEV_0420,normal,unknown,unknown,XGBoost ML Classifier
f1e6e286-fca5-45db-bdf8-36465f06f9ec,2026-06-19 00:00:03.883000+00:00,DEV_0212,normal,unknown,unknown,XGBoost ML Classifier
ba7041df-7735-4383-b0d5-ae2e8f93cb72,2026-06-19 00:42:10+00:00,SRV_0079,normal,unknown,unknown,XGBoost ML Classifier
fcf3df9f-8ce2-4b96-8640-a55c2f1c9b0d,2026-06-19 01:38:13+00:00,USR_0249,low_slow_exfil,low_slow_exfil,low_slow_exfil,XGBoost ML Classifier
e2eb7dea-9a96-414e-9a3c-24b731e8568a,2026-06-19 01:51:27+00:00,USR_0954,low_slow_exfil,low_slow_exfil,low_slow_exfil,XGBoost ML Classifier
cfcc321b-d43a-4a9e-91cc-7fda53994244,2026-06-19 02:13:34+00:00,USR_0249,low_slow_exfil,low_slow_exfil,low_slow_exfil,XGBoost ML Classifier
c3d9c0dd-d9b2-4376-83c6-c71da479e79e,2026-06-19 02:33:55+00:00,DEV_0700,normal,unknown,unknown,XGBoost ML Classifier
5bdd1a1b-9b80-436f-a59e-43e570a97312,2026-06-19 02:37:23+00:00,SRV_0591,normal,unknown,unknown,XGBoost ML Classifier
eab647e3-40aa-40d7-8e64-15b2c9d1f565,2026-06-19 02:38:22+00:00,USR_0466,low_slow_exfil,low_slow_exfil,low_slow_exfil,XGBoost ML Classifier
ca1da8d4-bedc-4aaf-8aca-43971b21ca51,2026-06-19 03:06:40+00:00,SRV_0630,normal,unknown,unknown,XGBoost ML Classifier
1f7dd76d-216e-4ca1-8f7c-65a292b03d18,2026-06-19 03:19:11+00:00,SRV_0312,normal,unknown,unknown,XGBoost ML Classifier
107f62d3-9bd4-4ab4-871e-f8a4e500f218,2026-06-19 03:21:16+00:00,USR_0346,low_slow_exfil,low_slow_exfil,low_slow_exfil,XGBoost ML Classifier
264397df-fa10-422b-94bf-aa37ac569efc,2026-06-19 03:47:47+00:00,DEV_0177,normal,unknown,unknown,XGBoost ML Classifier
9e0d75ae-d67f-4ab0-902e-a4cb51e79c05,2026-06-19 03:48:01+00:00,USR_0466,low_slow_exfil,low_slow_exfil,low_slow_exfil,XGBoost ML Classifier
706f1d84-b34f-4df8-b502-df5c8d3bc058,2026-06-19 03:53:22+00:00,DEV_0820,normal,unknown,unknown,XGBoost ML Classifier
ebb0399b-2bcc-47a8-9ff7-2e60b9b41bf6,2026-06-19 04:14:43+00:00,DEV_0788,normal,unknown,unknown,XGBoost ML Classifier
3532928e-9a0b-4b62-91f3-97a88b44ac72,2026-06-19 04:20:39+00:00,DEV_0485,normal,unknown,unknown,XGBoost ML Classifier
73ab17fe-59a1-4b10-957b-f14ff4488455,2026-06-19 04:48:24+00:00,SRV_0566,impossible_travel,impossible_travel,impossible_travel,Rule Override: geo_velocity_kmh > 900 km/h AND geo_distance > 500 km
06ec56d9-dd79-4740-b6f4-b871d996674b,2026-06-19 04:52:54+00:00,DEV_0537,impossible_travel,impossible_travel,impossible_travel,Rule Override: geo_velocity_kmh > 900 km/h AND geo_distance > 500 km
b8d6ed4f-3514-4e3c-86e3-7df208a28d6c,2026-06-19 05:06:14+00:00,DEV_0837,normal,unknown,unknown,XGBoost ML Classifier
fbd2a456-9b09-49a6-8267-44555442061f,2026-06-19 05:13:20+00:00,SRV_0300,impossible_travel,impossible_travel,impossible_travel,Rule Override: geo_velocity_kmh > 900 km/h AND geo_distance > 500 km
a4ff8901-6a8b-4a98-9d44-5a660426993d,2026-06-19 05:31:03+00:00,DEV_0862,normal,unknown,unknown,XGBoost ML Classifier
0e7a8fc9-9b2d-4987-ba14-6e826a3a76cf,2026-06-19 05:40:59+00:00,SRV_0934,normal,unknown,lateral_movement,XGBoost ML Classifier
c2cb0ed3-e2cd-4038-a422-4406d81695b3,2026-06-19 05:51:32+00:00,USR_0035,normal,unknown,unknown,XGBoost ML Classifier
ba12bfc3-5290-4e12-b793-1c7ccab0bcac,2026-06-19 05:53:55+00:00,SRV_0970,normal,unknown,unknown,XGBoost ML Classifier
49602ee0-7c4a-468c-985a-0df64a9364bc,2026-06-19 06:01:17+00:00,USR_0736,impossible_travel,impossible_travel,impossible_travel,Rule Override: geo_velocity_kmh > 900 km/h AND geo_distance > 500 km
ded7aeb5-882c-4480-ae13-425494e3fee8,2026-06-19 06:03:37+00:00,USR_0220,insider_drift,insider_drift,insider_drift,XGBoost ML Classifier
430c1f84-48cf-4f8f-aeb6-75daca1b2658,2026-06-19 06:06:55+00:00,SRV_0970,impossible_travel,impossible_travel,impossible_travel,Rule Override: geo_velocity_kmh > 900 km/h AND geo_distance > 500 km
d0f1ab69-3925-4d26-8f84-5ccda48e973a,2026-06-19 06:25:32+00:00,SRV_0184,impossible_travel,impossible_travel,impossible_travel,Rule Override: geo_velocity_kmh > 900 km/h AND geo_distance > 500 km
64c69dbe-b5f8-4d65-9618-16a0e8fa82f7,2026-06-19 07:27:53+00:00,SRV_0640,normal,unknown,unknown,XGBoost ML Classifier
e1367906-8bb5-451e-8bc9-55497c24056c,2026-06-19 07:41:07+00:00,SRV_0461,normal,unknown,unknown,XGBoost ML Classifier
01118155-e72f-431e-9cbf-da5e6999569c,2026-06-19 07:50:48+00:00,USR_0822,impossible_travel,impossible_travel,impossible_travel,Rule Override: geo_velocity_kmh > 900 km/h AND geo_distance > 500 km
276f2a29-25a0-4d2f-a472-53f480d06ffe,2026-06-19 08:32:03+00:00,USR_0488,impossible_travel,impossible_travel,impossible_travel,Rule Override: geo_velocity_kmh > 900 km/h AND geo_distance > 500 km
6ec3ca9e-895d-4bfc-bffd-35ae6d531d16,2026-06-19 09:34:49+00:00,USR_0585,impossible_travel,impossible_travel,impossible_travel,Rule Override: geo_velocity_kmh > 900 km/h AND geo_distance > 500 km
6153d1ad-ad49-426f-a99e-9ca2e7951d8d,2026-06-19 09:42:21+00:00,USR_0730,normal,unknown,lateral_movement,XGBoost ML Classifier
08299aa3-4737-4ecf-b5d7-2445d1f21da1,2026-06-19 09:43:47+00:00,USR_0292,impossible_travel,impossible_travel,impossible_travel,Rule Override: geo_velocity_kmh > 900 km/h AND geo_distance > 500 km
179a8948-bdaf-4fb0-a8a7-b69b03d4f7ba,2026-06-19 09:47:08+00:00,DEV_0534,normal,unknown,unknown,XGBoost ML Classifier
ea7e6526-da98-4bb5-887b-209c0878b406,2026-06-19 10:25:25+00:00,USR_0155,normal,unknown,unknown,XGBoost ML Classifier
10a90c0f-9f5b-4ac3-bd13-b9ea9c597dc5,2026-06-19 10:29:44+00:00,SRV_0312,normal,unknown,unknown,XGBoost ML Classifier
f42a4975-1166-4455-a225-37c1254e8b75,2026-06-19 10:35:30+00:00,DEV_0902,normal,unknown,unknown,XGBoost ML Classifier
f79bd1b8-2b13-448a-aad4-bffbf2a5b337,2026-06-19 10:42:13+00:00,USR_0708,normal,unknown,lateral_movement,XGBoost ML Classifier
e63003b2-90dd-4022-a7e7-b30d76562a88,2026-06-19 10:48:31+00:00,DEV_0164,normal,unknown,unknown,XGBoost ML Classifier
f40aca05-acf3-4ac5-8510-65ec491d2981,2026-06-19 11:02:43+00:00,SRV_0232,impossible_travel,impossible_travel,impossible_travel,Rule Override: geo_velocity_kmh > 900 km/h AND geo_distance > 500 km
0c9370de-375c-42b1-a019-f656c0a9236a,2026-06-19 11:11:22+00:00,USR_0985,normal,unknown,unknown,XGBoost ML Classifier
38205e9b-fedc-46f6-aac8-da233a66a341,2026-06-19 11:15:09+00:00,SRV_0480,normal,unknown,unknown,XGBoost ML Classifier
80fbb7cf-bec3-44e6-be84-e8eb648cff97,2026-06-19 11:17:53+00:00,USR_0545,normal,unknown,unknown,XGBoost ML Classifier
57666670-1732-4a05-bcb2-39b0b037cdfc,2026-06-19 11:24:45+00:00,SRV_0963,normal,unknown,unknown,XGBoost ML Classifier
459b9f0c-243a-4ebd-a167-ffc09d8f2aad,2026-06-19 11:34:55+00:00,DEV_0332,normal,unknown,unknown,XGBoost ML Classifier
1605d38d-3e15-4a25-9107-c678d6192418,2026-06-19 11:52:24+00:00,USR_0045,normal,unknown,insider_drift,XGBoost ML Classifier
a522ceb0-eb30-4b6d-a84b-44b4ce8b4451,2026-06-19 11:55:46+00:00,USR_0367,insider_drift,insider_drift,insider_drift,XGBoost ML Classifier
baa804bf-917c-4458-b119-e9f61a70f836,2026-06-19 11:57:15+00:00,SRV_0591,normal,unknown,unknown,XGBoost ML Classifier
83b610f9-c8ee-4cb6-847e-0bc599d31d42,2026-06-19 11:59:59+00:00,USR_0722,impossible_travel,impossible_travel,impossible_travel,Rule Override: geo_velocity_kmh > 900 km/h AND geo_distance > 500 km
f731f6bd-1d05-4e55-8eea-8190c6b03236,2026-06-19 12:00:38+00:00,USR_0905,impossible_travel,impossible_travel,impossible_travel,Rule Override: geo_velocity_kmh > 900 km/h AND geo_distance > 500 km
3b732913-9df6-48fa-be57-7239264a924d,2026-06-19 12:08:20+00:00,DEV_0820,normal,unknown,unknown,XGBoost ML Classifier
4b4a42bf-9923-4c60-97a3-1621ff63cc6a,2026-06-19 12:23:31+00:00,USR_0132,normal,unknown,unknown,XGBoost ML Classifier
148b7acb-be7f-45e3-9ed4-e65251da5a70,2026-06-19 12:24:54+00:00,USR_0331,impossible_travel,impossible_travel,impossible_travel,Rule Override: geo_velocity_kmh > 900 km/h AND geo_distance > 500 km
a26833e0-fdfb-4a45-9dac-0c99a6f1211f,2026-06-19 12:55:08+00:00,SRV_0184,normal,unknown,unknown,XGBoost ML Classifier
23ad5fb5-aa2d-487b-963b-43414a8d4c43,2026-06-19 13:15:46+00:00,USR_0400,normal,unknown,unknown,XGBoost ML Classifier
894eddda-5270-466e-ac8c-8727ee2cf517,2026-06-19 13:32:19+00:00,USR_0247,impossible_travel,impossible_travel,impossible_travel,Rule Override: geo_velocity_kmh > 900 km/h AND geo_distance > 500 km
54cad1f3-c3ed-462d-8589-c7f80c3ca13b,2026-06-19 13:36:06+00:00,USR_0730,device_spoofing,device_spoofing,device_spoofing,XGBoost ML Classifier
964cf969-b50a-40cf-ab2e-98260d025e9f,2026-06-19 13:40:21+00:00,USR_0829,impossible_travel,impossible_travel,impossible_travel,Rule Override: geo_velocity_kmh > 900 km/h AND geo_distance > 500 km
53d5f55e-80fc-4720-9b76-51b18d898979,2026-06-19 13:40:37+00:00,SRV_0728,normal,unknown,unknown,XGBoost ML Classifier
8bceb3ea-c0ec-4fbd-bbcd-f8bda4459d7e,2026-06-19 13:45:54+00:00,SRV_0128,normal,unknown,unknown,XGBoost ML Classifier
b11a2ef2-28f3-4dbb-82bd-dba37c11e49a,2026-06-19 13:58:42+00:00,USR_0772,impossible_travel,impossible_travel,impossible_travel,Rule Override: geo_velocity_kmh > 900 km/h AND geo_distance > 500 km
46036cb2-14b7-4311-8748-583af7c5cda9,2026-06-19 14:07:17+00:00,USR_0217,impossible_travel,impossible_travel,impossible_travel,Rule Override: geo_velocity_kmh > 900 km/h AND geo_distance > 500 km
545c3dfc-3bc6-4e7e-9eef-5705f10c51bd,2026-06-19 14:08:03+00:00,SRV_0018,normal,unknown,unknown,XGBoost ML Classifier
ee6b27ff-91e1-451c-8e9b-5e4449259afd,2026-06-19 14:34:56+00:00,USR_0347,normal,unknown,unknown,XGBoost ML Classifier
7c4f22c4-5e47-4db9-99d2-6c978c4106f2,2026-06-19 14:41:42+00:00,USR_0730,impossible_travel,impossible_travel,impossible_travel,Rule Override: geo_velocity_kmh > 900 km/h AND geo_distance > 500 km
98265923-15b5-4c07-bd58-c3d8ad342dc9,2026-06-19 14:41:54+00:00,USR_0345,impossible_travel,impossible_travel,impossible_travel,Rule Override: geo_velocity_kmh > 900 km/h AND geo_distance > 500 km
e2e54739-4c16-4ffe-b6ae-e1ace7c5f15a,2026-06-19 14:56:57+00:00,DEV_0588,normal,unknown,unknown,XGBoost ML Classifier
f64a03d9-b2c1-49e8-bc62-c96f1af6fbbb,2026-06-19 14:58:13+00:00,USR_0346,insider_drift,insider_drift,insider_drift,XGBoost ML Classifier
a8dfda24-ec47-4249-a3d7-09ca0eaf3b28,2026-06-19 14:58:43+00:00,SRV_0457,normal,unknown,unknown,XGBoost ML Classifier
46c28b1b-d830-4558-9b51-e9a32a01fe54,2026-06-19 15:03:23+00:00,USR_0041,normal,unknown,unknown,XGBoost ML Classifier
6cca7add-3669-4d75-89a9-2e45663b623f,2026-06-19 15:18:15+00:00,SRV_0477,normal,unknown,unknown,XGBoost ML Classifier
97543d35-4989-4548-84b5-26bf98558ffa,2026-06-19 15:28:07+00:00,DEV_0084,normal,unknown,unknown,XGBoost ML Classifier
181105d7-2d6b-4154-89b8-57c39942b83d,2026-06-19 15:42:33+00:00,SRV_0191,impossible_travel,impossible_travel,impossible_travel,Rule Override: geo_velocity_kmh > 900 km/h AND geo_distance > 500 km
af1a55e9-5552-49c2-8349-63181b0fe8d9,2026-06-19 15:51:53+00:00,USR_0139,impossible_travel,impossible_travel,impossible_travel,Rule Override: geo_velocity_kmh > 900 km/h AND geo_distance > 500 km
5d46fdf4-291f-4ce1-89fa-982a001f6aba,2026-06-19 16:16:21+00:00,DEV_0820,normal,unknown,unknown,XGBoost ML Classifier
0f060faf-cd68-4d28-a2fb-8cb656c68b74,2026-06-19 16:35:10+00:00,USR_0549,impossible_travel,impossible_travel,impossible_travel,Rule Override: geo_velocity_kmh > 900 km/h AND geo_distance > 500 km
e48e784f-d73a-425f-8881-a58ff6b25024,2026-06-19 16:57:42+00:00,USR_0846,insider_drift,insider_drift,insider_drift,XGBoost ML Classifier
be18a6fa-7377-4c4f-9c6c-cce54dc8122a,2026-06-19 17:05:44+00:00,DEV_0485,normal,unknown,unknown,XGBoost ML Classifier
dda23b30-43ea-43ff-b873-952eee0ae212,2026-06-19 17:05:48+00:00,USR_0846,normal,unknown,unknown,XGBoost ML Classifier
48ebef94-3a4d-4644-9970-272c8b11cbaf,2026-06-19 17:13:51+00:00,DEV_0877,normal,unknown,unknown,XGBoost ML Classifier
e3d149b1-f15c-40db-bc32-41a346ee2dcd,2026-06-19 17:25:08+00:00,USR_0631,impossible_travel,impossible_travel,impossible_travel,Rule Override: geo_velocity_kmh > 900 km/h AND geo_distance > 500 km
5143e33e-882b-4ff9-9b38-7b5f99112b7c,2026-06-19 17:32:08+00:00,SRV_0709,normal,unknown,unknown,XGBoost ML Classifier
03409616-7173-4c8c-bf06-716461f951be,2026-06-19 17:43:51+00:00,DEV_0873,normal,unknown,unknown,XGBoost ML Classifier
be23d02e-c310-4970-a78e-b0897589f6e7,2026-06-19 18:21:06+00:00,SRV_0128,normal,unknown,unknown,XGBoost ML Classifier
262001b7-986c-4c9f-b3d6-333ae56862a1,2026-06-19 18:38:44+00:00,DEV_0274,normal,unknown,unknown,XGBoost ML Classifier
ed194166-16fa-4210-a529-bc7721f6dcff,2026-06-19 18:49:01+00:00,SRV_0616,normal,unknown,unknown,XGBoost ML Classifier
49a7e34e-af11-4ac5-adb3-daaadc378dc1,2026-06-19 19:00:27+00:00,DEV_0593,normal,unknown,unknown,XGBoost ML Classifier
a6b65a81-c04b-4c23-8da3-3449deda707c,2026-06-19 19:04:50+00:00,DEV_0420,impossible_travel,impossible_travel,impossible_travel,Rule Override: geo_velocity_kmh > 900 km/h AND geo_distance > 500 km
956a31cd-2b0c-4fa5-a3da-74389a8c1622,2026-06-19 19:10:46+00:00,DEV_0368,normal,unknown,unknown,XGBoost ML Classifier
3e274e8d-01b2-4deb-8eab-f13259039c3d,2026-06-19 19:17:37+00:00,DEV_0951,normal,unknown,unknown,XGBoost ML Classifier
0c0f9fb5-bb06-47d0-938d-c2ffa48a003c,2026-06-19 19:20:08+00:00,USR_0892,impossible_travel,impossible_travel,impossible_travel,Rule Override: geo_velocity_kmh > 900 km/h AND geo_distance > 500 km
d8d6fada-0d28-4deb-a7f3-83af03da6830,2026-06-19 19:40:56+00:00,USR_0463,normal,unknown,unknown,XGBoost ML Classifier
7ba213ed-cd0a-4d5f-b5e3-5058e4c6750d,2026-06-19 19:48:52+00:00,USR_0667,insider_drift,insider_drift,insider_drift,XGBoost ML Classifier
d899b630-8ed5-4190-bf40-a1e07f224265,2026-06-19 20:29:35+00:00,SRV_0404,normal,unknown,unknown,XGBoost ML Classifier
49f97115-c2e9-49fe-bd35-f4e0acd055e0,2026-06-19 20:52:40+00:00,SRV_0162,normal,unknown,unknown,XGBoost ML Classifier
245e3e35-aea0-42cb-8354-84bc8506220e,2026-06-19 21:50:11+00:00,SRV_0131,normal,unknown,unknown,XGBoost ML Classifier
4b21890e-0d46-4ad2-b2c9-d9267b286443,2026-06-19 22:22:43+00:00,SRV_0128,normal,unknown,unknown,XGBoost ML Classifier
40a871ab-8a9a-41c0-88b3-bc563654356d,2026-06-19 22:53:01+00:00,SRV_0616,impossible_travel,impossible_travel,impossible_travel,Rule Override: geo_velocity_kmh > 900 km/h AND geo_distance > 500 km
932b64ba-1628-40dd-a8a7-062fa69afe88,2026-06-19 23:59:24+00:00,DEV_0260,normal,unknown,unknown,XGBoost ML Classifier
3336a448-0f6e-4fcc-b005-5c30df3c9901,2026-06-19 23:59:24+00:00,DEV_0876,normal,unknown,unknown,XGBoost ML Classifier
5e59ce16-06ef-45eb-aa4b-b645cbc16b4b,2026-06-19 23:59:26.244000+00:00,SRV_0129,normal,unknown,unknown,XGBoost ML Classifier
984b5db8-93fc-4667-86d5-5e819a8864e3,2026-06-20 00:00:00+00:00,SRV_0477,normal,unknown,unknown,XGBoost ML Classifier
ef0cb10d-7c76-4d1a-ba2e-bc4471297561,2026-06-20 00:00:00+00:00,SRV_0161,normal,unknown,unknown,XGBoost ML Classifier
c88ce691-541d-4c0c-b9c2-9958d3cd14a1,2026-06-20 00:00:02.097000+00:00,DEV_0947,normal,unknown,unknown,XGBoost ML Classifier
200f11a6-fb0d-490d-bd95-128f553d9e41,2026-06-20 00:06:24+00:00,USR_0308,impossible_travel,impossible_travel,impossible_travel,Rule Override: geo_velocity_kmh > 900 km/h AND geo_distance > 500 km
8d9930e8-24e5-48c1-87b2-bb27c7975136,2026-06-20 00:09:00+00:00,DEV_0632,impossible_travel,impossible_travel,impossible_travel,Rule Override: geo_velocity_kmh > 900 km/h AND geo_distance > 500 km
fb5a6997-079e-4c82-b0c9-519a651c13fb,2026-06-20 00:10:24+00:00,SRV_0782,impossible_travel,impossible_travel,impossible_travel,Rule Override: geo_velocity_kmh > 900 km/h AND geo_distance > 500 km
e391cc03-b997-467d-9c42-a4eb30caefef,2026-06-20 01:22:33+00:00,USR_0249,low_slow_exfil,low_slow_exfil,low_slow_exfil,XGBoost ML Classifier
931e8b91-ee17-4c0b-bb18-fca0ec168f75,2026-06-20 02:12:20+00:00,DEV_0311,normal,unknown,unknown,XGBoost ML Classifier
cdd2279e-1e48-431b-9888-cff3241aaf40,2026-06-20 02:19:52+00:00,USR_0346,low_slow_exfil,low_slow_exfil,low_slow_exfil,XGBoost ML Classifier
16c7e2f4-9a6f-4ee9-835b-ede13497cba6,2026-06-20 02:40:23+00:00,USR_0954,low_slow_exfil,low_slow_exfil,low_slow_exfil,XGBoost ML Classifier
18d9e6cd-8c14-4378-9012-d0315b299fef,2026-06-20 02:42:03+00:00,USR_0249,low_slow_exfil,low_slow_exfil,low_slow_exfil,XGBoost ML Classifier
b1105672-2c37-4191-acfd-71e2639edac6,2026-06-20 02:54:05+00:00,DEV_0932,normal,unknown,unknown,XGBoost ML Classifier
4ad9fe0d-d5cd-4c87-8b89-53f2d46880f0,2026-06-20 03:08:54+00:00,SRV_0314,normal,unknown,unknown,XGBoost ML Classifier
6e640b32-d2c6-4bdd-9a60-8f2aa1c02f6d,2026-06-20 03:13:06+00:00,USR_0257,low_slow_exfil,low_slow_exfil,low_slow_exfil,XGBoost ML Classifier
d4161a22-a12c-4978-8220-4aa05f7346fd,2026-06-20 03:38:18+00:00,DEV_0326,normal,unknown,unknown,XGBoost ML Classifier
e2b58478-1237-437f-85d0-fe98c25e481f,2026-06-20 03:50:05+00:00,USR_0954,low_slow_exfil,low_slow_exfil,low_slow_exfil,XGBoost ML Classifier
9fc29f90-75e4-47e5-a583-63d45eb66b60,2026-06-20 03:52:43+00:00,USR_0466,low_slow_exfil,low_slow_exfil,low_slow_exfil,XGBoost ML Classifier
8481101b-21df-4fd4-b46d-dd5aa544d92b,2026-06-20 03:55:45+00:00,USR_0249,low_slow_exfil,low_slow_exfil,low_slow_exfil,XGBoost ML Classifier
34de440d-bfed-4f53-9e07-63cd18e8aacb,2026-06-20 03:55:48+00:00,SRV_0086,normal,unknown,unknown,XGBoost ML Classifier
75b9960b-5f6d-40a7-8df1-ef03884d7767,2026-06-20 04:46:46+00:00,DEV_0253,normal,unknown,unknown,XGBoost ML Classifier
e2aa10e1-f61d-418a-aa08-6732ec98e416,2026-06-20 05:04:12.732300+00:00,USR_0833,lateral_movement,lateral_movement,lateral_movement,XGBoost ML Classifier
316746e2-8f05-4456-92e7-9618eacabf2e,2026-06-20 05:04:31.003701+00:00,USR_0833,lateral_movement,lateral_movement,lateral_movement,XGBoost ML Classifier
d74d3087-7925-405c-b59e-6ac10ae4095f,2026-06-20 05:07:11.668263+00:00,USR_0833,lateral_movement,lateral_movement,lateral_movement,XGBoost ML Classifier
63726573-5204-4617-9665-5e4c1b14f37f,2026-06-20 05:07:40.276966+00:00,USR_0833,lateral_movement,lateral_movement,lateral_movement,XGBoost ML Classifier
d6cea1ea-13bc-4782-bdf4-169ffb213884,2026-06-20 05:14:19+00:00,SRV_0242,impossible_travel,impossible_travel,impossible_travel,Rule Override: geo_velocity_kmh > 900 km/h AND geo_distance > 500 km
38ec220f-38dc-4ab4-bd51-7c06fb876c29,2026-06-20 05:47:58+00:00,SRV_0457,normal,unknown,unknown,XGBoost ML Classifier
2f606cc4-c6e7-4e0f-85b7-69f736ac808a,2026-06-20 05:52:40+00:00,SRV_0819,normal,unknown,unknown,XGBoost ML Classifier
adbb8c53-f37d-4bc6-8fd3-0eef7e9910c3,2026-06-20 05:55:06+00:00,USR_0800,insider_drift,insider_drift,insider_drift,XGBoost ML Classifier
b1f9f779-e502-4e74-b0a7-30fc81ad0c76,2026-06-20 06:07:06+00:00,DEV_0384,normal,unknown,unknown,XGBoost ML Classifier
67f42e12-ecc8-4072-bf82-72492c97007a,2026-06-20 06:11:35+00:00,SRV_0301,normal,unknown,unknown,XGBoost ML Classifier
033a8803-dcfd-4763-ada3-7c64cbf7453a,2026-06-20 06:24:27+00:00,DEV_0414,normal,unknown,unknown,XGBoost ML Classifier
3270de73-0131-4959-ab5d-7e43aa2ed1ba,2026-06-20 06:31:10+00:00,SRV_0358,normal,unknown,unknown,XGBoost ML Classifier
876647c1-886a-4473-a500-55d78783d3f4,2026-06-20 06:52:49+00:00,DEV_0799,normal,unknown,unknown,XGBoost ML Classifier
e96130b7-0052-43ce-9e04-9753a2bb9e3e,2026-06-20 07:05:37+00:00,DEV_0311,impossible_travel,impossible_travel,impossible_travel,Rule Override: geo_velocity_kmh > 900 km/h AND geo_distance > 500 km
0ae446ad-08e7-4a56-a458-d302a68f5147,2026-06-20 07:26:45+00:00,DEV_0420,normal,unknown,unknown,XGBoost ML Classifier
930614b1-d06d-4cd5-a5ca-54253f6acf24,2026-06-20 07:32:19+00:00,DEV_0368,normal,unknown,unknown,XGBoost ML Classifier
7b09f858-0630-40e8-a5e3-9aa2cdb1f508,2026-06-20 07:33:39+00:00,SRV_0207,normal,unknown,unknown,XGBoost ML Classifier
69a70f39-6ab6-49d1-a7b1-93a2081a8dae,2026-06-20 07:52:39+00:00,SRV_0743,normal,unknown,unknown,XGBoost ML Classifier
ce013f76-8d17-4297-9405-545f5b62b777,2026-06-20 08:01:02+00:00,DEV_0420,normal,unknown,unknown,XGBoost ML Classifier
991598af-92ff-4c31-ad18-33c270bc0580,2026-06-20 09:07:50+00:00,SRV_0293,normal,unknown,unknown,XGBoost ML Classifier
a5203cef-c529-41ef-aad5-3ea6b2d8d811,2026-06-20 09:41:19+00:00,SRV_0550,impossible_travel,impossible_travel,impossible_travel,Rule Override: geo_velocity_kmh > 900 km/h AND geo_distance > 500 km
d41745f9-5584-4f46-8cf4-864be2f8f2bb,2026-06-20 10:55:44+00:00,DEV_0065,normal,unknown,unknown,XGBoost ML Classifier
0ec9cf72-692f-4f1c-b1cb-d0a43c1e6198,2026-06-20 11:10:52+00:00,DEV_0137,normal,unknown,unknown,XGBoost ML Classifier
1c156579-6144-4096-a158-5928affd9440,2026-06-20 11:59:04+00:00,SRV_0797,normal,unknown,unknown,XGBoost ML Classifier
ebbffe0d-0067-4c83-ba92-e0a9ba044122,2026-06-20 12:14:16+00:00,DEV_0429,normal,unknown,unknown,XGBoost ML Classifier
0680eccf-8168-4471-9a9c-2f7820e8f499,2026-06-20 12:16:40+00:00,USR_0443,impossible_travel,impossible_travel,impossible_travel,Rule Override: geo_velocity_kmh > 900 km/h AND geo_distance > 500 km
99c7f31d-d0c3-4901-bb73-0fe3305f8385,2026-06-20 12:39:13+00:00,SRV_0697,normal,unknown,unknown,XGBoost ML Classifier
a34bc7c0-b312-4825-9bb5-1c88ff6ec7b4,2026-06-20 13:14:04+00:00,USR_0687,insider_drift,insider_drift,insider_drift,XGBoost ML Classifier
44f530b9-ae04-469a-8b0e-a53168a5e526,2026-06-20 13:18:33.597758+00:00,USR_0852,lateral_movement,lateral_movement,lateral_movement,XGBoost ML Classifier
14111d69-10ef-430e-95d3-4b0fd1262958,2026-06-20 13:30:18+00:00,SRV_0462,normal,unknown,unknown,XGBoost ML Classifier
2ca72048-87be-4263-8fdd-e999c767675f,2026-06-20 14:31:00+00:00,USR_0567,insider_drift,insider_drift,insider_drift,XGBoost ML Classifier
e843af02-4644-483b-b8b9-90cd4838feb6,2026-06-20 14:37:24+00:00,SRV_0640,normal,unknown,unknown,XGBoost ML Classifier
0a2c3700-0691-4dea-81c6-44376859ce7d,2026-06-20 15:20:11+00:00,DEV_0368,normal,unknown,unknown,XGBoost ML Classifier
5efe5af2-61d3-4518-9dd0-2a8af8c536e3,2026-06-20 16:22:21+00:00,SRV_0936,normal,unknown,unknown,XGBoost ML Classifier
1f20d778-05ee-487c-b4c0-2d4ef13aa77c,2026-06-20 16:24:25+00:00,DEV_0932,normal,unknown,unknown,XGBoost ML Classifier
8179d977-aa21-4c2c-ad6c-483562307115,2026-06-20 16:32:52+00:00,DEV_0593,impossible_travel,impossible_travel,impossible_travel,Rule Override: geo_velocity_kmh > 900 km/h AND geo_distance > 500 km
b4bf33cf-15c5-46fb-8069-cf1c8ace331a,2026-06-20 17:02:48+00:00,SRV_0728,normal,unknown,unknown,XGBoost ML Classifier
0d05c3aa-e00e-4e7c-af0d-0dbb6303d6f7,2026-06-20 17:11:59+00:00,USR_0218,insider_drift,insider_drift,insider_drift,XGBoost ML Classifier
116eab98-cd28-4519-b4c1-00d24b55639a,2026-06-20 17:20:16+00:00,DEV_0311,normal,unknown,unknown,XGBoost ML Classifier
19699ae0-a00c-4427-9744-39b9125d5b8b,2026-06-20 17:26:47+00:00,SRV_0081,normal,unknown,unknown,XGBoost ML Classifier
31d790a9-9108-44f8-8ed3-5f7a38aca3fd,2026-06-20 18:36:50+00:00,DEV_0260,normal,unknown,unknown,XGBoost ML Classifier
c68080fd-4705-470e-b577-635f7041af67,2026-06-20 18:54:48+00:00,SRV_0525,normal,unknown,unknown,XGBoost ML Classifier
2a925a41-5eb2-4638-8824-c275ef484a55,2026-06-20 19:47:36+00:00,SRV_0798,normal,unknown,unknown,XGBoost ML Classifier
60bca64f-b9f3-47e5-911d-defa1a766be9,2026-06-20 20:07:25+00:00,SRV_0477,normal,unknown,unknown,XGBoost ML Classifier
cb544354-70d9-4a0d-b206-0f2771573269,2026-06-20 20:28:55+00:00,DEV_0260,normal,unknown,unknown,XGBoost ML Classifier
11b0341f-ff88-4592-8e11-9eced89f036b,2026-06-20 20:45:56+00:00,SRV_0131,normal,unknown,unknown,XGBoost ML Classifier
5bc95adc-bea1-437e-b4ed-24cd436beb0d,2026-06-20 22:47:02+00:00,DEV_0327,impossible_travel,impossible_travel,impossible_travel,Rule Override: geo_velocity_kmh > 900 km/h AND geo_distance > 500 km
3b5ff718-fcd0-442a-92f1-3ac47a4a6507,2026-06-20 23:32:54+00:00,SRV_0191,normal,unknown,unknown,XGBoost ML Classifier
cb3a0d77-a452-4301-bdd4-60b19d9ad1e6,2026-06-20 23:59:24+00:00,SRV_0458,normal,unknown,unknown,XGBoost ML Classifier
b086423a-4939-44c3-b1fb-51d63a4f7e82,2026-06-20 23:59:24+00:00,DEV_0593,normal,unknown,unknown,XGBoost ML Classifier
dfe3254d-f154-4a08-9517-12ef161a92f3,2026-06-20 23:59:33.091000+00:00,DEV_0876,normal,unknown,unknown,XGBoost ML Classifier
9805fca5-9bcf-471c-9689-670ff92dcd2b,2026-06-21 00:00:06.626000+00:00,SRV_0823,normal,unknown,unknown,XGBoost ML Classifier
66e809a2-04df-43c2-8609-150c5f3d42be,2026-06-21 00:05:24+00:00,DEV_0877,impossible_travel,impossible_travel,impossible_travel,Rule Override: geo_velocity_kmh > 900 km/h AND geo_distance > 500 km
d15f2a55-8fe7-400a-8146-8e84cea99470,2026-06-21 00:17:24+00:00,SRV_0284,impossible_travel,impossible_travel,impossible_travel,Rule Override: geo_velocity_kmh > 900 km/h AND geo_distance > 500 km
9b41e160-93f0-4b4a-8ee6-1c727baf0416,2026-06-21 01:42:40+00:00,DEV_0485,normal,unknown,unknown,XGBoost ML Classifier
54eab365-f9ee-438d-af0c-cbb22d0d812b,2026-06-21 01:55:21+00:00,SRV_0630,normal,unknown,unknown,XGBoost ML Classifier
3141efd1-ef67-41a2-97e8-e5bf0bc34626,2026-06-21 01:57:05+00:00,USR_0466,low_slow_exfil,low_slow_exfil,low_slow_exfil,XGBoost ML Classifier
b5fda517-1573-4a56-9ee7-9db4e937458e,2026-06-21 02:18:43+00:00,USR_0954,low_slow_exfil,low_slow_exfil,low_slow_exfil,XGBoost ML Classifier
65a1b128-8b8c-4522-b2bc-b1463d92911c,2026-06-21 02:21:32+00:00,USR_0249,low_slow_exfil,low_slow_exfil,low_slow_exfil,XGBoost ML Classifier
eb9b5bff-61eb-453b-bc98-f4332c0155bd,2026-06-21 02:31:29+00:00,DEV_0655,impossible_travel,impossible_travel,impossible_travel,Rule Override: geo_velocity_kmh > 900 km/h AND geo_distance > 500 km
e8b495d3-2e9b-427b-8057-4d63e8aa994e,2026-06-21 03:03:41+00:00,DEV_0212,normal,unknown,unknown,XGBoost ML Classifier
df3f8825-e0f2-47b9-b456-c0f018e0e218,2026-06-21 03:03:48+00:00,USR_0249,low_slow_exfil,low_slow_exfil,low_slow_exfil,XGBoost ML Classifier
bcd7de7b-e658-4c8d-a06a-323005f673fb,2026-06-21 03:07:58+00:00,USR_0257,low_slow_exfil,low_slow_exfil,low_slow_exfil,XGBoost ML Classifier
438001e2-2a90-4834-8007-4e5f08afd595,2026-06-21 03:10:35+00:00,DEV_0593,normal,unknown,unknown,XGBoost ML Classifier
13901c74-337c-4da3-94c8-1f40681f9a03,2026-06-21 03:13:37+00:00,USR_0346,low_slow_exfil,low_slow_exfil,low_slow_exfil,XGBoost ML Classifier
e2eaeeeb-bad9-4a46-aabf-b3a44d7d13b3,2026-06-21 03:36:23+00:00,DEV_0416,normal,unknown,unknown,XGBoost ML Classifier
0edc1850-0acd-46f2-a243-aaaac49441a4,2026-06-21 03:45:13+00:00,DEV_0632,normal,unknown,unknown,XGBoost ML Classifier
35bfe7e1-4372-4184-af0b-f5d4c7e424df,2026-06-21 04:02:05+00:00,SRV_0372,normal,unknown,unknown,XGBoost ML Classifier
208ced7b-1e93-4af5-93c8-0deb844b1636,2026-06-21 04:28:12+00:00,SRV_0489,impossible_travel,impossible_travel,impossible_travel,Rule Override: geo_velocity_kmh > 900 km/h AND geo_distance > 500 km
d0065689-cee3-4b90-8d42-121dee397ddf,2026-06-21 04:40:52+00:00,DEV_0703,normal,unknown,unknown,XGBoost ML Classifier
63f9ecaa-fc9b-44ba-bc0d-6ef8624b4518,2026-06-21 05:10:41+00:00,SRV_0312,normal,unknown,unknown,XGBoost ML Classifier
cc04b726-5463-4b30-a64e-a5ca457f383b,2026-06-21 05:20:18+00:00,SRV_0908,impossible_travel,impossible_travel,impossible_travel,Rule Override: geo_velocity_kmh > 900 km/h AND geo_distance > 500 km
dde89eff-243b-484a-ba9b-11e88fffed79,2026-06-21 05:48:36+00:00,DEV_0799,normal,unknown,unknown,XGBoost ML Classifier
ecf017fa-415b-46f8-bc33-e9a3e1b18511,2026-06-21 05:49:54+00:00,SRV_0372,normal,unknown,unknown,XGBoost ML Classifier
d3fe7d59-2a79-4b22-8977-bd85ec23df57,2026-06-21 05:50:50+00:00,DEV_0444,normal,unknown,unknown,XGBoost ML Classifier
e8eae147-793c-41b6-8dd2-12d265dc1e36,2026-06-21 06:05:59+00:00,SRV_0457,normal,unknown,unknown,XGBoost ML Classifier
2e9cc06a-d55f-45ca-8ee2-0788d43de522,2026-06-21 06:43:50.019213+00:00,USR_0381,lateral_movement,lateral_movement,lateral_movement,XGBoost ML Classifier
67d90dcd-feb6-4cc2-8c7f-2ca1b02534b3,2026-06-21 06:53:23+00:00,DEV_0416,normal,unknown,unknown,XGBoost ML Classifier
7493bd1a-485d-4fdd-a538-cb270635109f,2026-06-21 07:12:30+00:00,DEV_0951,normal,unknown,unknown,XGBoost ML Classifier
ae150dc4-3588-4fc1-a5f0-503296c3fdf8,2026-06-21 07:33:57+00:00,SRV_0404,normal,unknown,unknown,XGBoost ML Classifier
eda44f38-ae6c-465b-ab21-b00ecaad3ef3,2026-06-21 07:36:29+00:00,USR_0656,impossible_travel,impossible_travel,impossible_travel,Rule Override: geo_velocity_kmh > 900 km/h AND geo_distance > 500 km
dd22712d-77f0-42f7-b399-d7c60acc5637,2026-06-21 07:40:11+00:00,SRV_0477,normal,unknown,unknown,XGBoost ML Classifier
45a521ba-c1cb-425a-8c66-42532217bc59,2026-06-21 07:53:28+00:00,DEV_0685,normal,unknown,unknown,XGBoost ML Classifier
e2336b9e-ccd8-4bd1-8a2e-126cf5dac3db,2026-06-21 08:15:00+00:00,DEV_0857,impossible_travel,impossible_travel,impossible_travel,Rule Override: geo_velocity_kmh > 900 km/h AND geo_distance > 500 km
e2c0d715-e3c0-4d01-83a3-6116e0bd0929,2026-06-21 08:35:16+00:00,USR_0388,impossible_travel,impossible_travel,impossible_travel,Rule Override: geo_velocity_kmh > 900 km/h AND geo_distance > 500 km
a8ac9ee5-91bb-4b11-9a6b-682dab7c868c,2026-06-21 08:43:32+00:00,SRV_0923,normal,unknown,unknown,XGBoost ML Classifier
1d3761bc-9916-4636-9641-339c642b5480,2026-06-21 09:24:02+00:00,DEV_0065,normal,unknown,unknown,XGBoost ML Classifier
36e0a7ea-0d09-42b7-aec9-e9831135b9f9,2026-06-21 09:39:46+00:00,SRV_0645,normal,unknown,unknown,XGBoost ML Classifier
b00a99e2-45a3-4772-bad3-823dac52d98c,2026-06-21 09:41:39+00:00,DEV_0873,normal,unknown,unknown,XGBoost ML Classifier
1435ff9e-1b77-4d3f-920d-e9d6002bc1d1,2026-06-21 10:19:08+00:00,SRV_0001,normal,unknown,unknown,XGBoost ML Classifier
e1077bd1-1552-40e1-928e-e4098ce89849,2026-06-21 10:19:48+00:00,SRV_0819,normal,unknown,unknown,XGBoost ML Classifier
ecd63d12-5b6f-4aef-96f9-7262d3a5d538,2026-06-21 10:22:23+00:00,SRV_0640,normal,unknown,unknown,XGBoost ML Classifier
f457a77a-2f1f-470f-93dd-33406bfada47,2026-06-21 10:25:18+00:00,USR_0800,insider_drift,insider_drift,insider_drift,XGBoost ML Classifier
cc1084db-5fd4-474d-90e2-9a8df754c2c2,2026-06-21 10:48:52+00:00,SRV_0697,normal,unknown,unknown,XGBoost ML Classifier
089a4456-a542-45e3-b438-6439ae4037ba,2026-06-21 10:54:43+00:00,DEV_0311,normal,unknown,unknown,XGBoost ML Classifier
af9700f0-d143-430a-9ace-781c660a992f,2026-06-21 11:15:32+00:00,DEV_0030,normal,unknown,unknown,XGBoost ML Classifier
b49465e1-c04d-41e1-85f4-dffde65c2566,2026-06-21 11:18:38+00:00,USR_0667,insider_drift,insider_drift,insider_drift,XGBoost ML Classifier
160d7643-f71b-4ab5-b717-c917dadf2e69,2026-06-21 11:35:20+00:00,DEV_0877,normal,unknown,unknown,XGBoost ML Classifier
56a97f63-c18f-41d5-a1b0-6fc54e83ef02,2026-06-21 11:42:53+00:00,USR_0367,insider_drift,insider_drift,insider_drift,XGBoost ML Classifier
d21d4f50-59f8-4e6f-8e98-f1c7fc975c69,2026-06-21 11:55:59+00:00,DEV_0862,normal,unknown,unknown,XGBoost ML Classifier
b0e8fa4a-4b55-4849-82ee-62d279ee943f,2026-06-21 11:59:12+00:00,USR_0319,insider_drift,insider_drift,insider_drift,XGBoost ML Classifier
cc48d164-56a8-4f50-9797-e3aaac413366,2026-06-21 12:16:19+00:00,USR_0070,normal,unknown,unknown,XGBoost ML Classifier
b9459e6d-fc87-4002-809c-2736f9087be0,2026-06-21 12:18:59+00:00,SRV_0641,impossible_travel,impossible_travel,impossible_travel,Rule Override: geo_velocity_kmh > 900 km/h AND geo_distance > 500 km
ab3f1b2c-86c8-4292-bd29-ff0efa44615a,2026-06-21 12:48:45+00:00,USR_0218,insider_drift,insider_drift,insider_drift,XGBoost ML Classifier
fa9b1461-be75-4ebf-9313-2657b2ce4ea8,2026-06-21 13:22:54+00:00,SRV_0372,normal,unknown,unknown,XGBoost ML Classifier
3f7b9b25-1bf0-4502-b09f-bf6a54a0ec75,2026-06-21 13:28:15+00:00,SRV_0209,normal,unknown,unknown,XGBoost ML Classifier
46ea50e1-9038-4cf6-a3a5-b88de95e757f,2026-06-21 13:50:44+00:00,DEV_0368,normal,unknown,unknown,XGBoost ML Classifier
a005d8d1-a697-436b-b4b8-a3d93e08c5ae,2026-06-21 13:54:24+00:00,SRV_0908,normal,unknown,unknown,XGBoost ML Classifier
f186265b-bfde-49e6-bae3-cbaeb44f5e43,2026-06-21 13:57:31+00:00,SRV_0314,normal,unknown,unknown,XGBoost ML Classifier
2e773286-ba34-42b3-adf7-17aa18a76cbe,2026-06-21 14:11:11+00:00,DEV_0437,normal,unknown,unknown,XGBoost ML Classifier
b31904fd-7efa-4687-96b5-8dab74bd1c9d,2026-06-21 14:12:49+00:00,DEV_0837,normal,unknown,unknown,XGBoost ML Classifier
bb260968-23a5-4176-8eaa-abbac9cd8ed7,2026-06-21 14:25:37+00:00,SRV_0693,impossible_travel,impossible_travel,impossible_travel,Rule Override: geo_velocity_kmh > 900 km/h AND geo_distance > 500 km
38d47644-af47-428a-8762-f7f7be1d04b4,2026-06-21 14:39:06+00:00,USR_0544,impossible_travel,impossible_travel,impossible_travel,Rule Override: geo_velocity_kmh > 900 km/h AND geo_distance > 500 km
d42921e2-890f-42ea-9aaa-13c091b1c46e,2026-06-21 15:50:53+00:00,USR_0910,impossible_travel,impossible_travel,impossible_travel,Rule Override: geo_velocity_kmh > 900 km/h AND geo_distance > 500 km
edcf1a8d-decc-45b6-99ad-6591ef99b332,2026-06-21 16:42:27+00:00,SRV_0934,normal,unknown,unknown,XGBoost ML Classifier
f341b9b1-0f8b-425a-b072-20b405623db1,2026-06-21 16:47:57+00:00,SRV_0207,normal,unknown,unknown,XGBoost ML Classifier
a674cfce-da0b-4845-b092-991c1da75460,2026-06-21 17:24:28+00:00,DEV_0799,normal,unknown,unknown,XGBoost ML Classifier
5b813936-5c19-4a48-90f1-ce72de658e73,2026-06-21 18:30:46+00:00,DEV_0420,normal,unknown,unknown,XGBoost ML Classifier
1a5177f8-341e-4ce5-b185-205957383c5d,2026-06-21 18:32:52+00:00,DEV_0703,normal,unknown,unknown,XGBoost ML Classifier
45dcbe2d-67fe-4684-a48c-b911f10c9b41,2026-06-21 18:34:37+00:00,USR_0175,normal,unknown,unknown,XGBoost ML Classifier
dad785e3-5fa7-47c7-a59e-8b367d4cb4ea,2026-06-21 19:01:12+00:00,SRV_0083,normal,unknown,unknown,XGBoost ML Classifier
156d1c8f-d87a-473b-b2c7-53e12fceafe0,2026-06-21 19:42:20+00:00,DEV_0294,normal,unknown,unknown,XGBoost ML Classifier
11bc21f8-e028-4365-92f4-1e90ada0c5b6,2026-06-21 19:49:53+00:00,USR_0567,insider_drift,insider_drift,insider_drift,XGBoost ML Classifier
36b937df-4729-460d-b596-867f8c23b1b8,2026-06-21 20:04:46+00:00,DEV_0890,normal,unknown,unknown,XGBoost ML Classifier
f746ffb8-ec0a-41f6-9388-0a022a20fc02,2026-06-21 22:27:36+00:00,SRV_0628,normal,unknown,unknown,XGBoost ML Classifier
6897c50b-6362-4d4b-a860-3dd8de458bfa,2026-06-21 23:17:12+00:00,USR_0704,device_spoofing,device_spoofing,device_spoofing,XGBoost ML Classifier
65e06c58-c719-4a05-bcec-e583e50c0f92,2026-06-21 23:59:24+00:00,DEV_0543,normal,unknown,unknown,XGBoost ML Classifier
fe57a396-473e-4799-a535-d28bd9e5a86a,2026-06-21 23:59:24.945000+00:00,SRV_0018,normal,unknown,unknown,XGBoost ML Classifier
f6fa2059-3aff-4d07-b739-faa918b384bd,2026-06-22 00:00:00+00:00,DEV_0294,normal,unknown,unknown,XGBoost ML Classifier
2a8c47c6-d6e6-4d17-8abf-8eed889af499,2026-06-22 00:00:02.716000+00:00,DEV_0371,normal,unknown,unknown,XGBoost ML Classifier
9bda8714-16a8-4262-b8c4-e988e165583b,2026-06-22 00:00:03.409000+00:00,SRV_0457,normal,unknown,unknown,XGBoost ML Classifier
d687bf4e-a06c-4010-9583-57b8a40a258d,2026-06-22 00:05:24+00:00,DEV_0135,impossible_travel,impossible_travel,impossible_travel,Rule Override: geo_velocity_kmh > 900 km/h AND geo_distance > 500 km
d7745c52-f681-41e2-a3ff-b20e4e330cfc,2026-06-22 00:34:28+00:00,USR_0719,device_spoofing,device_spoofing,device_spoofing,XGBoost ML Classifier
6daff752-aaad-4016-bd94-58bc18a4ca0a,2026-06-22 00:35:28+00:00,USR_0719,device_spoofing,device_spoofing,device_spoofing,XGBoost ML Classifier
b07fa450-9ccb-4c56-89a0-e0b5118426a0,2026-06-22 01:01:16+00:00,USR_0249,low_slow_exfil,low_slow_exfil,low_slow_exfil,XGBoost ML Classifier
d14f85ea-b036-45a3-8f8f-b9549aa019b5,2026-06-22 01:11:29+00:00,SRV_0358,normal,unknown,unknown,XGBoost ML Classifier
ff5aaa60-4c23-41ca-a482-fb2eb8eeaa5d,2026-06-22 01:18:59+00:00,DEV_0343,normal,unknown,unknown,XGBoost ML Classifier
24b5ce7b-902f-4f59-9a02-9ffb6e752194,2026-06-22 01:27:26+00:00,DEV_0700,normal,unknown,unknown,XGBoost ML Classifier
443ee167-0998-4dac-993d-34c14163be2f,2026-06-22 01:33:59+00:00,USR_0466,low_slow_exfil,low_slow_exfil,low_slow_exfil,XGBoost ML Classifier
408d62f4-1389-4769-b035-76bd7366c312,2026-06-22 01:37:16+00:00,USR_0466,low_slow_exfil,low_slow_exfil,low_slow_exfil,XGBoost ML Classifier
bca22bf1-6734-4365-bae0-0c63bbb68903,2026-06-22 01:37:28+00:00,SRV_0919,normal,unknown,unknown,XGBoost ML Classifier
7908c633-85d2-4894-a3b8-22dedb60a801,2026-06-22 01:40:58+00:00,DEV_0212,normal,unknown,unknown,XGBoost ML Classifier
1a07f430-7a65-4990-981e-4e5b7f1ff188,2026-06-22 01:43:12+00:00,DEV_0703,normal,unknown,unknown,XGBoost ML Classifier
7bd30e01-fb70-4986-aff1-532a8b1ac18c,2026-06-22 01:45:50+00:00,DEV_0537,normal,unknown,unknown,XGBoost ML Classifier
bb0234b1-d60d-4d1e-8695-0bea5b50b4c0,2026-06-22 01:46:23+00:00,SRV_0096,impossible_travel,impossible_travel,impossible_travel,Rule Override: geo_velocity_kmh > 900 km/h AND geo_distance > 500 km
12980544-c5cd-45ec-bd9d-1c993af8770f,2026-06-22 01:58:40+00:00,USR_0346,low_slow_exfil,low_slow_exfil,low_slow_exfil,XGBoost ML Classifier
84f6f597-f8bd-4150-99af-a66f0e83d9b4,2026-06-22 02:43:01+00:00,USR_0954,low_slow_exfil,low_slow_exfil,low_slow_exfil,XGBoost ML Classifier
febae0c8-51a8-4538-874d-4fff0825f45f,2026-06-22 02:54:16+00:00,SRV_0293,normal,unknown,unknown,XGBoost ML Classifier
31000d64-a6df-4946-8cbb-6a21ad15fa89,2026-06-22 03:05:54+00:00,DEV_0326,normal,unknown,unknown,XGBoost ML Classifier
6a6dd14d-3c89-4ba3-b149-2a7e8bd29605,2026-06-22 03:08:41+00:00,DEV_0902,normal,unknown,unknown,XGBoost ML Classifier
60a993d1-1cd3-429c-aef6-20a8bea1ee24,2026-06-22 03:22:06+00:00,SRV_0426,impossible_travel,impossible_travel,impossible_travel,Rule Override: geo_velocity_kmh > 900 km/h AND geo_distance > 500 km
5a5cc2b5-5cab-4bf9-b121-6f19da4d1ccb,2026-06-22 03:58:39+00:00,USR_0249,low_slow_exfil,low_slow_exfil,low_slow_exfil,XGBoost ML Classifier
23d0ecd1-f972-4012-84f9-a9093991b43e,2026-06-22 04:24:57.247882+00:00,USR_0107,lateral_movement,lateral_movement,lateral_movement,XGBoost ML Classifier
6c59e5ad-a917-4907-8931-4bf4cec61509,2026-06-22 04:25:40.037408+00:00,USR_0107,lateral_movement,lateral_movement,lateral_movement,XGBoost ML Classifier
fc61649c-fcaa-432c-8104-4b3645b7af0e,2026-06-22 04:26:49.034219+00:00,USR_0107,lateral_movement,lateral_movement,lateral_movement,XGBoost ML Classifier
f4649746-b512-47bf-ac7f-c8bfc6550fee,2026-06-22 04:27:18.568545+00:00,USR_0107,lateral_movement,lateral_movement,lateral_movement,XGBoost ML Classifier
24d616f6-3fb3-448e-a17b-0fea22d9c043,2026-06-22 04:27:41.808970+00:00,USR_0107,lateral_movement,lateral_movement,lateral_movement,XGBoost ML Classifier
bd1e41f3-becf-41a5-9674-fa4172d6c2cb,2026-06-22 04:29:23.580393+00:00,USR_0107,lateral_movement,lateral_movement,lateral_movement,XGBoost ML Classifier
f8d96c3c-1559-4a3c-8e89-65bf2c70af20,2026-06-22 04:44:27+00:00,DEV_0676,normal,unknown,unknown,XGBoost ML Classifier
d951de07-9fd5-4560-90d8-f656a1a22bcc,2026-06-22 04:46:30+00:00,DEV_0414,normal,unknown,unknown,XGBoost ML Classifier
0c20f3f8-0e30-4a0b-bffc-e07427f5fa3e,2026-06-22 04:50:06+00:00,SRV_0970,normal,unknown,unknown,XGBoost ML Classifier
85b83e68-d157-498f-8ca2-6ce374df2186,2026-06-22 04:53:38+00:00,USR_0719,normal,unknown,unknown,XGBoost ML Classifier
48cdfd7a-27d9-46a9-91d2-fe91f67afb71,2026-06-22 05:33:23+00:00,SRV_0086,normal,unknown,unknown,XGBoost ML Classifier
aa1752d5-fb10-4cf2-9590-b63625c55746,2026-06-22 06:13:23+00:00,DEV_0485,normal,unknown,unknown,XGBoost ML Classifier
76610b48-7784-4cc7-8865-fe5c8b713e36,2026-06-22 06:22:43+00:00,DEV_0245,normal,unknown,unknown,XGBoost ML Classifier
d66b3c2c-eb33-41c6-a148-26499d35b02b,2026-06-22 06:36:23+00:00,DEV_0534,normal,unknown,unknown,XGBoost ML Classifier
e5be5902-cdce-4e31-8c15-2f8c7e9f7f1e,2026-06-22 06:42:03+00:00,SRV_0670,normal,unknown,unknown,XGBoost ML Classifier
ab20547d-06d1-4f19-99f3-39a390d72d2a,2026-06-22 07:09:56+00:00,DEV_0245,normal,unknown,unknown,XGBoost ML Classifier
d5fb3471-cad0-4cd1-9889-3b013276590f,2026-06-22 07:42:40+00:00,SRV_0670,normal,unknown,unknown,XGBoost ML Classifier
ebf2ee62-931a-4bc2-be33-a56d50253ccf,2026-06-22 07:42:54.455959+00:00,DEV_0869,lateral_movement,lateral_movement,lateral_movement,XGBoost ML Classifier
14607fc7-f61f-47ca-8e09-78f29d3ee04a,2026-06-22 07:44:08.898406+00:00,DEV_0869,lateral_movement,lateral_movement,lateral_movement,XGBoost ML Classifier
580af9bf-7388-4bdd-bc9d-72d77ab6c4ff,2026-06-22 07:53:52+00:00,USR_0860,impossible_travel,impossible_travel,impossible_travel,Rule Override: geo_velocity_kmh > 900 km/h AND geo_distance > 500 km
8fb4961d-f949-4f12-873f-02693a246b73,2026-06-22 08:16:04+00:00,USR_0739,impossible_travel,impossible_travel,impossible_travel,Rule Override: geo_velocity_kmh > 900 km/h AND geo_distance > 500 km
fc2a76a3-fe44-484b-8229-469e481e6d3c,2026-06-22 08:28:23+00:00,USR_0082,impossible_travel,impossible_travel,impossible_travel,Rule Override: geo_velocity_kmh > 900 km/h AND geo_distance > 500 km
60acac2d-c2ca-4b29-b71f-3262251e44ba,2026-06-22 08:51:42+00:00,USR_0771,impossible_travel,impossible_travel,impossible_travel,Rule Override: geo_velocity_kmh > 900 km/h AND geo_distance > 500 km
bfa937c3-66b5-4d84-85c6-b6674854515f,2026-06-22 09:03:35+00:00,USR_0503,impossible_travel,impossible_travel,impossible_travel,Rule Override: geo_velocity_kmh > 900 km/h AND geo_distance > 500 km
ec5927ff-b8e6-430e-935a-fe57b1463d96,2026-06-22 09:28:02+00:00,USR_0626,impossible_travel,impossible_travel,impossible_travel,Rule Override: geo_velocity_kmh > 900 km/h AND geo_distance > 500 km
eb208cd6-f5a5-4fcd-9f4b-2ba315fdfa14,2026-06-22 09:31:04+00:00,DEV_0290,normal,unknown,unknown,XGBoost ML Classifier
6920a663-5cc4-4995-ad0b-4a7ad40da1bd,2026-06-22 09:32:39+00:00,DEV_0514,normal,unknown,unknown,XGBoost ML Classifier
057fca05-f36e-4cf0-87ce-be9184e14f88,2026-06-22 09:38:52+00:00,SRV_0457,normal,unknown,unknown,XGBoost ML Classifier
47170f7b-5f9e-43d7-8530-a476d47aed57,2026-06-22 10:08:37+00:00,DEV_0877,normal,unknown,unknown,XGBoost ML Classifier
f4b008ad-c818-4d92-86a0-dd80af1c6493,2026-06-22 10:18:39.965749+00:00,USR_0662,lateral_movement,lateral_movement,lateral_movement,XGBoost ML Classifier
3210a688-9799-4cad-921a-fd5a599b9755,2026-06-22 10:19:33.670330+00:00,USR_0662,lateral_movement,lateral_movement,lateral_movement,XGBoost ML Classifier
98d1b5c9-d213-4c93-9d5a-84ae4f6a36ae,2026-06-22 10:19:46.487722+00:00,USR_0662,lateral_movement,lateral_movement,lateral_movement,XGBoost ML Classifier
70270074-8701-4f0f-911b-ded388a1232e,2026-06-22 10:21:41.253399+00:00,USR_0662,lateral_movement,lateral_movement,lateral_movement,XGBoost ML Classifier
65c41157-8f32-4615-b964-3b7fb5533b5b,2026-06-22 10:45:20+00:00,DEV_0233,normal,unknown,unknown,XGBoost ML Classifier
bdd5dfad-0544-4cf3-a073-2d192171ba3b,2026-06-22 10:46:45+00:00,SRV_0717,normal,unknown,unknown,XGBoost ML Classifier
3927cb54-4e79-48e6-b9c6-60d00338a05b,2026-06-22 10:47:53+00:00,USR_0980,impossible_travel,impossible_travel,impossible_travel,Rule Override: geo_velocity_kmh > 900 km/h AND geo_distance > 500 km
a351d7d1-d6dd-4d77-ad7c-528dce1c30c8,2026-06-22 11:03:17+00:00,DEV_0534,normal,unknown,unknown,XGBoost ML Classifier
98955e64-8a3c-4250-8b1c-82aa0b0d8416,2026-06-22 11:12:13+00:00,SRV_0970,normal,unknown,unknown,XGBoost ML Classifier
c85f52e8-2bb9-48d8-96c6-721ac4c29008,2026-06-22 11:16:46+00:00,DEV_0799,normal,unknown,unknown,XGBoost ML Classifier
9e081c8f-8394-459b-bb7e-5709fed829fe,2026-06-22 11:19:34+00:00,DEV_0253,normal,unknown,unknown,XGBoost ML Classifier
5abe6047-fe00-441a-ae48-0c613dadba63,2026-06-22 11:29:47+00:00,SRV_0004,normal,unknown,unknown,XGBoost ML Classifier
afc5abdb-32b3-4e83-a785-661ce92878ee,2026-06-22 11:36:01+00:00,SRV_0525,normal,unknown,unknown,XGBoost ML Classifier
24693097-f1a2-473b-8d09-a5224118978f,2026-06-22 11:56:29+00:00,DEV_0260,normal,unknown,unknown,XGBoost ML Classifier
412bd125-4d79-44d0-8f72-9bdc4f68b05e,2026-06-22 12:11:42+00:00,USR_0760,impossible_travel,impossible_travel,impossible_travel,Rule Override: geo_velocity_kmh > 900 km/h AND geo_distance > 500 km
c4a0bba1-afa4-4684-a965-748e760882bb,2026-06-22 12:24:22+00:00,SRV_0923,normal,unknown,unknown,XGBoost ML Classifier
72c0e886-2a6c-418c-93f0-1deab6d4b303,2026-06-22 12:32:37+00:00,USR_0178,insider_drift,insider_drift,insider_drift,XGBoost ML Classifier
a54ae3d7-81a4-484c-abf2-a449181834b8,2026-06-22 12:49:31+00:00,DEV_0588,impossible_travel,impossible_travel,impossible_travel,Rule Override: geo_velocity_kmh > 900 km/h AND geo_distance > 500 km
3fdd65f6-f951-43f5-95fb-eaab73f192cf,2026-06-22 13:02:31+00:00,USR_0172,impossible_travel,impossible_travel,impossible_travel,Rule Override: geo_velocity_kmh > 900 km/h AND geo_distance > 500 km
bad3e98c-728c-4081-9a26-bdd03e734e97,2026-06-22 13:10:36+00:00,USR_0223,impossible_travel,impossible_travel,impossible_travel,Rule Override: geo_velocity_kmh > 900 km/h AND geo_distance > 500 km
8838c4a7-b6f3-4c54-b1ca-9cc2c0946685,2026-06-22 13:20:56+00:00,DEV_0265,normal,unknown,unknown,XGBoost ML Classifier
ab974708-0c22-4af1-86f4-1f852801b748,2026-06-22 13:33:45+00:00,USR_0964,insider_drift,insider_drift,insider_drift,XGBoost ML Classifier
5326eee3-883e-4bb7-81bc-47f2090baa1a,2026-06-22 13:40:48+00:00,SRV_0005,normal,unknown,unknown,XGBoost ML Classifier
3161a600-8c79-482d-a341-d965975bb73b,2026-06-22 13:42:19+00:00,USR_0367,insider_drift,insider_drift,insider_drift,XGBoost ML Classifier
d06899ec-710d-41e5-92f0-2bfeacd57686,2026-06-22 13:47:37+00:00,USR_0580,impossible_travel,impossible_travel,impossible_travel,Rule Override: geo_velocity_kmh > 900 km/h AND geo_distance > 500 km
64acb374-f025-4619-b9c0-1074099fa6bf,2026-06-22 14:10:32+00:00,USR_0828,normal,unknown,unknown,XGBoost ML Classifier
a483d61d-703d-401c-925a-6fc178c1f118,2026-06-22 14:14:51+00:00,DEV_0890,normal,unknown,unknown,XGBoost ML Classifier
f1c1d148-144b-46bc-9371-dd447d1bf948,2026-06-22 14:25:07+00:00,DEV_0444,impossible_travel,impossible_travel,impossible_travel,Rule Override: geo_velocity_kmh > 900 km/h AND geo_distance > 500 km
5a06c3bb-0736-4884-b04c-1fe530c1e732,2026-06-22 14:28:18+00:00,USR_0824,normal,unknown,unknown,XGBoost ML Classifier
99cac475-c04f-4531-8572-2fb458456053,2026-06-22 14:30:39+00:00,USR_0240,impossible_travel,impossible_travel,impossible_travel,Rule Override: geo_velocity_kmh > 900 km/h AND geo_distance > 500 km
e5493429-2e45-47d2-a61c-ddaabb98fe5b,2026-06-22 14:46:49+00:00,USR_0142,impossible_travel,impossible_travel,impossible_travel,Rule Override: geo_velocity_kmh > 900 km/h AND geo_distance > 500 km
a7eef513-e29d-49ad-8066-c3d8b71fa359,2026-06-22 14:54:23+00:00,USR_0885,normal,unknown,unknown,XGBoost ML Classifier
959314f6-ba04-467f-b6ea-f3bef09cd700,2026-06-22 14:58:56+00:00,DEV_0371,normal,unknown,unknown,XGBoost ML Classifier
e516e440-c345-46f6-893a-acab29063267,2026-06-22 15:10:44+00:00,DEV_0084,normal,unknown,unknown,XGBoost ML Classifier
f6bf1161-27a0-43d3-be6d-867cc5bf8352,2026-06-22 15:18:22+00:00,USR_0103,impossible_travel,impossible_travel,impossible_travel,Rule Override: geo_velocity_kmh > 900 km/h AND geo_distance > 500 km
eef26ae5-b452-4091-b1b1-201925a288e0,2026-06-22 15:35:37+00:00,USR_0257,impossible_travel,impossible_travel,impossible_travel,Rule Override: geo_velocity_kmh > 900 km/h AND geo_distance > 500 km
d3271c65-729c-471d-9c9f-2b676c248c56,2026-06-22 15:39:36+00:00,USR_0471,impossible_travel,impossible_travel,impossible_travel,Rule Override: geo_velocity_kmh > 900 km/h AND geo_distance > 500 km
4e017fe7-165b-40a8-b11a-71af37b67ae1,2026-06-22 15:45:57+00:00,USR_0576,normal,unknown,unknown,XGBoost ML Classifier
f7ccd5c1-80c4-4393-a917-0e772a251a97,2026-06-22 16:07:08.982880+00:00,USR_0499,lateral_movement,lateral_movement,unknown,XGBoost ML Classifier
7c4160c4-7490-4602-9017-6d30ad2996a0,2026-06-22 16:09:22.877916+00:00,USR_0499,lateral_movement,lateral_movement,lateral_movement,XGBoost ML Classifier
691e79f1-8560-4b8a-8199-509b0558b193,2026-06-22 16:09:54.439901+00:00,USR_0499,lateral_movement,lateral_movement,lateral_movement,XGBoost ML Classifier
ddf39254-06be-48ed-adf8-b9a2a74679a0,2026-06-22 16:26:11+00:00,SRV_0936,normal,unknown,unknown,XGBoost ML Classifier
7abdb7e2-9649-4fb9-b7c9-4522a91373d9,2026-06-22 17:39:18+00:00,SRV_0550,normal,unknown,unknown,XGBoost ML Classifier
5406c998-d646-4fc1-b282-d4197cccd913,2026-06-22 17:52:14+00:00,SRV_0086,normal,unknown,unknown,XGBoost ML Classifier
5e7b1500-1ec2-49c8-800e-914ab3f7d713,2026-06-22 18:00:05+00:00,USR_0687,insider_drift,insider_drift,insider_drift,XGBoost ML Classifier
111d117e-9172-4b32-a83d-13e6ad7533be,2026-06-22 18:21:38+00:00,USR_0638,insider_drift,insider_drift,insider_drift,XGBoost ML Classifier
c3beefe2-ff86-49bf-ac28-aad4db2f485c,2026-06-22 18:27:27+00:00,USR_0463,normal,unknown,unknown,XGBoost ML Classifier
edb72ea5-f9f4-4fe9-baa6-6e264f480ad4,2026-06-22 18:42:01+00:00,USR_0695,insider_drift,insider_drift,insider_drift,XGBoost ML Classifier
3a968d86-042a-426a-bdf4-3180d2fd9072,2026-06-22 18:47:02+00:00,USR_0186,normal,unknown,unknown,XGBoost ML Classifier
2a5fc798-70d0-49e5-934c-2c3346a71ead,2026-06-22 18:54:59+00:00,DEV_0932,impossible_travel,impossible_travel,impossible_travel,Rule Override: geo_velocity_kmh > 900 km/h AND geo_distance > 500 km
a385eb1d-bc93-4884-b9fb-14466cfe0dbe,2026-06-22 19:01:36.940979+00:00,DEV_0414,lateral_movement,lateral_movement,lateral_movement,XGBoost ML Classifier
ae5c7283-0166-4657-8ca1-6a0e46403c5d,2026-06-22 19:01:54.777684+00:00,DEV_0414,lateral_movement,lateral_movement,lateral_movement,XGBoost ML Classifier
bdd8d3d9-8545-4de2-90fc-62a139a8127f,2026-06-22 19:01:58.743026+00:00,DEV_0414,lateral_movement,lateral_movement,lateral_movement,XGBoost ML Classifier
297b4e3a-f547-4ef0-af53-b576cb8091be,2026-06-22 19:03:00.561764+00:00,DEV_0414,lateral_movement,lateral_movement,lateral_movement,XGBoost ML Classifier
de2f5324-a680-4fb3-9415-d57cce78bffb,2026-06-22 19:27:14+00:00,DEV_0593,normal,unknown,unknown,XGBoost ML Classifier
73a4918a-a86f-4597-b73c-1b0aca3685d0,2026-06-22 19:28:31+00:00,SRV_0191,impossible_travel,impossible_travel,impossible_travel,Rule Override: geo_velocity_kmh > 900 km/h AND geo_distance > 500 km
2f012676-7612-4191-8ec6-6d91bd0218c7,2026-06-22 20:06:35+00:00,DEV_0768,normal,unknown,unknown,XGBoost ML Classifier
e104bba8-a238-4645-be28-3846c4364905,2026-06-22 20:17:48+00:00,USR_0775,normal,unknown,unknown,XGBoost ML Classifier
985fef95-2303-45fe-85e9-448b4afbc164,2026-06-22 20:27:47+00:00,USR_0217,normal,unknown,lateral_movement,XGBoost ML Classifier
49a0728a-fabd-45ee-bebf-4fe3c9725e55,2026-06-22 20:32:19+00:00,DEV_0485,normal,unknown,unknown,XGBoost ML Classifier
031490ed-5b27-4d4f-bd74-83cc31ffbcf3,2026-06-22 21:01:51+00:00,USR_0442,normal,unknown,unknown,XGBoost ML Classifier
17cb43be-894b-4f85-99d9-ff81addc9f62,2026-06-22 21:06:39+00:00,SRV_0914,impossible_travel,impossible_travel,impossible_travel,Rule Override: geo_velocity_kmh > 900 km/h AND geo_distance > 500 km
4541f38d-de89-4a85-8a17-8cde2e75ff23,2026-06-22 21:17:59+00:00,DEV_0265,normal,unknown,unknown,XGBoost ML Classifier
c0dbf7d3-0c6d-457f-8f96-68cdc3a653eb,2026-06-22 22:02:30+00:00,SRV_0919,normal,unknown,unknown,XGBoost ML Classifier
e45ea90a-660a-498b-b3e4-d28e4b34dc53,2026-06-22 22:05:57+00:00,SRV_0640,normal,unknown,unknown,XGBoost ML Classifier
32b1720f-2bdf-41bf-8043-1a97b0738420,2026-06-22 22:09:16+00:00,SRV_0906,impossible_travel,impossible_travel,impossible_travel,Rule Override: geo_velocity_kmh > 900 km/h AND geo_distance > 500 km
bac6262c-c1b3-49e5-9a34-1e598e736a41,2026-06-22 22:09:30+00:00,SRV_0919,impossible_travel,impossible_travel,impossible_travel,Rule Override: geo_velocity_kmh > 900 km/h AND geo_distance > 500 km
3c629af3-aeee-4240-864b-56bfdbe008f5,2026-06-22 22:53:48.367570+00:00,USR_0687,lateral_movement,lateral_movement,lateral_movement,XGBoost ML Classifier
8992f5fe-e8d0-4637-8e67-c75d29422020,2026-06-22 22:54:49.909217+00:00,USR_0687,lateral_movement,lateral_movement,lateral_movement,XGBoost ML Classifier
a47cf5a0-dd66-42fd-b7d1-509a5d0ecd6a,2026-06-22 22:55:22.973812+00:00,USR_0687,lateral_movement,lateral_movement,lateral_movement,XGBoost ML Classifier
8b7e19f7-cc9f-429c-9775-577afd236151,2026-06-22 22:55:53.460412+00:00,USR_0687,lateral_movement,lateral_movement,lateral_movement,XGBoost ML Classifier
63f78063-acff-4a1b-af3c-309bd439cbac,2026-06-22 22:56:05.991505+00:00,USR_0687,lateral_movement,lateral_movement,lateral_movement,XGBoost ML Classifier
91cc8279-81e9-4ece-8f53-31810d046458,2026-06-22 22:57:37.832753+00:00,USR_0687,lateral_movement,lateral_movement,lateral_movement,XGBoost ML Classifier
203fbc26-d07d-4159-b27b-ba5939b06f3e,2026-06-22 22:59:19+00:00,SRV_0162,normal,unknown,unknown,XGBoost ML Classifier
c961a8f7-7ac6-4891-a52e-37ef9800a9cb,2026-06-22 23:16:56+00:00,DEV_0084,device_spoofing,device_spoofing,device_spoofing,XGBoost ML Classifier
4d7af9d4-a173-42df-8d9b-c4e1b7b3e8eb,2026-06-22 23:28:07+00:00,USR_0675,device_spoofing,device_spoofing,device_spoofing,XGBoost ML Classifier
bee31fbd-d90b-42e3-8e5e-02aba3ac2177,2026-06-22 23:29:07+00:00,USR_0675,device_spoofing,device_spoofing,device_spoofing,XGBoost ML Classifier
d62e2dea-e5f4-4d9e-9f0b-f11fefdcfddd,2026-06-22 23:42:26+00:00,DEV_0090,impossible_travel,impossible_travel,impossible_travel,Rule Override: geo_velocity_kmh > 900 km/h AND geo_distance > 500 km
222d8ad6-3a49-4893-9362-9aeed0c843d3,2026-06-22 23:59:24+00:00,DEV_0799,normal,unknown,unknown,XGBoost ML Classifier
f088a405-e274-45c0-9450-91e465ff7f7e,2026-06-22 23:59:24+00:00,DEV_0343,normal,unknown,unknown,XGBoost ML Classifier
8dfdf1c6-ad8f-4e20-8902-385140dd039b,2026-06-22 23:59:29.692000+00:00,DEV_0290,normal,unknown,unknown,XGBoost ML Classifier
517cbd4b-f538-4850-9e61-676acec93700,2026-06-22 23:59:31.752000+00:00,SRV_0129,normal,unknown,unknown,XGBoost ML Classifier
d5a2ca5d-f459-4be8-a3a8-4059d82f312b,2026-06-23 00:00:00+00:00,SRV_0004,normal,unknown,unknown,XGBoost ML Classifier
887a5d7c-3468-460e-81a9-1459dcd4dacd,2026-06-23 00:00:00+00:00,DEV_0294,normal,unknown,unknown,XGBoost ML Classifier
42381d16-41f8-47d2-bb5e-ddeff03f3d87,2026-06-23 00:19:00+00:00,DEV_0281,impossible_travel,impossible_travel,impossible_travel,Rule Override: geo_velocity_kmh > 900 km/h AND geo_distance > 500 km
7a6b96a6-74db-479c-a4f2-1481fd918f87,2026-06-23 00:21:16+00:00,SRV_0970,impossible_travel,impossible_travel,impossible_travel,Rule Override: geo_velocity_kmh > 900 km/h AND geo_distance > 500 km
f882de88-5b57-4a0c-94c2-d71cb2f01d28,2026-06-23 00:59:30+00:00,DEV_0849,normal,unknown,unknown,XGBoost ML Classifier
274a6119-6ffa-4de7-82b9-ba0e1a0e972e,2026-06-23 01:09:09+00:00,USR_0346,low_slow_exfil,low_slow_exfil,low_slow_exfil,XGBoost ML Classifier
26a1acc7-8d15-4e3b-aa1e-725a9a29d615,2026-06-23 01:19:42+00:00,USR_0466,low_slow_exfil,low_slow_exfil,low_slow_exfil,XGBoost ML Classifier
3315cc31-32d2-4890-9613-38cde880d28f,2026-06-23 01:25:20+00:00,USR_0249,low_slow_exfil,low_slow_exfil,low_slow_exfil,XGBoost ML Classifier
d8e9b39f-43cb-4e0c-9bd1-69ace49b311e,2026-06-23 01:27:32+00:00,USR_0249,low_slow_exfil,low_slow_exfil,low_slow_exfil,XGBoost ML Classifier
4a857b6b-7885-467e-973b-9ddfdad7a2d6,2026-06-23 02:02:13+00:00,DEV_0947,normal,unknown,unknown,XGBoost ML Classifier
9049d4eb-c3a3-44ad-b012-8a4c563d63aa,2026-06-23 02:07:46+00:00,SRV_0541,normal,unknown,unknown,XGBoost ML Classifier
561b688b-93d1-4b5c-95fb-a950a3982b20,2026-06-23 02:27:20.325588+00:00,DEV_0043,lateral_movement,lateral_movement,lateral_movement,XGBoost ML Classifier
a7dd474f-2880-4979-a5c5-064ac3aa212d,2026-06-23 02:27:48.011783+00:00,DEV_0043,lateral_movement,lateral_movement,lateral_movement,XGBoost ML Classifier
e674f8c0-c44b-4cd0-833d-1565501b6211,2026-06-23 02:28:19.191613+00:00,DEV_0043,lateral_movement,lateral_movement,lateral_movement,XGBoost ML Classifier
08fa9b18-0ccb-415e-be29-f79e2e8b9b9f,2026-06-23 02:30:15.152865+00:00,DEV_0043,lateral_movement,lateral_movement,lateral_movement,XGBoost ML Classifier
3b7be5d5-b43f-401e-8647-663c44ff96da,2026-06-23 03:19:50+00:00,SRV_0698,normal,unknown,unknown,XGBoost ML Classifier
6371e670-541a-474a-9f74-c62532d55b86,2026-06-23 03:21:04+00:00,DEV_0876,normal,unknown,unknown,XGBoost ML Classifier
9d3fb5fb-7df7-4731-bf5a-71cbe05dd4c0,2026-06-23 03:37:26+00:00,USR_0257,low_slow_exfil,low_slow_exfil,low_slow_exfil,XGBoost ML Classifier
d74b8c33-3b0d-4b9b-b5c7-098a9bc6119e,2026-06-23 03:59:21+00:00,SRV_0670,normal,unknown,low_slow_exfil,XGBoost ML Classifier
a854a4cc-f7de-402c-8027-d7d77f81e217,2026-06-23 04:39:47+00:00,SRV_0078,normal,unknown,unknown,XGBoost ML Classifier
9aacabd1-4df8-4dc4-96a7-b89bf662e81a,2026-06-23 04:45:26+00:00,USR_0838,insider_drift,insider_drift,unknown,XGBoost ML Classifier
6d76a2e6-4104-4a71-925c-de08b88c4f0f,2026-06-23 04:58:29+00:00,USR_0315,normal,unknown,unknown,XGBoost ML Classifier
6822fc23-e72a-4305-8e99-735cf397a453,2026-06-23 05:11:51+00:00,DEV_0265,normal,unknown,unknown,XGBoost ML Classifier
ff958aaf-4ccb-4489-95b2-b1d1446cbc16,2026-06-23 05:21:05+00:00,SRV_0477,normal,unknown,unknown,XGBoost ML Classifier
4a697dd2-8d3d-42e8-82a2-083bfb485645,2026-06-23 05:23:16+00:00,SRV_0159,normal,unknown,unknown,XGBoost ML Classifier
88229a8f-440c-49d8-b651-baca94e2e0a5,2026-06-23 06:09:30+00:00,SRV_0228,normal,unknown,unknown,XGBoost ML Classifier
d962b168-a591-4c21-b4e8-029e60289c2d,2026-06-23 06:57:22+00:00,DEV_0593,normal,unknown,unknown,XGBoost ML Classifier
1991b515-ca32-4859-99ef-38a74d0f5d94,2026-06-23 07:04:38+00:00,USR_0680,insider_drift,insider_drift,insider_drift,XGBoost ML Classifier
d9db484e-d995-42aa-9bf4-7dae57b3d3d1,2026-06-23 07:05:34+00:00,SRV_0202,normal,unknown,unknown,XGBoost ML Classifier
4cdda86f-f162-4ac0-8bf2-107ae7d4f81a,2026-06-23 07:18:39+00:00,SRV_0293,normal,unknown,unknown,XGBoost ML Classifier
564ac5e2-9f68-4c66-a855-55e45c6a4390,2026-06-23 07:43:38+00:00,SRV_0640,normal,unknown,unknown,XGBoost ML Classifier
62dc0b4c-76e1-446e-9150-6659d6011ab0,2026-06-23 07:57:11+00:00,DEV_0233,normal,unknown,unknown,XGBoost ML Classifier
c5dd2c16-ec4f-4e52-84db-ac72d71abc67,2026-06-23 08:02:21+00:00,USR_0626,normal,unknown,unknown,XGBoost ML Classifier
c5c25de8-6f14-4c49-8a1b-c34ffb976937,2026-06-23 08:11:02+00:00,DEV_0787,normal,unknown,unknown,XGBoost ML Classifier
8b32dda0-429a-4228-a24a-df46a66b362e,2026-06-23 08:49:50+00:00,DEV_0873,normal,unknown,unknown,XGBoost ML Classifier
0efa5075-7894-4ec5-a819-41dd68f5b07a,2026-06-23 09:21:40+00:00,USR_0440,impossible_travel,impossible_travel,impossible_travel,Rule Override: geo_velocity_kmh > 900 km/h AND geo_distance > 500 km
8abbc6f6-80df-4574-bfaf-6082fde26218,2026-06-23 09:27:30+00:00,USR_0072,impossible_travel,impossible_travel,impossible_travel,Rule Override: geo_velocity_kmh > 900 km/h AND geo_distance > 500 km
2b7f3597-0d94-429c-9b26-0edceb4ec282,2026-06-23 10:07:55.889054+00:00,USR_0929,lateral_movement,lateral_movement,lateral_movement,XGBoost ML Classifier
0198dc7a-484f-427e-a17f-9da0cf99edaa,2026-06-23 10:26:04+00:00,SRV_0712,normal,unknown,unknown,XGBoost ML Classifier
bb57fa78-53ce-48d6-bacf-4cdc7d3220d6,2026-06-23 10:46:48+00:00,USR_0319,insider_drift,insider_drift,insider_drift,XGBoost ML Classifier
1bd8ecca-c33e-43fd-a6c1-8d0a8bbc485e,2026-06-23 10:57:26+00:00,USR_0808,impossible_travel,impossible_travel,impossible_travel,Rule Override: geo_velocity_kmh > 900 km/h AND geo_distance > 500 km
1c59ab23-b78c-4be7-91aa-8b818201ee8d,2026-06-23 11:00:33+00:00,USR_0580,normal,unknown,unknown,XGBoost ML Classifier
c32f6386-b245-4acb-8ebc-3b4a4c9ba7eb,2026-06-23 11:07:34+00:00,SRV_0506,normal,unknown,unknown,XGBoost ML Classifier
eca66556-2aba-4674-b7ef-d6293ab35727,2026-06-23 11:30:05+00:00,USR_0468,impossible_travel,impossible_travel,impossible_travel,Rule Override: geo_velocity_kmh > 900 km/h AND geo_distance > 500 km
fbb14483-8753-43b3-b4b9-c3301f52fccf,2026-06-23 11:47:50+00:00,SRV_0462,normal,unknown,unknown,XGBoost ML Classifier
7216a550-6930-4fb2-beca-c3d2aaa886db,2026-06-23 11:56:27+00:00,USR_0602,impossible_travel,impossible_travel,impossible_travel,Rule Override: geo_velocity_kmh > 900 km/h AND geo_distance > 500 km
1a11a280-52ee-46d6-bec1-1f218a285d26,2026-06-23 11:57:03+00:00,USR_0954,impossible_travel,impossible_travel,impossible_travel,Rule Override: geo_velocity_kmh > 900 km/h AND geo_distance > 500 km
0dfb3bb9-d0fa-4943-8a10-0504d9de2521,2026-06-23 12:05:58+00:00,SRV_0283,normal,unknown,unknown,XGBoost ML Classifier
192dd1d1-6827-44b5-ade0-08e9ab223947,2026-06-23 12:19:50+00:00,USR_0423,impossible_travel,impossible_travel,impossible_travel,Rule Override: geo_velocity_kmh > 900 km/h AND geo_distance > 500 km
cdb25879-de70-4c1b-9559-1ee546ba811c,2026-06-23 12:28:22+00:00,DEV_0383,normal,unknown,unknown,XGBoost ML Classifier
a235600e-41eb-4322-b639-d6fbd821cc83,2026-06-23 12:46:37+00:00,DEV_0233,normal,unknown,unknown,XGBoost ML Classifier
57ab33c5-e20d-4878-91dc-c512022b302c,2026-06-23 12:48:33+00:00,USR_0968,impossible_travel,impossible_travel,impossible_travel,Rule Override: geo_velocity_kmh > 900 km/h AND geo_distance > 500 km
54cc7540-52c8-4cd8-b7da-ccf28d14be5c,2026-06-23 13:22:50+00:00,DEV_0144,normal,unknown,unknown,XGBoost ML Classifier
aa608533-79d6-4746-bcbd-6638c3e562d1,2026-06-23 13:26:56+00:00,DEV_0394,normal,unknown,unknown,XGBoost ML Classifier
56bfe473-7aab-4d5a-9a6d-bb12304c6ccb,2026-06-23 13:31:39+00:00,USR_0770,impossible_travel,impossible_travel,impossible_travel,Rule Override: geo_velocity_kmh > 900 km/h AND geo_distance > 500 km
5da10a40-c5fa-4c64-9f9c-ef419771f610,2026-06-23 13:31:40+00:00,USR_0218,insider_drift,insider_drift,insider_drift,XGBoost ML Classifier
1c1f120e-16e7-45f9-a862-0ad66cc2d354,2026-06-23 13:38:47+00:00,USR_0517,impossible_travel,impossible_travel,impossible_travel,Rule Override: geo_velocity_kmh > 900 km/h AND geo_distance > 500 km
feaf656f-236d-4476-979b-d99949cc49d5,2026-06-23 14:05:59+00:00,USR_0448,impossible_travel,impossible_travel,impossible_travel,Rule Override: geo_velocity_kmh > 900 km/h AND geo_distance > 500 km
869bf7ae-3d13-4fad-8767-c7bf1fbe36da,2026-06-23 14:10:37+00:00,DEV_0593,normal,unknown,unknown,XGBoost ML Classifier
d4860f1d-c31c-4a8f-97c4-a4551247a48c,2026-06-23 14:36:04+00:00,USR_0530,normal,unknown,unknown,XGBoost ML Classifier
8133356b-566c-4106-a700-fc7df83a570f,2026-06-23 14:36:29+00:00,USR_0021,normal,unknown,unknown,XGBoost ML Classifier
06fcd25a-c842-44da-ae72-8099d6b3c5b3,2026-06-23 14:48:42+00:00,DEV_0274,normal,unknown,unknown,XGBoost ML Classifier
86f3aeda-deea-4efc-937e-9e24c9af123b,2026-06-23 14:57:42+00:00,DEV_0632,normal,unknown,unknown,XGBoost ML Classifier
42d3ce78-7b39-48d4-9181-65cac0cf610a,2026-06-23 15:05:02+00:00,USR_0615,impossible_travel,impossible_travel,impossible_travel,Rule Override: geo_velocity_kmh > 900 km/h AND geo_distance > 500 km
75318071-a254-4818-bd5e-c9c06eca6ba4,2026-06-23 15:27:00+00:00,USR_0094,normal,unknown,unknown,XGBoost ML Classifier
61e328f2-0bf8-423c-8488-9c21867e8a6c,2026-06-23 15:33:20+00:00,DEV_0799,normal,unknown,unknown,XGBoost ML Classifier
d4097ed4-cff3-4d2c-a505-fb0adaab4b21,2026-06-23 15:49:03+00:00,USR_0910,impossible_travel,impossible_travel,impossible_travel,Rule Override: geo_velocity_kmh > 900 km/h AND geo_distance > 500 km
f35cd408-d75c-4aad-82b8-84decf529eb9,2026-06-23 15:52:44+00:00,USR_0575,impossible_travel,impossible_travel,impossible_travel,Rule Override: geo_velocity_kmh > 900 km/h AND geo_distance > 500 km
3310c8f3-a886-48c9-bc1a-c742e8518302,2026-06-23 16:03:49+00:00,USR_0402,impossible_travel,impossible_travel,impossible_travel,Rule Override: geo_velocity_kmh > 900 km/h AND geo_distance > 500 km
488c2b69-7881-4493-91f3-25a0ab163b2b,2026-06-23 16:19:56+00:00,DEV_0274,normal,unknown,unknown,XGBoost ML Classifier
f699b359-6d34-4ba4-b855-5506ccd5f668,2026-06-23 16:34:29+00:00,USR_0108,normal,unknown,unknown,XGBoost ML Classifier
2c271d5f-2c50-490a-9ffb-b4b9a032ded9,2026-06-23 16:35:01+00:00,DEV_0700,normal,unknown,unknown,XGBoost ML Classifier
c920948c-d653-4dcf-ab4e-b6186a7a9c9f,2026-06-23 16:39:46+00:00,USR_0108,normal,unknown,unknown,XGBoost ML Classifier
53cf35d2-7010-46dd-97be-664b642e8132,2026-06-23 17:14:14+00:00,SRV_0267,impossible_travel,impossible_travel,impossible_travel,Rule Override: geo_velocity_kmh > 900 km/h AND geo_distance > 500 km
6b6089e0-b836-4e4f-819c-ac26fd321a1d,2026-06-23 17:30:15+00:00,USR_0221,normal,unknown,unknown,XGBoost ML Classifier
9b4da61b-c22e-4866-9d37-dfea199354d3,2026-06-23 17:38:03+00:00,DEV_0429,normal,unknown,unknown,XGBoost ML Classifier
99186661-b43c-476f-8e77-a8d3d2371077,2026-06-23 17:39:50+00:00,DEV_0384,normal,unknown,unknown,XGBoost ML Classifier
4f1290dc-18ff-448f-95e8-ce2c065d600e,2026-06-23 17:45:19+00:00,SRV_0242,impossible_travel,impossible_travel,impossible_travel,Rule Override: geo_velocity_kmh > 900 km/h AND geo_distance > 500 km
7d840c9a-b440-429f-a427-d8b9d0eb7787,2026-06-23 18:02:24+00:00,USR_0261,impossible_travel,impossible_travel,impossible_travel,Rule Override: geo_velocity_kmh > 900 km/h AND geo_distance > 500 km
27833e37-56e5-417b-9ab7-ce989de9502f,2026-06-23 18:02:33+00:00,USR_0168,impossible_travel,impossible_travel,impossible_travel,Rule Override: geo_velocity_kmh > 900 km/h AND geo_distance > 500 km
ea702ad8-b49d-4874-8dd8-3f93925634d2,2026-06-23 18:22:39+00:00,USR_0984,normal,unknown,unknown,XGBoost ML Classifier
334384df-3a6b-45ce-aff5-8993e47320e8,2026-06-23 18:45:04+00:00,DEV_0685,normal,unknown,unknown,XGBoost ML Classifier
2fd7ebc7-c637-42cf-9e33-50cc358eac8d,2026-06-23 19:04:30+00:00,DEV_0212,normal,unknown,unknown,XGBoost ML Classifier
5ed5c944-1686-4e85-a0c6-7af5cc07309c,2026-06-23 19:44:31+00:00,DEV_0311,normal,unknown,unknown,XGBoost ML Classifier
66f301ab-4b59-4734-95c7-0544f00f17a0,2026-06-23 19:53:51+00:00,SRV_0798,normal,unknown,unknown,XGBoost ML Classifier
9dd471fb-93b0-4d66-b91a-906ed09c283b,2026-06-23 19:55:22+00:00,DEV_0837,normal,unknown,unknown,XGBoost ML Classifier
b7a3f49f-0470-41d3-bcb1-7a63cdc106b1,2026-06-23 20:00:43+00:00,DEV_0084,normal,unknown,unknown,XGBoost ML Classifier
0c2c4b80-e00b-49a6-b189-0f0e55ece817,2026-06-23 20:03:24+00:00,SRV_0538,normal,unknown,unknown,XGBoost ML Classifier
d8a4098c-08da-4a20-8ed4-94da586f0d50,2026-06-23 20:16:13+00:00,DEV_0768,normal,unknown,unknown,XGBoost ML Classifier
2d629dd6-81cb-4adb-afe0-cefb0a7f74b2,2026-06-23 20:28:21.425516+00:00,USR_0999,lateral_movement,lateral_movement,lateral_movement,XGBoost ML Classifier
101a0632-630a-4b36-aa2e-2eb2833df977,2026-06-23 20:29:01.365699+00:00,USR_0999,lateral_movement,lateral_movement,lateral_movement,XGBoost ML Classifier
1cb12069-1b76-45bd-aa8d-339ea26f4156,2026-06-23 20:31:10.094645+00:00,USR_0999,lateral_movement,lateral_movement,lateral_movement,XGBoost ML Classifier
d5543f54-0447-4177-995c-f67e0ab02a61,2026-06-23 20:34:49.252231+00:00,USR_0999,lateral_movement,lateral_movement,lateral_movement,XGBoost ML Classifier
ce217eab-a285-4912-9cad-c229d65017cb,2026-06-23 20:50:30+00:00,SRV_0018,normal,unknown,unknown,XGBoost ML Classifier
c7733fc3-c112-4dd3-9b5a-3c57ab95c0f7,2026-06-23 20:51:22+00:00,SRV_0934,normal,unknown,unknown,XGBoost ML Classifier
0d62fa15-84b1-4687-80de-9f6619f4b12c,2026-06-23 20:58:15+00:00,SRV_0750,normal,unknown,unknown,XGBoost ML Classifier
c92586df-0a31-485f-b10c-6a9e33201eb6,2026-06-23 21:49:46+00:00,DEV_0164,normal,unknown,unknown,XGBoost ML Classifier
9bdc16c4-5432-4178-a01f-0a877eca7488,2026-06-23 22:04:41+00:00,USR_0948,normal,unknown,unknown,XGBoost ML Classifier
14dc5d29-22e6-41ac-932a-928244913f01,2026-06-23 22:08:15+00:00,DEV_0711,normal,unknown,unknown,XGBoost ML Classifier
98a457a0-613a-4282-aa86-5b60f326e399,2026-06-23 22:20:36+00:00,SRV_0550,impossible_travel,impossible_travel,impossible_travel,Rule Override: geo_velocity_kmh > 900 km/h AND geo_distance > 500 km
b5c08cf0-08f8-4562-aaa0-ff4724439083,2026-06-23 22:24:22+00:00,USR_0746,normal,unknown,unknown,XGBoost ML Classifier
3cf5649a-b9f1-4b65-a103-bcce26157458,2026-06-23 23:03:56+00:00,SRV_0547,impossible_travel,impossible_travel,impossible_travel,Rule Override: geo_velocity_kmh > 900 km/h AND geo_distance > 500 km
958eada3-50c0-41e8-af79-80c07b8c1719,2026-06-23 23:59:24+00:00,DEV_0343,normal,unknown,unknown,XGBoost ML Classifier
33d32ff9-c216-4c66-997b-e3d0eaf46b42,2026-06-23 23:59:24+00:00,SRV_0797,normal,unknown,unknown,XGBoost ML Classifier
2a0a7349-232b-4470-9fc0-2d5e3c122b7c,2026-06-23 23:59:26.999000+00:00,SRV_0161,normal,unknown,unknown,XGBoost ML Classifier
6912e6a1-632c-420d-83bf-94b5be5156b5,2026-06-24 00:00:01.400000+00:00,SRV_0086,normal,unknown,unknown,XGBoost ML Classifier
f0786fba-ab66-46c9-9ec6-0d4f4ed79d51,2026-06-24 00:00:02.703000+00:00,DEV_0164,normal,unknown,unknown,XGBoost ML Classifier
065d1a50-6045-4043-9ed2-e17deb9ff6d2,2026-06-24 00:16:00+00:00,DEV_0425,impossible_travel,impossible_travel,impossible_travel,Rule Override: geo_velocity_kmh > 900 km/h AND geo_distance > 500 km
417c84d2-66cf-4052-8fc4-40400bb155ec,2026-06-24 00:41:43+00:00,SRV_0630,normal,unknown,unknown,XGBoost ML Classifier
ee19bbf6-8fc2-4562-b466-6a2404b8e940,2026-06-24 01:04:09+00:00,USR_0249,low_slow_exfil,low_slow_exfil,low_slow_exfil,XGBoost ML Classifier
e0462119-6fd6-49c3-8fe3-e637859ccdf7,2026-06-24 01:18:36.770101+00:00,USR_0250,lateral_movement,lateral_movement,low_slow_exfil,XGBoost ML Classifier
4e9b7693-7c3a-4520-9d25-dcd257e88939,2026-06-24 01:18:50.791644+00:00,USR_0250,lateral_movement,lateral_movement,lateral_movement,XGBoost ML Classifier
754ac11b-3bc2-45dd-93a7-8f308cc8248c,2026-06-24 01:19:14.036591+00:00,USR_0250,lateral_movement,lateral_movement,lateral_movement,XGBoost ML Classifier
bf1691b7-f2a1-4a20-9b43-ce0b4ded2713,2026-06-24 01:19:21.096233+00:00,USR_0250,lateral_movement,lateral_movement,lateral_movement,XGBoost ML Classifier
8a893394-8ff6-444a-9f67-09e0df353690,2026-06-24 01:42:55+00:00,USR_0466,low_slow_exfil,low_slow_exfil,low_slow_exfil,XGBoost ML Classifier
dcc9c73b-04b2-4b4d-ac46-ae92cabb5f85,2026-06-24 01:52:11+00:00,USR_0466,low_slow_exfil,low_slow_exfil,low_slow_exfil,XGBoost ML Classifier
2bb095a2-56b8-4c6f-8e08-127206805d79,2026-06-24 01:58:13+00:00,SRV_0769,impossible_travel,impossible_travel,impossible_travel,Rule Override: geo_velocity_kmh > 900 km/h AND geo_distance > 500 km
60e1e27b-55e8-4944-9bf9-052c3b46d1ab,2026-06-24 02:11:03+00:00,USR_0249,low_slow_exfil,low_slow_exfil,low_slow_exfil,XGBoost ML Classifier
919a22c5-330c-41b5-8216-99f6aafb3dd8,2026-06-24 02:15:12+00:00,DEV_0890,normal,unknown,unknown,XGBoost ML Classifier
90be3cd4-1eaa-450f-8b28-45f7e830ae47,2026-06-24 03:27:10.597974+00:00,USR_0786,lateral_movement,lateral_movement,unknown,XGBoost ML Classifier
ed959897-c02b-4493-93f6-acaf998ffa65,2026-06-24 03:27:53.941360+00:00,USR_0786,lateral_movement,lateral_movement,lateral_movement,XGBoost ML Classifier
5b10f7b1-546c-49d6-b1ab-e340da86bd8f,2026-06-24 03:29:07.717900+00:00,USR_0786,lateral_movement,lateral_movement,lateral_movement,XGBoost ML Classifier
155f0e25-b37a-4d5c-9b98-4f958e5e4739,2026-06-24 03:29:28+00:00,USR_0346,low_slow_exfil,low_slow_exfil,low_slow_exfil,XGBoost ML Classifier
efd74a2c-9513-4f4c-9950-1854bb82d59e,2026-06-24 04:34:44+00:00,USR_0194,normal,unknown,unknown,XGBoost ML Classifier
f9f5f5ed-6efe-4431-ba56-2e13db5284d7,2026-06-24 05:17:03+00:00,USR_0042,normal,unknown,insider_drift,XGBoost ML Classifier
1c6d603e-5951-4ba7-832a-fa9799be3331,2026-06-24 05:43:04+00:00,SRV_0728,normal,unknown,unknown,XGBoost ML Classifier
ee740952-6b88-4486-85e0-586ea15bee27,2026-06-24 06:22:28+00:00,DEV_0265,normal,unknown,unknown,XGBoost ML Classifier
3e55e374-4622-49f4-920f-9127b6cc1369,2026-06-24 06:28:40+00:00,DEV_0850,normal,unknown,unknown,XGBoost ML Classifier
4b28ffae-e600-4195-b82a-39ec729bb9c6,2026-06-24 06:35:24+00:00,USR_0800,insider_drift,insider_drift,insider_drift,XGBoost ML Classifier
d7a211df-61ce-4e12-9f1c-d7583a60e0f6,2026-06-24 06:35:34+00:00,DEV_0537,normal,unknown,unknown,XGBoost ML Classifier
cf283583-d802-433c-9c99-598cab30ef24,2026-06-24 07:22:57+00:00,DEV_0163,normal,unknown,unknown,XGBoost ML Classifier
c1d60389-0257-4298-8510-626623390c19,2026-06-24 07:36:10+00:00,DEV_0279,normal,unknown,unknown,XGBoost ML Classifier
d0eb7fd5-7eef-4e45-89a3-3054f2e2029a,2026-06-24 07:43:18+00:00,SRV_0129,normal,unknown,unknown,XGBoost ML Classifier
4bd18059-1c85-4b04-86a9-add57de5622e,2026-06-24 08:12:10+00:00,USR_0175,impossible_travel,impossible_travel,impossible_travel,Rule Override: geo_velocity_kmh > 900 km/h AND geo_distance > 500 km
3c751d21-6e75-4cf9-9b02-077c4e86f19d,2026-06-24 08:15:22+00:00,USR_0310,normal,unknown,unknown,XGBoost ML Classifier
9e6a7f05-85dc-4d7a-937d-c4fb802e9ed3,2026-06-24 08:18:08+00:00,DEV_0685,normal,unknown,unknown,XGBoost ML Classifier
0fadc721-4773-43e2-ba7a-44dc8585b1cc,2026-06-24 08:24:29+00:00,SRV_0404,device_spoofing,device_spoofing,device_spoofing,XGBoost ML Classifier
45d1f072-f5f2-4769-bb2b-d7f0d1ebfdd5,2026-06-24 08:28:12+00:00,SRV_0819,normal,unknown,unknown,XGBoost ML Classifier
8ff947be-9e02-4393-a0ae-95a3f5a791f8,2026-06-24 08:30:00+00:00,SRV_0702,normal,unknown,lateral_movement,XGBoost ML Classifier
759dbc6c-6fab-476d-ae2c-1c4abe096300,2026-06-24 08:58:38+00:00,USR_0895,device_spoofing,device_spoofing,device_spoofing,XGBoost ML Classifier
a1b94264-62e0-48e8-b95f-b35ec67e2cf5,2026-06-24 09:04:42+00:00,USR_0195,normal,unknown,lateral_movement,XGBoost ML Classifier
73330d3c-31b1-4017-b2cb-005e6ab5461a,2026-06-24 09:09:19+00:00,DEV_0164,normal,unknown,unknown,XGBoost ML Classifier
e31529b6-4361-4fcd-8cab-240360c9f28d,2026-06-24 09:21:00+00:00,SRV_0469,impossible_travel,impossible_travel,impossible_travel,Rule Override: geo_velocity_kmh > 900 km/h AND geo_distance > 500 km
db126786-4791-4715-b187-34370278cb31,2026-06-24 09:36:52+00:00,USR_0448,insider_drift,insider_drift,insider_drift,XGBoost ML Classifier
56245017-8297-4bf3-8cb6-c539d143cfff,2026-06-24 09:45:13+00:00,USR_0241,normal,unknown,insider_drift,XGBoost ML Classifier
bbd22536-df37-423c-af1c-163d0b47bcc7,2026-06-24 09:48:23+00:00,SRV_0329,normal,unknown,unknown,XGBoost ML Classifier
1d23fdeb-0e6a-4e9e-a644-77ebddeefee7,2026-06-24 10:09:38+00:00,DEV_0260,normal,unknown,unknown,XGBoost ML Classifier
3ce68770-fb83-4ad2-8a16-7f4451c328bf,2026-06-24 10:13:53+00:00,DEV_0212,normal,unknown,unknown,XGBoost ML Classifier
205e38dd-9f11-463c-980e-2e731854a7b6,2026-06-24 10:22:29+00:00,SRV_0934,normal,unknown,unknown,XGBoost ML Classifier
85897563-95a4-4f71-9aa3-2508eaeba503,2026-06-24 10:35:35+00:00,USR_0713,impossible_travel,impossible_travel,impossible_travel,Rule Override: geo_velocity_kmh > 900 km/h AND geo_distance > 500 km
d086a674-4e26-4e01-b427-6ee7b152eb69,2026-06-24 10:47:27+00:00,USR_0976,impossible_travel,impossible_travel,impossible_travel,Rule Override: geo_velocity_kmh > 900 km/h AND geo_distance > 500 km
a5f0a137-ccdf-4606-97f3-e921a83b4f41,2026-06-24 10:48:34+00:00,DEV_0248,normal,unknown,unknown,XGBoost ML Classifier
710a527e-b768-4f5b-b75b-b28c9c231a7a,2026-06-24 10:58:02+00:00,DEV_0632,normal,unknown,unknown,XGBoost ML Classifier
9059a943-f81c-4a0b-94e5-e4a3be148f61,2026-06-24 11:16:42+00:00,DEV_0233,normal,unknown,unknown,XGBoost ML Classifier
6ea832f1-08a0-4c18-932c-8c6531a49d8d,2026-06-24 11:16:52+00:00,DEV_0260,normal,unknown,unknown,XGBoost ML Classifier
3907809e-9352-4637-aa21-b01a252ccab4,2026-06-24 11:47:42+00:00,DEV_0009,normal,unknown,unknown,XGBoost ML Classifier
828327bd-b955-414d-a72a-e4143f2a3d48,2026-06-24 11:53:08+00:00,SRV_0645,normal,unknown,unknown,XGBoost ML Classifier
0ae88ffd-0be6-404c-82a3-5096e46d24fe,2026-06-24 11:57:18+00:00,USR_0695,insider_drift,insider_drift,insider_drift,XGBoost ML Classifier
944a213c-89d5-4a1c-b0c5-2d28dfba9270,2026-06-24 12:10:43+00:00,USR_0229,impossible_travel,impossible_travel,impossible_travel,Rule Override: geo_velocity_kmh > 900 km/h AND geo_distance > 500 km
df20e0b5-3c0e-4f7f-a56a-212408a15069,2026-06-24 12:40:19+00:00,SRV_0628,normal,unknown,unknown,XGBoost ML Classifier
3edbac3d-653d-4227-b04e-220e1a1b5d9e,2026-06-24 12:44:27+00:00,DEV_0834,impossible_travel,impossible_travel,impossible_travel,Rule Override: geo_velocity_kmh > 900 km/h AND geo_distance > 500 km
a0a73c68-771b-462c-9467-7b9ec9f6cb9d,2026-06-24 12:49:12+00:00,USR_0053,impossible_travel,impossible_travel,impossible_travel,Rule Override: geo_velocity_kmh > 900 km/h AND geo_distance > 500 km
e29032be-0596-48b0-8240-730c30bda713,2026-06-24 12:50:01+00:00,SRV_0640,normal,unknown,unknown,XGBoost ML Classifier
6b8fa1ab-8904-4848-8fdd-c616e699ee76,2026-06-24 12:52:09+00:00,SRV_0184,normal,unknown,unknown,XGBoost ML Classifier
b0630957-21a9-4986-a414-824b9b8bd0b6,2026-06-24 13:01:22+00:00,SRV_0081,normal,unknown,unknown,XGBoost ML Classifier
8b3a0557-1f3e-4671-a2e9-5c16588d6bbd,2026-06-24 13:28:28+00:00,USR_0574,impossible_travel,impossible_travel,impossible_travel,Rule Override: geo_velocity_kmh > 900 km/h AND geo_distance > 500 km
8bdd8357-e941-4b7b-833c-bd10793ad33a,2026-06-24 13:39:46+00:00,SRV_0156,normal,unknown,unknown,XGBoost ML Classifier
6f0b3ef3-b22f-4100-8801-321dbad16e00,2026-06-24 13:44:49+00:00,USR_0155,normal,unknown,unknown,XGBoost ML Classifier
e7f4e90c-8b3b-413c-a152-2599f54e6d0d,2026-06-24 14:08:59+00:00,USR_0324,impossible_travel,impossible_travel,impossible_travel,Rule Override: geo_velocity_kmh > 900 km/h AND geo_distance > 500 km
2e054aba-6440-4f78-8259-28ab4fb5f170,2026-06-24 14:21:23+00:00,DEV_0137,normal,unknown,unknown,XGBoost ML Classifier
6d254407-68ea-48ed-82c5-6818c849f705,2026-06-24 14:28:15+00:00,SRV_0908,normal,unknown,unknown,XGBoost ML Classifier
953a309e-b944-4e83-a2f3-811c9b7da390,2026-06-24 14:43:50+00:00,SRV_0004,normal,unknown,unknown,XGBoost ML Classifier
d7cdca09-e1bd-4c19-adcc-bbab9dae0c24,2026-06-24 14:55:15+00:00,DEV_0265,normal,unknown,unknown,XGBoost ML Classifier
6d21805c-4a2d-46a4-859e-34dbddc71522,2026-06-24 15:06:30+00:00,USR_0836,normal,unknown,unknown,XGBoost ML Classifier
99e6dd8c-2292-4fc5-813e-ba9d9ae06b15,2026-06-24 15:32:34+00:00,USR_0990,impossible_travel,impossible_travel,impossible_travel,Rule Override: geo_velocity_kmh > 900 km/h AND geo_distance > 500 km
fddfc026-e5bd-46e8-b2f5-fc521130cafe,2026-06-24 15:42:46+00:00,USR_0109,impossible_travel,impossible_travel,impossible_travel,Rule Override: geo_velocity_kmh > 900 km/h AND geo_distance > 500 km
b109d02f-6b09-40ea-bee9-78c055a858d4,2026-06-24 15:52:56+00:00,USR_0522,impossible_travel,impossible_travel,impossible_travel,Rule Override: geo_velocity_kmh > 900 km/h AND geo_distance > 500 km
2d2f79ee-7b40-4710-a516-1dc94478007b,2026-06-24 15:53:28+00:00,SRV_0743,normal,unknown,unknown,XGBoost ML Classifier
eff8d8ff-2ac6-4b75-86c2-1895754c1f0b,2026-06-24 15:58:35+00:00,USR_0186,impossible_travel,impossible_travel,impossible_travel,Rule Override: geo_velocity_kmh > 900 km/h AND geo_distance > 500 km
4b3bf030-7abe-4e5d-8f5b-4ccd42f453a6,2026-06-24 16:13:36+00:00,DEV_0429,normal,unknown,unknown,XGBoost ML Classifier
647a4185-2a85-40c8-ab3c-66344c3c9335,2026-06-24 16:51:38+00:00,SRV_0767,normal,unknown,unknown,XGBoost ML Classifier
09485e54-6c15-4c38-81ba-7032b71d334a,2026-06-24 17:04:18+00:00,USR_0049,impossible_travel,impossible_travel,impossible_travel,Rule Override: geo_velocity_kmh > 900 km/h AND geo_distance > 500 km
06aea49c-cea5-470c-998b-e1b219a41a6b,2026-06-24 17:28:09+00:00,SRV_0207,normal,unknown,unknown,XGBoost ML Classifier
7b4da08b-c62e-40bc-be26-e748fa1d6978,2026-06-24 17:39:16+00:00,SRV_0628,impossible_travel,impossible_travel,impossible_travel,Rule Override: geo_velocity_kmh > 900 km/h AND geo_distance > 500 km
a8cc35f1-9900-4ac0-adf4-701faa67ddde,2026-06-24 17:44:39+00:00,USR_0350,normal,unknown,insider_drift,XGBoost ML Classifier
9c48bad9-2b98-48b2-9f6b-2ba1769d73aa,2026-06-24 17:45:44+00:00,SRV_0728,normal,unknown,unknown,XGBoost ML Classifier
9d5b5c45-33a6-4320-bab4-f06dc2bcd13b,2026-06-24 17:59:03+00:00,SRV_0477,normal,unknown,unknown,XGBoost ML Classifier
5e3f558a-77bb-4d0d-bd35-d0e33c5c53c8,2026-06-24 18:13:47+00:00,SRV_0729,normal,unknown,unknown,XGBoost ML Classifier
a47c4518-fb99-4cb6-9ee9-b7d2f28b09fd,2026-06-24 18:19:46.833030+00:00,USR_0762,brute_force,brute_force,brute_force,XGBoost ML Classifier
ecf44211-9cea-4da0-a3ab-b72342e88bf1,2026-06-24 18:19:47.507415+00:00,USR_0762,brute_force,brute_force,brute_force,XGBoost ML Classifier
8a9dcba0-b562-440f-9ac2-24689a3469e4,2026-06-24 18:19:47.680464+00:00,USR_0762,brute_force,brute_force,brute_force,XGBoost ML Classifier
183a8f33-5193-44ed-adbd-02efb4815755,2026-06-24 18:19:47.758086+00:00,USR_0762,brute_force,brute_force,brute_force,XGBoost ML Classifier
91c92b39-71f0-4dd8-a235-c45fdda47556,2026-06-24 18:19:48.868901+00:00,USR_0762,brute_force,brute_force,brute_force,XGBoost ML Classifier
7357dd43-122c-41bf-b5a4-cc8e9409f1fc,2026-06-24 18:19:48.934724+00:00,USR_0762,brute_force,brute_force,brute_force,XGBoost ML Classifier
95cc910c-ebf2-408d-a9a4-48ca9ae2e314,2026-06-24 18:19:49.057807+00:00,USR_0762,brute_force,brute_force,brute_force,XGBoost ML Classifier
ea5ce23c-3e99-4fad-9bbe-54e354019878,2026-06-24 18:19:49.307300+00:00,USR_0762,brute_force,brute_force,brute_force,XGBoost ML Classifier
475fd090-bb43-49c2-95de-e00527f55970,2026-06-24 18:19:49.594182+00:00,USR_0762,brute_force,brute_force,brute_force,XGBoost ML Classifier
8526fa43-cf88-471e-82e5-d23ce1137ae9,2026-06-24 18:19:51+00:00,SRV_0404,normal,unknown,unknown,XGBoost ML Classifier
bf8bdfad-08df-4157-98b8-eefbfb5e1c84,2026-06-24 18:19:53.222884+00:00,USR_0762,brute_force,brute_force,brute_force,XGBoost ML Classifier
66ae5648-1c86-4188-bf34-d3d5be3d8874,2026-06-24 18:19:53.537350+00:00,USR_0762,brute_force,brute_force,brute_force,XGBoost ML Classifier
c18dee73-aa0f-4653-9d27-beafd7ac3669,2026-06-24 18:19:53.950905+00:00,USR_0762,brute_force,brute_force,brute_force,XGBoost ML Classifier
e561114b-566e-4168-9bc9-49440045f946,2026-06-24 18:19:54.753938+00:00,USR_0762,brute_force,brute_force,brute_force,XGBoost ML Classifier
1d025bcb-1650-4f93-977d-63b1a4e393ef,2026-06-24 18:19:55.007284+00:00,USR_0762,brute_force,brute_force,brute_force,XGBoost ML Classifier
f524ac7c-c74e-4890-8c2c-cc3e9ffb1be9,2026-06-24 18:19:56.361093+00:00,USR_0762,brute_force,brute_force,brute_force,XGBoost ML Classifier
7af20a3e-e2ea-4958-9fe9-cc6154edda7c,2026-06-24 18:19:56.446348+00:00,USR_0762,brute_force,brute_force,brute_force,XGBoost ML Classifier
d7a1e53f-0676-494a-abd0-fb597fae8c37,2026-06-24 18:19:57.083862+00:00,USR_0762,brute_force,brute_force,brute_force,XGBoost ML Classifier
fa7a69a6-e520-4d04-bda8-da68da7a533d,2026-06-24 18:19:57.827236+00:00,USR_0762,brute_force,brute_force,brute_force,XGBoost ML Classifier
e9dfc1f4-95d1-4ae9-ad2d-b07d6a20ce6f,2026-06-24 18:19:58.043853+00:00,USR_0762,brute_force,brute_force,brute_force,XGBoost ML Classifier
3c0b6df4-0a57-4aff-9af2-94542d194f4b,2026-06-24 18:19:58.154363+00:00,USR_0762,brute_force,brute_force,brute_force,XGBoost ML Classifier
65c6cb49-71ba-4858-80c8-047095f435fd,2026-06-24 18:19:58.180874+00:00,USR_0762,brute_force,brute_force,brute_force,XGBoost ML Classifier
197ed9cf-7307-4eb9-9596-a4cc73418ae8,2026-06-24 18:19:58.974563+00:00,USR_0762,brute_force,brute_force,brute_force,XGBoost ML Classifier
07986064-aeda-457b-8ee8-0152515ac716,2026-06-24 18:19:59.734326+00:00,USR_0762,brute_force,brute_force,brute_force,XGBoost ML Classifier
76423c0b-cb15-4afa-ae10-9567521924cc,2026-06-24 18:20:00.492926+00:00,USR_0762,brute_force,brute_force,brute_force,XGBoost ML Classifier
ae6387db-b0c4-4052-be95-b09eba65b32c,2026-06-24 18:20:01.421720+00:00,USR_0762,brute_force,brute_force,brute_force,XGBoost ML Classifier
05015962-72d7-4449-85a5-537e0fca91b1,2026-06-24 18:20:01.517358+00:00,USR_0762,brute_force,brute_force,brute_force,XGBoost ML Classifier
e2f65809-fd79-4542-84b0-556381a834f2,2026-06-24 18:20:02.538582+00:00,USR_0762,brute_force,brute_force,brute_force,XGBoost ML Classifier
86505cd4-026a-4636-855b-d95a7e64ae46,2026-06-24 18:20:03.056582+00:00,USR_0762,brute_force,brute_force,brute_force,XGBoost ML Classifier
b0b922d3-7f76-4fff-ac75-7dba5b7e4117,2026-06-24 18:20:03.308789+00:00,USR_0762,brute_force,brute_force,brute_force,XGBoost ML Classifier
37189a36-78fc-435a-b533-7cbbad046614,2026-06-24 18:20:03.515788+00:00,USR_0762,brute_force,brute_force,brute_force,XGBoost ML Classifier
848b0353-bcc6-4b5a-9b5a-dbc1e0b89dc2,2026-06-24 18:20:04.318319+00:00,USR_0762,brute_force,brute_force,brute_force,Rule Override: failed_auth_count_5min > 30
e34b07d0-8c81-4008-8857-9603f32d93bc,2026-06-24 18:20:04.386867+00:00,USR_0762,brute_force,brute_force,brute_force,Rule Override: failed_auth_count_5min > 30
827bcd5e-7f4e-42c5-94c4-db7078d7404f,2026-06-24 18:20:04.775199+00:00,USR_0762,brute_force,brute_force,brute_force,Rule Override: failed_auth_count_5min > 30
9e19b1ae-4f11-45bf-8c81-d0dae996909a,2026-06-24 18:20:05.219133+00:00,USR_0762,brute_force,brute_force,brute_force,Rule Override: failed_auth_count_5min > 30
890959ef-0ebc-4241-b57e-02d66980171d,2026-06-24 18:20:05.339578+00:00,USR_0762,brute_force,brute_force,brute_force,Rule Override: failed_auth_count_5min > 30
d46cb911-7b4b-4b73-8f32-efbeb7c436b1,2026-06-24 18:20:05.672422+00:00,USR_0762,brute_force,brute_force,brute_force,Rule Override: failed_auth_count_5min > 30
8974b42b-95f4-40cb-8c61-cf5fa3c6e268,2026-06-24 18:20:05.745107+00:00,USR_0762,brute_force,brute_force,brute_force,Rule Override: failed_auth_count_5min > 30
031db7e8-6932-4fd1-9538-f2e64e737982,2026-06-24 18:20:05.748862+00:00,USR_0762,brute_force,brute_force,brute_force,Rule Override: failed_auth_count_5min > 30
4a65646d-ac18-431c-af8e-8164f6a59646,2026-06-24 18:20:05.850418+00:00,USR_0762,brute_force,brute_force,brute_force,Rule Override: failed_auth_count_5min > 30
5b2f95b8-3f6b-48b1-97e3-d9c7dddcffe3,2026-06-24 18:20:05.946959+00:00,USR_0762,brute_force,brute_force,brute_force,Rule Override: failed_auth_count_5min > 30
aac4bd59-1f7b-4666-8db1-38fa74e1521f,2026-06-24 18:20:06.312968+00:00,USR_0762,brute_force,brute_force,brute_force,Rule Override: failed_auth_count_5min > 30
864fd533-aa14-4926-87ce-3f8756b8c98f,2026-06-24 18:20:06.547135+00:00,USR_0762,brute_force,brute_force,brute_force,Rule Override: failed_auth_count_5min > 30
e097b3ae-ccb9-4760-a5ae-eae1086582bb,2026-06-24 18:20:06.687812+00:00,USR_0762,brute_force,brute_force,brute_force,Rule Override: failed_auth_count_5min > 30
cfd66bed-b3ff-4cf4-af13-6b4dd5c982f9,2026-06-24 18:20:07.346854+00:00,USR_0762,brute_force,brute_force,brute_force,Rule Override: failed_auth_count_5min > 30
cf449d3b-b91a-4b1e-a1d8-7e70699a0760,2026-06-24 18:20:07.382262+00:00,USR_0762,brute_force,brute_force,brute_force,Rule Override: failed_auth_count_5min > 30
dbd942cb-ba14-4329-822a-6519264eb1f3,2026-06-24 18:20:07.861910+00:00,USR_0762,brute_force,brute_force,brute_force,Rule Override: failed_auth_count_5min > 30
b5d2dda6-b1e7-44db-bef0-43b493983e9a,2026-06-24 18:20:08.018881+00:00,USR_0762,brute_force,brute_force,brute_force,Rule Override: failed_auth_count_5min > 30
f1cb9440-73c3-4c8a-bd61-c4489f2ee7ac,2026-06-24 18:20:08.483615+00:00,USR_0762,brute_force,brute_force,brute_force,Rule Override: failed_auth_count_5min > 30
180b24c5-cdba-43eb-9656-49eb6281f8a1,2026-06-24 18:20:08.552110+00:00,USR_0762,brute_force,brute_force,brute_force,Rule Override: failed_auth_count_5min > 30
3c88ff66-12ba-4cc7-8b88-a36263261f12,2026-06-24 18:20:08.921072+00:00,USR_0762,brute_force,brute_force,brute_force,Rule Override: failed_auth_count_5min > 30
6b0c7e5f-4b0f-4cc1-8408-3da56716cf95,2026-06-24 18:20:09.424633+00:00,USR_0762,brute_force,brute_force,brute_force,Rule Override: failed_auth_count_5min > 30
ba742b38-0f3c-4cb2-824d-1f1b8d52a724,2026-06-24 18:20:09.524579+00:00,USR_0762,brute_force,brute_force,brute_force,Rule Override: failed_auth_count_5min > 30
a15a9585-7217-40ef-a112-a4c854f25dd3,2026-06-24 18:20:09.700396+00:00,USR_0762,brute_force,brute_force,brute_force,Rule Override: failed_auth_count_5min > 30
b1622d64-b5ff-4609-bfb4-e0adae1d7fcc,2026-06-24 18:20:10.559395+00:00,USR_0762,brute_force,brute_force,brute_force,Rule Override: failed_auth_count_5min > 30
a96b86ae-1341-4d56-aeed-eca76f490027,2026-06-24 18:20:10.787293+00:00,USR_0762,brute_force,brute_force,brute_force,Rule Override: failed_auth_count_5min > 30
2f1572e2-8350-48ff-96bb-fa058e1b1e91,2026-06-24 18:20:10.885297+00:00,USR_0762,brute_force,brute_force,brute_force,Rule Override: failed_auth_count_5min > 30
45d87479-5e73-4051-a611-57b3b67e5056,2026-06-24 18:20:12.031896+00:00,USR_0762,brute_force,brute_force,brute_force,Rule Override: failed_auth_count_5min > 30
08ccdd83-544c-4423-90ba-5b6060d8feb2,2026-06-24 18:20:12.431171+00:00,USR_0762,brute_force,brute_force,brute_force,Rule Override: failed_auth_count_5min > 30
44f4f79a-7cad-4753-999c-9d29480dc71e,2026-06-24 18:20:12.712783+00:00,USR_0762,brute_force,brute_force,brute_force,Rule Override: failed_auth_count_5min > 30
de90b75d-106f-4eed-b022-70826d7c2f62,2026-06-24 18:20:12.731595+00:00,USR_0762,brute_force,brute_force,brute_force,Rule Override: failed_auth_count_5min > 30
8104aa05-a7c6-46a1-a174-72eef41eec76,2026-06-24 18:20:13.949127+00:00,USR_0762,brute_force,brute_force,brute_force,Rule Override: failed_auth_count_5min > 30
76013cf0-c170-4df1-8d14-22ceda24efd7,2026-06-24 18:20:14.629859+00:00,USR_0762,brute_force,brute_force,brute_force,Rule Override: failed_auth_count_5min > 30
d24f53bb-b71d-4cfe-a427-1e7e2c18e2bd,2026-06-24 18:20:15.041730+00:00,USR_0762,brute_force,brute_force,brute_force,Rule Override: failed_auth_count_5min > 30
3cb9ead7-1a45-4cc5-9c52-0472d230d178,2026-06-24 18:20:15.335921+00:00,USR_0762,brute_force,brute_force,brute_force,Rule Override: failed_auth_count_5min > 30
e41649f8-953f-446a-84c1-834c0493dbb9,2026-06-24 18:20:15.377137+00:00,USR_0762,brute_force,brute_force,brute_force,Rule Override: failed_auth_count_5min > 30
4bb72d60-0d4e-49a1-b180-90635b75677f,2026-06-24 18:20:15.885128+00:00,USR_0762,brute_force,brute_force,brute_force,Rule Override: failed_auth_count_5min > 30
356264e7-e88e-402a-ab14-e56cd6bc0cb9,2026-06-24 18:20:16.187947+00:00,USR_0762,brute_force,brute_force,brute_force,Rule Override: failed_auth_count_5min > 30
dfa74f4f-60bc-4c88-8614-ed51c19b837e,2026-06-24 18:20:16.985418+00:00,USR_0762,brute_force,brute_force,brute_force,Rule Override: failed_auth_count_5min > 30
9cfefb19-92ab-49b7-a08b-44f2cc10f8d9,2026-06-24 18:20:17.661642+00:00,USR_0762,brute_force,brute_force,brute_force,Rule Override: failed_auth_count_5min > 30
3a9a3daa-e9f4-41dd-b900-b0f97476ab5b,2026-06-24 18:20:17.938505+00:00,USR_0762,brute_force,brute_force,brute_force,Rule Override: failed_auth_count_5min > 30
a3817c64-559c-4a17-ba6c-50b48b7aa6d8,2026-06-24 18:20:18.384211+00:00,USR_0762,brute_force,brute_force,brute_force,Rule Override: failed_auth_count_5min > 30
bfe8f19b-21cf-4ebb-b081-79170f05993e,2026-06-24 18:20:18.408256+00:00,USR_0762,brute_force,brute_force,brute_force,Rule Override: failed_auth_count_5min > 30
d2d6a056-49fa-4fcc-80a8-f67e050b2f83,2026-06-24 18:20:18.530758+00:00,USR_0762,brute_force,brute_force,brute_force,Rule Override: failed_auth_count_5min > 30
04b846ca-4e16-47db-a533-7ac108bb0507,2026-06-24 18:20:18.976858+00:00,USR_0762,brute_force,brute_force,brute_force,Rule Override: failed_auth_count_5min > 30
3365488e-6438-4f1e-bd85-a97c6e668f49,2026-06-24 18:20:19.328003+00:00,USR_0762,brute_force,brute_force,brute_force,Rule Override: failed_auth_count_5min > 30
888612e6-f600-4f0e-aca9-05a06ef73089,2026-06-24 18:20:20.604376+00:00,USR_0762,brute_force,brute_force,brute_force,Rule Override: failed_auth_count_5min > 30
409830b9-94a4-420d-907b-8bee73617c1b,2026-06-24 18:20:20.814533+00:00,USR_0762,brute_force,brute_force,brute_force,Rule Override: failed_auth_count_5min > 30
a44c6d27-d1f8-432c-8018-d4eb75c66f23,2026-06-24 18:20:21.799186+00:00,USR_0762,brute_force,brute_force,brute_force,Rule Override: failed_auth_count_5min > 30
56634952-f1ad-4d11-88a3-2ea32cb03552,2026-06-24 18:20:22.049258+00:00,USR_0762,brute_force,brute_force,brute_force,Rule Override: failed_auth_count_5min > 30
960f3d21-95da-42e3-aa5a-066388cdd9d2,2026-06-24 18:20:23.047476+00:00,USR_0762,brute_force,brute_force,brute_force,Rule Override: failed_auth_count_5min > 30
575a6fe7-f286-4162-a66e-ae73c5ce726c,2026-06-24 18:20:23.761233+00:00,USR_0762,brute_force,brute_force,brute_force,Rule Override: failed_auth_count_5min > 30
b4224798-facd-46c2-b3aa-b179f103d1bb,2026-06-24 18:20:24.063352+00:00,USR_0762,brute_force,brute_force,brute_force,Rule Override: failed_auth_count_5min > 30
9f369be0-9afc-4a17-bf9b-9eb1ec7c0724,2026-06-24 18:20:24.474071+00:00,USR_0762,brute_force,brute_force,brute_force,Rule Override: failed_auth_count_5min > 30
3591814b-c4f1-42ec-89f8-57f2e465129d,2026-06-24 18:20:24.940715+00:00,USR_0762,brute_force,brute_force,brute_force,Rule Override: failed_auth_count_5min > 30
d258762a-edc3-4d94-846d-fe6d1b7a6c50,2026-06-24 18:20:25.772248+00:00,USR_0762,brute_force,brute_force,brute_force,Rule Override: failed_auth_count_5min > 30
feff8001-34c6-4d97-bf3a-9ae641081b9b,2026-06-24 18:20:26.411403+00:00,USR_0762,brute_force,brute_force,brute_force,Rule Override: failed_auth_count_5min > 30
7eb5398e-24b2-44b7-8794-3506b1ca9966,2026-06-24 18:20:26.667886+00:00,USR_0762,brute_force,brute_force,brute_force,Rule Override: failed_auth_count_5min > 30
a0636606-bdb7-4629-bfe8-5e81207631a0,2026-06-24 18:20:27.581751+00:00,USR_0762,brute_force,brute_force,brute_force,Rule Override: failed_auth_count_5min > 30
3e93d49f-f7e8-424b-a696-a58a72df1eb9,2026-06-24 18:20:27.957119+00:00,USR_0762,brute_force,brute_force,brute_force,Rule Override: failed_auth_count_5min > 30
e8afc79f-cabd-4bbd-a3f5-435cb0d4c314,2026-06-24 18:20:28.395387+00:00,USR_0762,brute_force,brute_force,brute_force,Rule Override: failed_auth_count_5min > 30
c678d34f-c7eb-459e-a325-d7952bd55a6b,2026-06-24 18:20:28.570900+00:00,USR_0762,brute_force,brute_force,brute_force,Rule Override: failed_auth_count_5min > 30
c12455c0-a9d5-4c0c-a63e-c52573face2b,2026-06-24 18:20:29.796408+00:00,USR_0762,brute_force,brute_force,brute_force,Rule Override: failed_auth_count_5min > 30
212f8d4a-0c82-4d0f-ba2a-6a8d5b57b805,2026-06-24 18:20:30.506120+00:00,USR_0762,brute_force,brute_force,brute_force,Rule Override: failed_auth_count_5min > 30
fa037017-da1c-4652-8228-5640bd6ee7a0,2026-06-24 18:20:30.523656+00:00,USR_0762,brute_force,brute_force,brute_force,Rule Override: failed_auth_count_5min > 30
6c1b0637-8cbe-4ac5-9855-865450c40fba,2026-06-24 18:20:31.545567+00:00,USR_0762,brute_force,brute_force,brute_force,Rule Override: failed_auth_count_5min > 30
0dffa965-aaee-4f10-a2f4-21512f7615e7,2026-06-24 18:20:31.638453+00:00,USR_0762,brute_force,brute_force,brute_force,Rule Override: failed_auth_count_5min > 30
c5c18cfc-bfad-4a22-9a03-d563b1e3141f,2026-06-24 18:20:33.911532+00:00,USR_0762,brute_force,brute_force,brute_force,Rule Override: failed_auth_count_5min > 30
7ef08ae6-7f34-478c-9873-f394e2ac5973,2026-06-24 18:20:34.017606+00:00,USR_0762,brute_force,brute_force,brute_force,Rule Override: failed_auth_count_5min > 30
5424c673-0356-459d-b398-f5a9bdf5e069,2026-06-24 18:20:34.025631+00:00,USR_0762,brute_force,brute_force,brute_force,Rule Override: failed_auth_count_5min > 30
fda2fd70-ce25-4444-98a2-5e12acafb6ae,2026-06-24 18:20:34.259424+00:00,USR_0762,brute_force,brute_force,brute_force,Rule Override: failed_auth_count_5min > 30
496cce75-32ad-4a91-80b9-eb921e9ccfb9,2026-06-24 18:20:34.517019+00:00,USR_0762,brute_force,brute_force,brute_force,Rule Override: failed_auth_count_5min > 30
89b5bd6a-96a9-4441-b5e8-eb37e8479731,2026-06-24 18:20:34.834812+00:00,USR_0762,brute_force,brute_force,brute_force,Rule Override: failed_auth_count_5min > 30
b20a8719-5fc6-4e8d-9aea-0f9596b1019b,2026-06-24 18:20:35.223593+00:00,USR_0762,brute_force,brute_force,brute_force,Rule Override: failed_auth_count_5min > 30
b686985a-29db-449c-9c71-295fa393920f,2026-06-24 18:20:36.604189+00:00,USR_0762,brute_force,brute_force,brute_force,Rule Override: failed_auth_count_5min > 30
769b65e7-1acd-4f82-88c8-e0d3533008ea,2026-06-24 18:20:36.788338+00:00,USR_0762,brute_force,brute_force,brute_force,Rule Override: failed_auth_count_5min > 30
0de42588-47c2-4992-80bd-a7b1a9200932,2026-06-24 18:20:36.856986+00:00,USR_0762,brute_force,brute_force,brute_force,Rule Override: failed_auth_count_5min > 30
f622ca62-e96e-4267-9e3c-d2a92bd215ed,2026-06-24 18:20:37.770770+00:00,USR_0762,brute_force,brute_force,brute_force,Rule Override: failed_auth_count_5min > 30
7aebc983-526c-482e-be25-cab886e2af34,2026-06-24 18:20:37.882594+00:00,USR_0762,brute_force,brute_force,brute_force,Rule Override: failed_auth_count_5min > 30
9e00220e-b59d-42fd-a39d-98d1c6431f40,2026-06-24 18:20:39.158557+00:00,USR_0762,brute_force,brute_force,brute_force,Rule Override: failed_auth_count_5min > 30
90818e21-a08a-4302-83c1-4e20b73277cf,2026-06-24 18:20:42.307843+00:00,USR_0762,brute_force,brute_force,brute_force,Rule Override: failed_auth_count_5min > 30
852db6c4-02c3-471c-be23-cbc9f55918ef,2026-06-24 18:20:42.349443+00:00,USR_0762,brute_force,brute_force,brute_force,Rule Override: failed_auth_count_5min > 30
573cb171-8dbb-456e-b563-948eba0b8240,2026-06-24 18:20:42.669431+00:00,USR_0762,brute_force,brute_force,brute_force,Rule Override: failed_auth_count_5min > 30
92056772-c71d-4432-8dbf-06866094458f,2026-06-24 18:20:44.213782+00:00,USR_0762,brute_force,brute_force,brute_force,Rule Override: failed_auth_count_5min > 30
4fcf398b-76ea-45fe-85be-9209a3415ca1,2026-06-24 18:20:44.428236+00:00,USR_0762,brute_force,brute_force,brute_force,Rule Override: failed_auth_count_5min > 30
25575233-422b-4490-928a-cac624cefbab,2026-06-24 18:20:45.508467+00:00,USR_0762,brute_force,brute_force,brute_force,Rule Override: failed_auth_count_5min > 30
db916a95-104d-49e5-9cdf-35821b6bae26,2026-06-24 18:20:47.662476+00:00,USR_0762,brute_force,brute_force,brute_force,Rule Override: failed_auth_count_5min > 30
75d80118-1799-4d30-afd6-9b7343d2f014,2026-06-24 18:20:48.531577+00:00,USR_0762,brute_force,brute_force,brute_force,Rule Override: failed_auth_count_5min > 30
752b2d02-94d8-4d8e-b686-afc91e2d59ba,2026-06-24 18:20:48.536775+00:00,USR_0762,brute_force,brute_force,brute_force,Rule Override: failed_auth_count_5min > 30
c45364b4-b2f6-41c5-92de-d38fdbf85c8a,2026-06-24 18:20:48.670432+00:00,USR_0762,brute_force,brute_force,brute_force,Rule Override: failed_auth_count_5min > 30
f5885bf8-2183-474f-9344-1d2d010eae76,2026-06-24 18:20:48.768397+00:00,USR_0762,brute_force,brute_force,brute_force,Rule Override: failed_auth_count_5min > 30
b9b5f67c-e562-4adc-ac63-5ef01a5c7d9d,2026-06-24 18:20:49.571659+00:00,USR_0762,brute_force,brute_force,brute_force,Rule Override: failed_auth_count_5min > 30
641e0119-d48e-4e6a-ac98-47ed681d9c8e,2026-06-24 18:20:49.797805+00:00,USR_0762,brute_force,brute_force,brute_force,Rule Override: failed_auth_count_5min > 30
00b34250-5806-47b4-9e54-f6a5052f57ce,2026-06-24 18:20:51.917197+00:00,USR_0762,brute_force,brute_force,brute_force,Rule Override: failed_auth_count_5min > 30
710408d5-de06-4566-a633-7769f60d1789,2026-06-24 18:20:52.666909+00:00,USR_0762,brute_force,brute_force,brute_force,Rule Override: failed_auth_count_5min > 30
914cfc8f-28e5-402a-805f-636362d17e1e,2026-06-24 18:20:53.034622+00:00,USR_0762,brute_force,brute_force,brute_force,Rule Override: failed_auth_count_5min > 30
77f149e7-8d73-4b44-b26e-1c079bf8916e,2026-06-24 18:20:53.784322+00:00,USR_0762,brute_force,brute_force,brute_force,Rule Override: failed_auth_count_5min > 30
333b941a-158b-4d45-b1c9-ab4cff56d301,2026-06-24 18:20:54.812546+00:00,USR_0762,brute_force,brute_force,brute_force,Rule Override: failed_auth_count_5min > 30
b5c0a164-83aa-4d9c-b08e-3136279983b7,2026-06-24 18:20:55.737207+00:00,USR_0762,brute_force,brute_force,brute_force,Rule Override: failed_auth_count_5min > 30
8345b260-1e82-4a2d-949d-a4fe319e7620,2026-06-24 18:21:00.188543+00:00,USR_0762,brute_force,brute_force,brute_force,Rule Override: failed_auth_count_5min > 30
4de302df-de2a-41aa-bebb-f549c3905d7f,2026-06-24 18:21:00.608503+00:00,USR_0762,brute_force,brute_force,brute_force,Rule Override: failed_auth_count_5min > 30
2d336403-8bca-42ef-8ddb-7bc0223c5bc4,2026-06-24 18:21:01.508677+00:00,USR_0762,brute_force,brute_force,brute_force,Rule Override: failed_auth_count_5min > 30
447e6b87-506e-4e96-8412-cf4b280527df,2026-06-24 18:21:02.738880+00:00,USR_0762,brute_force,brute_force,brute_force,Rule Override: failed_auth_count_5min > 30
715dc9a8-e593-4a25-b6bb-22b6e83dd4f3,2026-06-24 18:21:02.878769+00:00,USR_0762,brute_force,brute_force,brute_force,Rule Override: failed_auth_count_5min > 30
70828be0-d417-4c8d-995e-2f28daeb030f,2026-06-24 18:21:03.050646+00:00,USR_0762,brute_force,brute_force,brute_force,Rule Override: failed_auth_count_5min > 30
e6e57f4f-8ffb-42c9-adde-582eed023aa1,2026-06-24 18:21:04.060406+00:00,USR_0762,brute_force,brute_force,brute_force,Rule Override: failed_auth_count_5min > 30
8a2aba52-aecc-4cfe-a142-12bb643ef6ac,2026-06-24 18:21:04.826557+00:00,USR_0762,brute_force,brute_force,brute_force,Rule Override: failed_auth_count_5min > 30
f6c13995-be6f-494d-a1d5-1ceb2ce31413,2026-06-24 18:21:05.006023+00:00,USR_0762,brute_force,brute_force,brute_force,Rule Override: failed_auth_count_5min > 30
4e4c485b-519c-45dd-94fb-7aec67422573,2026-06-24 18:21:05.170162+00:00,USR_0762,brute_force,brute_force,brute_force,Rule Override: failed_auth_count_5min > 30
2979bb15-30c2-4370-a217-54d8720c5577,2026-06-24 18:21:05.250321+00:00,USR_0762,brute_force,brute_force,brute_force,Rule Override: failed_auth_count_5min > 30
980e9b3f-3aec-47c7-bd43-de694364c03c,2026-06-24 18:21:06.002723+00:00,USR_0762,brute_force,brute_force,brute_force,Rule Override: failed_auth_count_5min > 30
bd021a81-7796-45b4-b192-76c01c714b2c,2026-06-24 18:21:08.798445+00:00,USR_0762,brute_force,brute_force,brute_force,Rule Override: failed_auth_count_5min > 30
ee6f8253-413d-47be-b9bb-b36b9fd6f778,2026-06-24 18:21:09.399541+00:00,USR_0762,brute_force,brute_force,brute_force,Rule Override: failed_auth_count_5min > 30
86e391b1-1df6-4885-be1b-d7cc11a4cde5,2026-06-24 18:21:10.720721+00:00,USR_0762,brute_force,brute_force,brute_force,Rule Override: failed_auth_count_5min > 30
45057b03-144b-4875-a0f7-425c531987a2,2026-06-24 18:21:11.209652+00:00,USR_0762,brute_force,brute_force,brute_force,Rule Override: failed_auth_count_5min > 30
baa4f090-ef40-4ab0-9eca-e9afbdaa9304,2026-06-24 18:21:11.497878+00:00,USR_0762,brute_force,brute_force,brute_force,Rule Override: failed_auth_count_5min > 30
c59a509a-afe9-47b7-94e1-1cbfe0d06d97,2026-06-24 18:21:11.967308+00:00,USR_0762,brute_force,brute_force,brute_force,Rule Override: failed_auth_count_5min > 30
11964798-d731-48e2-9a21-75b00d85ef49,2026-06-24 18:21:16.651551+00:00,USR_0762,brute_force,brute_force,brute_force,Rule Override: failed_auth_count_5min > 30
5332f757-5f15-4e9a-844c-8478abb78aae,2026-06-24 18:21:18.820385+00:00,USR_0762,brute_force,brute_force,brute_force,Rule Override: failed_auth_count_5min > 30
e350cd8c-1c9e-49dc-a768-fc6af98b857e,2026-06-24 18:21:18.842218+00:00,USR_0762,brute_force,brute_force,brute_force,Rule Override: failed_auth_count_5min > 30
bf168f82-63e2-4fdd-b618-f8f3c870e0d2,2026-06-24 18:21:21.466846+00:00,USR_0762,brute_force,brute_force,brute_force,Rule Override: failed_auth_count_5min > 30
fe491719-5ce0-4921-9be0-f72b53401f62,2026-06-24 18:21:22.526298+00:00,USR_0762,brute_force,brute_force,brute_force,Rule Override: failed_auth_count_5min > 30
9e8f062c-033f-4efb-8ff3-f8c537a15732,2026-06-24 18:21:23.092709+00:00,USR_0762,brute_force,brute_force,brute_force,Rule Override: failed_auth_count_5min > 30
056104d3-2991-4d0b-89a9-415a5a496a62,2026-06-24 18:21:24.466436+00:00,USR_0762,brute_force,brute_force,brute_force,Rule Override: failed_auth_count_5min > 30
74ec60d0-ba2d-4769-af89-0545720a0f49,2026-06-24 18:21:24.860446+00:00,USR_0762,brute_force,brute_force,brute_force,Rule Override: failed_auth_count_5min > 30
36622cd0-ca86-4a17-8a6a-11c38dd7d422,2026-06-24 18:21:25.117255+00:00,USR_0762,brute_force,brute_force,brute_force,Rule Override: failed_auth_count_5min > 30
692ef968-145f-46fc-ac78-386074166695,2026-06-24 18:21:25.241225+00:00,USR_0762,brute_force,brute_force,brute_force,Rule Override: failed_auth_count_5min > 30
be3305ff-7da6-4cfa-810c-b536c6f7c08c,2026-06-24 18:21:26.627577+00:00,USR_0762,brute_force,brute_force,brute_force,Rule Override: failed_auth_count_5min > 30
6c8a54b5-e04f-4f4b-8b3f-a78f89e30387,2026-06-24 18:21:27.221992+00:00,USR_0762,brute_force,brute_force,brute_force,Rule Override: failed_auth_count_5min > 30
b7a24ca7-17e2-41ef-8853-0ab8c984f1db,2026-06-24 18:21:29.757635+00:00,USR_0762,brute_force,brute_force,brute_force,Rule Override: failed_auth_count_5min > 30
e4af2f0b-3374-4b84-9554-b0ab01905b2a,2026-06-24 18:21:31.036891+00:00,USR_0762,brute_force,brute_force,brute_force,Rule Override: failed_auth_count_5min > 30
3e02a9c5-c9a4-4bb9-826d-d126559fb4ff,2026-06-24 18:21:31.628144+00:00,USR_0762,brute_force,brute_force,brute_force,Rule Override: failed_auth_count_5min > 30
459d6d58-5e05-4ec3-a592-ba458a4c64dc,2026-06-24 18:21:32+00:00,DEV_0265,normal,unknown,unknown,XGBoost ML Classifier
44423346-ab6a-49f4-b018-dafb1ca55b2c,2026-06-24 18:21:34.093287+00:00,USR_0762,brute_force,brute_force,brute_force,Rule Override: failed_auth_count_5min > 30
1faa2058-9ca3-4667-9258-92f3098448e1,2026-06-24 18:21:35.384515+00:00,USR_0762,brute_force,brute_force,brute_force,Rule Override: failed_auth_count_5min > 30
80a1b0a4-4afa-4aba-8fa8-3f4f488f60c8,2026-06-24 18:21:36.569323+00:00,USR_0762,brute_force,brute_force,brute_force,Rule Override: failed_auth_count_5min > 30
efbcf822-ee71-4b97-9b89-69b328393d81,2026-06-24 18:21:37.139587+00:00,USR_0762,brute_force,brute_force,brute_force,Rule Override: failed_auth_count_5min > 30
dc1b854a-ab84-440d-a9f6-6ac49a4aebe8,2026-06-24 18:21:39.815976+00:00,USR_0762,brute_force,brute_force,brute_force,Rule Override: failed_auth_count_5min > 30
ff5b2d2d-b551-4853-bf3b-5a91739e3e0f,2026-06-24 18:21:40.854036+00:00,USR_0762,brute_force,brute_force,brute_force,Rule Override: failed_auth_count_5min > 30
6a431165-9b1b-4ba3-abca-5196d0f6c190,2026-06-24 18:21:44.138093+00:00,USR_0762,brute_force,brute_force,brute_force,Rule Override: failed_auth_count_5min > 30
512130c5-d2b2-4394-bc6e-b7fd12bba8db,2026-06-24 18:21:47.646296+00:00,USR_0762,brute_force,brute_force,brute_force,Rule Override: failed_auth_count_5min > 30
8c1b6df2-a805-4d66-aaff-02595d2e7a95,2026-06-24 18:21:49.396280+00:00,USR_0762,brute_force,brute_force,brute_force,Rule Override: failed_auth_count_5min > 30
3efca003-cea2-49d7-baeb-445f8cfeff96,2026-06-24 18:21:50.493335+00:00,USR_0762,brute_force,brute_force,brute_force,Rule Override: failed_auth_count_5min > 30
02e4ec84-4067-4151-a7ea-1e3b4e81ae72,2026-06-24 18:21:51.439228+00:00,USR_0762,brute_force,brute_force,brute_force,Rule Override: failed_auth_count_5min > 30
12cf9305-8695-496b-93c3-8fc47f648753,2026-06-24 18:21:52.482413+00:00,USR_0762,brute_force,brute_force,brute_force,Rule Override: failed_auth_count_5min > 30
382ec423-88b8-4338-af2e-9872d3360c3d,2026-06-24 18:21:54.138674+00:00,USR_0762,brute_force,brute_force,brute_force,Rule Override: failed_auth_count_5min > 30
b218570b-33d8-4372-92b5-5fb07861b038,2026-06-24 18:21:56.135730+00:00,USR_0762,brute_force,brute_force,brute_force,Rule Override: failed_auth_count_5min > 30
3bdb61b6-e8d9-4f22-ba6f-624a33198749,2026-06-24 18:21:58.491810+00:00,USR_0762,brute_force,brute_force,brute_force,Rule Override: failed_auth_count_5min > 30
88f0ccfc-07fd-4df6-9b83-c3987391bfbc,2026-06-24 18:22:08.558896+00:00,USR_0762,brute_force,brute_force,brute_force,Rule Override: failed_auth_count_5min > 30
189ab176-d58e-4d03-a335-84e35c33e20c,2026-06-24 18:22:11.052391+00:00,USR_0762,brute_force,brute_force,brute_force,Rule Override: failed_auth_count_5min > 30
edd0b069-9348-4e51-806d-3259e9c57edd,2026-06-24 18:22:13.543411+00:00,USR_0762,brute_force,brute_force,brute_force,Rule Override: failed_auth_count_5min > 30
b29990ea-f06c-4bf7-a3bd-4c876a3e5352,2026-06-24 18:22:14.785360+00:00,USR_0762,brute_force,brute_force,brute_force,Rule Override: failed_auth_count_5min > 30
41aa8f54-fc9e-4f26-92eb-2034400f4ca7,2026-06-24 18:22:24.621636+00:00,USR_0762,brute_force,brute_force,brute_force,Rule Override: failed_auth_count_5min > 30
6eb582d0-113f-4edc-82b7-529f4b76b7b4,2026-06-24 18:22:28.397947+00:00,USR_0762,brute_force,brute_force,brute_force,Rule Override: failed_auth_count_5min > 30
9a2a3d46-06ea-4c99-928e-34c2939b8b3a,2026-06-24 18:22:28.814778+00:00,USR_0762,brute_force,brute_force,brute_force,Rule Override: failed_auth_count_5min > 30
416dd404-88e5-4f12-a216-31729e79cfab,2026-06-24 18:22:35.884039+00:00,USR_0762,brute_force,brute_force,brute_force,Rule Override: failed_auth_count_5min > 30
2140b927-81c1-4410-9523-ca83df04908d,2026-06-24 18:22:35.971130+00:00,USR_0762,brute_force,brute_force,brute_force,Rule Override: failed_auth_count_5min > 30
2b3f874b-9d64-4516-9caf-2ec65b7efbf4,2026-06-24 18:22:37.582279+00:00,USR_0762,brute_force,brute_force,brute_force,Rule Override: failed_auth_count_5min > 30
1da27f30-75c9-4479-999d-468ab5b660ff,2026-06-24 18:32:16.985418+00:00,USR_0762,impossible_travel,impossible_travel,impossible_travel,Rule Override: geo_velocity_kmh > 900 km/h AND geo_distance > 500 km
c1d05d35-28bb-46ff-9d45-68008255d2c9,2026-06-24 18:37:24.860446+00:00,USR_0762,impossible_travel,impossible_travel,impossible_travel,Rule Override: geo_velocity_kmh > 900 km/h AND geo_distance > 500 km
0c8489f6-7bf0-4b27-a6fd-9a6b55d61046,2026-06-24 18:49:47+00:00,DEV_0676,normal,unknown,unknown,XGBoost ML Classifier
4f7d45f2-54ad-4295-8742-826587865264,2026-06-24 18:51:51+00:00,USR_0325,impossible_travel,impossible_travel,impossible_travel,Rule Override: geo_velocity_kmh > 900 km/h AND geo_distance > 500 km
f6749c54-4d45-4a3a-a12f-1d00792f3fb4,2026-06-24 18:57:56+00:00,USR_0419,normal,unknown,unknown,XGBoost ML Classifier
7b25301f-a81d-4f8b-84a3-cb73649748f6,2026-06-24 19:18:06+00:00,USR_0201,normal,unknown,lateral_movement,XGBoost ML Classifier
fb9dfaa1-34be-4586-a481-288b35203d1b,2026-06-24 19:43:13+00:00,SRV_0079,normal,unknown,unknown,XGBoost ML Classifier
231b8a58-442b-4443-9ba3-3be795c2ceb6,2026-06-24 19:53:20+00:00,SRV_0401,normal,unknown,unknown,XGBoost ML Classifier
7db04111-c4ee-4dc1-9587-1d70c836de3a,2026-06-24 19:59:42+00:00,DEV_0850,normal,unknown,unknown,XGBoost ML Classifier
0816aab3-3c58-4bae-b682-545fadbe6dee,2026-06-24 20:05:07+00:00,SRV_0182,normal,unknown,unknown,XGBoost ML Classifier
4fe25c5b-6d54-4f25-b040-a67f2cd6842c,2026-06-24 20:28:14+00:00,DEV_0065,normal,unknown,unknown,XGBoost ML Classifier
b3c12135-a57a-497a-945e-431f782a1473,2026-06-24 21:49:48+00:00,SRV_0805,normal,unknown,unknown,XGBoost ML Classifier
8856585b-e1a3-4d4d-92e1-aafef7824139,2026-06-24 21:51:29+00:00,SRV_0566,normal,unknown,unknown,XGBoost ML Classifier
cfcbf524-4f10-455e-92de-753b0cef2812,2026-06-24 22:12:47+00:00,SRV_0936,normal,unknown,unknown,XGBoost ML Classifier
e1333643-98a8-46f8-bac2-72c5eacf9a4d,2026-06-24 22:32:48+00:00,DEV_0877,normal,unknown,unknown,XGBoost ML Classifier
910a42bf-d95f-4752-926c-ab6af081b203,2026-06-24 22:32:59+00:00,SRV_0202,impossible_travel,impossible_travel,impossible_travel,Rule Override: geo_velocity_kmh > 900 km/h AND geo_distance > 500 km
e94852f1-3a41-49a9-8778-c24f5c5c0056,2026-06-24 22:41:47+00:00,DEV_0274,impossible_travel,impossible_travel,impossible_travel,Rule Override: geo_velocity_kmh > 900 km/h AND geo_distance > 500 km
6145afa7-2b25-47a0-88c1-16433044262c,2026-06-24 23:02:27+00:00,SRV_0086,normal,unknown,unknown,XGBoost ML Classifier
7bc4745c-cba5-4f6e-ac59-5de2bfe09f43,2026-06-24 23:41:05+00:00,USR_0270,normal,unknown,unknown,XGBoost ML Classifier
d5468241-8821-4925-b274-c3e584fa98e1,2026-06-24 23:52:44.888222+00:00,DEV_0479,lateral_movement,lateral_movement,lateral_movement,XGBoost ML Classifier
774fc218-174e-402d-9783-793aea6d0e06,2026-06-24 23:54:59.789426+00:00,DEV_0479,lateral_movement,lateral_movement,lateral_movement,XGBoost ML Classifier
8c41892f-1e0b-49bb-bfe8-adcae3c79389,2026-06-24 23:59:24+00:00,DEV_0593,normal,unknown,unknown,XGBoost ML Classifier
d93f45f9-ab5c-45b7-a07d-43d49a6745f2,2026-06-24 23:59:25.728000+00:00,SRV_0670,normal,unknown,unknown,XGBoost ML Classifier
2f1bba44-c3d7-4fbc-8970-c895505fba9e,2026-06-25 00:00:00+00:00,DEV_0632,normal,unknown,unknown,XGBoost ML Classifier
7ecdedf0-b68f-4312-adbb-cf37109ce91a,2026-06-25 00:00:00+00:00,DEV_0237,normal,unknown,unknown,XGBoost ML Classifier
32677393-37a0-4e45-958f-97d160f66e18,2026-06-25 00:00:00.682000+00:00,DEV_0862,normal,unknown,unknown,XGBoost ML Classifier
b11c65e3-f2db-414f-80f7-be8749880f2a,2026-06-25 00:00:04.965000+00:00,SRV_0156,normal,unknown,unknown,XGBoost ML Classifier
a634197d-d457-484f-a570-f92eed63d2bf,2026-06-25 00:00:09.270000+00:00,DEV_0260,normal,unknown,unknown,XGBoost ML Classifier
ebfbffc6-6876-4993-9cd6-81ef5c724ec5,2026-06-25 00:05:24+00:00,DEV_0507,impossible_travel,impossible_travel,impossible_travel,Rule Override: geo_velocity_kmh > 900 km/h AND geo_distance > 500 km
56d76292-d2fb-4671-a048-8b7f87dc1ef4,2026-06-25 00:15:24+00:00,SRV_0628,impossible_travel,impossible_travel,impossible_travel,Rule Override: geo_velocity_kmh > 900 km/h AND geo_distance > 500 km
b0d7d62f-c4be-4774-966f-ecf0eb4e1cdd,2026-06-25 00:18:24+00:00,DEV_0429,impossible_travel,impossible_travel,impossible_travel,Rule Override: geo_velocity_kmh > 900 km/h AND geo_distance > 500 km
9a30f94c-8bf6-4f52-9f9b-816d2a4f498b,2026-06-25 00:20:00+00:00,DEV_0904,impossible_travel,impossible_travel,impossible_travel,Rule Override: geo_velocity_kmh > 900 km/h AND geo_distance > 500 km
e4f545a9-7fc7-4a50-980c-276f3a9db2bb,2026-06-25 00:55:37+00:00,DEV_0534,normal,unknown,unknown,XGBoost ML Classifier
915026da-c7bd-4108-a305-7e889a809608,2026-06-25 01:03:23+00:00,DEV_0274,normal,unknown,lateral_movement,XGBoost ML Classifier
835aa506-1847-4861-ab6d-cc5088c89067,2026-06-25 01:20:35+00:00,USR_0346,low_slow_exfil,low_slow_exfil,low_slow_exfil,XGBoost ML Classifier
5d12f924-1e3c-4209-91c9-4e6e5c00ebd0,2026-06-25 01:33:36+00:00,SRV_0714,impossible_travel,impossible_travel,impossible_travel,Rule Override: geo_velocity_kmh > 900 km/h AND geo_distance > 500 km
f12d2fd2-34db-4479-b074-c6eecf24e29b,2026-06-25 02:14:39+00:00,SRV_0670,normal,unknown,unknown,XGBoost ML Classifier
8057f52a-2c6f-49c2-87a8-aa8cb2b3cf66,2026-06-25 02:50:40+00:00,USR_0249,low_slow_exfil,low_slow_exfil,low_slow_exfil,XGBoost ML Classifier
f9ae38f7-d0cb-49e2-8685-737489686004,2026-06-25 03:15:33+00:00,SRV_0055,normal,unknown,unknown,XGBoost ML Classifier
f4c53894-5d54-4b7c-9e58-88568e2bfea9,2026-06-25 03:16:11+00:00,USR_0249,low_slow_exfil,low_slow_exfil,low_slow_exfil,XGBoost ML Classifier
ca02fca4-5b71-4a2b-8ce9-536d5af8b977,2026-06-25 03:21:05+00:00,USR_0466,low_slow_exfil,low_slow_exfil,low_slow_exfil,XGBoost ML Classifier
92ce9e73-ee4d-4405-b52e-d377e8fd11cc,2026-06-25 03:30:21+00:00,SRV_0462,normal,unknown,unknown,XGBoost ML Classifier
6f5a3aa5-61b0-4068-87f1-9ff40cc1138c,2026-06-25 03:40:59+00:00,SRV_0966,normal,unknown,unknown,XGBoost ML Classifier
fabfbdcd-d53d-4154-ac8a-e10313f6407e,2026-06-25 03:50:54+00:00,USR_0440,normal,unknown,unknown,XGBoost ML Classifier
cad1bff1-90eb-453e-a9a7-e74adffb1fc8,2026-06-25 03:58:04+00:00,USR_0257,low_slow_exfil,low_slow_exfil,low_slow_exfil,XGBoost ML Classifier
30774502-ffbd-4fe8-80da-c09ca6da7f17,2026-06-25 04:29:13+00:00,DEV_0537,normal,unknown,unknown,XGBoost ML Classifier
ec39c002-4096-4faf-8bc8-316cfe66bd61,2026-06-25 05:04:54+00:00,SRV_0477,normal,unknown,unknown,XGBoost ML Classifier
32db3fea-68d5-45c8-a44f-8dd47e7716f9,2026-06-25 05:18:51+00:00,DEV_0420,normal,unknown,unknown,XGBoost ML Classifier
25816f35-be3d-47e5-aaf1-9d7bca6e6321,2026-06-25 05:20:46+00:00,DEV_0294,normal,unknown,unknown,XGBoost ML Classifier
7cebdffa-9567-4d6a-8c3f-e182dad2c2bd,2026-06-25 05:36:58+00:00,USR_0838,insider_drift,insider_drift,insider_drift,XGBoost ML Classifier
b6ebbb4e-b065-4156-9fb9-e3207ae55f50,2026-06-25 05:41:51+00:00,DEV_0311,normal,unknown,unknown,XGBoost ML Classifier
61d4dd53-08c4-40da-8948-152601a0ed20,2026-06-25 06:45:11+00:00,DEV_0543,normal,unknown,unknown,XGBoost ML Classifier
efa320a2-bbbf-4711-861b-b6c9bd874629,2026-06-25 06:56:20+00:00,USR_0562,normal,unknown,unknown,XGBoost ML Classifier
029cd673-91c1-48ec-8d06-e29aa24257bc,2026-06-25 07:05:12+00:00,DEV_0837,normal,unknown,unknown,XGBoost ML Classifier
d4d11b0d-d012-4649-9a57-4a5e725846b0,2026-06-25 07:06:12+00:00,SRV_0640,normal,unknown,unknown,XGBoost ML Classifier
50c7e6d5-c080-45f8-bfe0-7d7ff71c7c2e,2026-06-25 07:06:46+00:00,SRV_0541,impossible_travel,impossible_travel,impossible_travel,Rule Override: geo_velocity_kmh > 900 km/h AND geo_distance > 500 km
3fa350ef-aa6e-488c-b808-bb0742585410,2026-06-25 07:28:41+00:00,DEV_0065,impossible_travel,impossible_travel,impossible_travel,Rule Override: geo_velocity_kmh > 900 km/h AND geo_distance > 500 km
9aa8f770-a645-4a87-a41c-1cf1752e84fc,2026-06-25 07:48:16+00:00,SRV_0358,normal,unknown,unknown,XGBoost ML Classifier
785affaf-810e-47c4-ad0d-de5ebcc9e503,2026-06-25 07:52:56+00:00,DEV_0311,device_spoofing,device_spoofing,device_spoofing,XGBoost ML Classifier
81281c7a-e6d8-4a71-b135-a2fb897258e9,2026-06-25 07:58:50+00:00,DEV_0233,normal,unknown,unknown,XGBoost ML Classifier
7cb41df6-95f1-467a-a94f-c1998f34bdff,2026-06-25 08:22:12+00:00,USR_0288,normal,unknown,unknown,XGBoost ML Classifier
c8d48118-d519-4872-adee-01e87b247ce1,2026-06-25 09:34:02+00:00,USR_0062,impossible_travel,impossible_travel,impossible_travel,Rule Override: geo_velocity_kmh > 900 km/h AND geo_distance > 500 km
5270cbc7-2237-4a52-bfa0-8e08a3719b44,2026-06-25 10:05:30+00:00,DEV_0065,normal,unknown,unknown,XGBoost ML Classifier
ebdfca3f-ee18-4d37-87e5-f64d878076d0,2026-06-25 10:31:05+00:00,USR_0511,impossible_travel,impossible_travel,impossible_travel,Rule Override: geo_velocity_kmh > 900 km/h AND geo_distance > 500 km
caa8c515-64c9-4e15-949f-32a6acc2027c,2026-06-25 10:48:30+00:00,USR_0879,normal,unknown,unknown,XGBoost ML Classifier
36d65cc0-4647-4fc9-a173-0a6153314a28,2026-06-25 10:49:21+00:00,SRV_0462,normal,unknown,unknown,XGBoost ML Classifier
e5f4f925-c418-4f8c-bb79-e2b41338d2d4,2026-06-25 10:59:10+00:00,SRV_0058,normal,unknown,unknown,XGBoost ML Classifier
ea5ff848-0b48-4023-86c1-7588a99a1f9a,2026-06-25 11:51:52+00:00,USR_0580,normal,unknown,unknown,XGBoost ML Classifier
d77c435f-28e9-4e3b-bb80-42149219f76c,2026-06-25 11:53:13+00:00,DEV_0876,normal,unknown,unknown,XGBoost ML Classifier
0635c414-238c-4d98-85e6-68981e5dd3ea,2026-06-25 12:21:01+00:00,DEV_0326,normal,unknown,unknown,XGBoost ML Classifier
d1953cab-5afe-4ada-817c-3d0391c76414,2026-06-25 12:24:53+00:00,DEV_0862,normal,unknown,unknown,XGBoost ML Classifier
805b1a31-948c-45eb-9ec1-dd9932f2e2a5,2026-06-25 12:32:39+00:00,USR_0990,impossible_travel,impossible_travel,impossible_travel,Rule Override: geo_velocity_kmh > 900 km/h AND geo_distance > 500 km
f3dd0447-a3bb-4ed9-96ee-d1f5456432ba,2026-06-25 12:39:10+00:00,DEV_0212,normal,unknown,unknown,XGBoost ML Classifier
0aa270fe-ea60-4ea2-8f56-2f05f3bbdbb4,2026-06-25 13:02:26+00:00,USR_0695,insider_drift,insider_drift,insider_drift,XGBoost ML Classifier
dbd19f44-e5df-4baa-ae50-48aa23ac4759,2026-06-25 13:11:15+00:00,DEV_0537,impossible_travel,impossible_travel,impossible_travel,Rule Override: geo_velocity_kmh > 900 km/h AND geo_distance > 500 km
ea71d74e-924c-4ed2-87d9-4d8ca46f3343,2026-06-25 13:14:49+00:00,DEV_0787,normal,unknown,unknown,XGBoost ML Classifier
e199605b-9b6a-4fe4-bad5-d1766a7757d9,2026-06-25 13:16:02+00:00,DEV_0947,normal,unknown,unknown,XGBoost ML Classifier
7cd5f3e1-c822-4edd-8ce3-7e71ab734976,2026-06-25 13:53:28+00:00,USR_0792,impossible_travel,impossible_travel,impossible_travel,Rule Override: geo_velocity_kmh > 900 km/h AND geo_distance > 500 km
533ec23c-6185-4c96-ae64-f649f9ce0011,2026-06-25 14:42:07+00:00,USR_0930,impossible_travel,impossible_travel,impossible_travel,Rule Override: geo_velocity_kmh > 900 km/h AND geo_distance > 500 km
e32db0ce-422a-4d1c-8c1f-ed2b62651545,2026-06-25 14:45:09+00:00,DEV_0383,normal,unknown,unknown,XGBoost ML Classifier
22b9def2-6190-46be-b18a-4406d32e333f,2026-06-25 15:00:45+00:00,USR_0356,impossible_travel,impossible_travel,impossible_travel,Rule Override: geo_velocity_kmh > 900 km/h AND geo_distance > 500 km
72bbff26-27b6-499c-8f92-804f2551f02e,2026-06-25 15:33:50+00:00,DEV_0876,normal,unknown,unknown,XGBoost ML Classifier
b5766afc-7889-4bae-abc4-3634e8b0c352,2026-06-25 15:45:34+00:00,USR_0774,impossible_travel,impossible_travel,impossible_travel,Rule Override: geo_velocity_kmh > 900 km/h AND geo_distance > 500 km
5f2c7f14-bdb6-4820-852d-e75c4f94bc09,2026-06-25 15:49:36+00:00,DEV_0711,normal,unknown,unknown,XGBoost ML Classifier
af626dbc-33ff-4e9b-a234-fc9381254282,2026-06-25 15:59:23+00:00,USR_0211,impossible_travel,impossible_travel,impossible_travel,Rule Override: geo_velocity_kmh > 900 km/h AND geo_distance > 500 km
e8543f52-5c82-481e-b2a5-9f1250ec83f6,2026-06-25 16:02:53+00:00,USR_0540,normal,unknown,unknown,XGBoost ML Classifier
c609cdff-f0ff-4cf0-9a18-740b287f08f9,2026-06-25 16:21:04+00:00,USR_0985,impossible_travel,impossible_travel,impossible_travel,Rule Override: geo_velocity_kmh > 900 km/h AND geo_distance > 500 km
ddaf87cc-8561-40cc-8aa9-275fd6933668,2026-06-25 16:34:41+00:00,DEV_0290,normal,unknown,unknown,XGBoost ML Classifier
03385438-62d1-43ff-9739-952184559987,2026-06-25 16:48:45+00:00,USR_0210,impossible_travel,impossible_travel,impossible_travel,Rule Override: geo_velocity_kmh > 900 km/h AND geo_distance > 500 km
14fd6d90-0271-4c0a-8b07-acbec2af022a,2026-06-25 16:48:48+00:00,USR_0822,impossible_travel,impossible_travel,impossible_travel,Rule Override: geo_velocity_kmh > 900 km/h AND geo_distance > 500 km
326064d2-0ae8-480b-bf39-805953a5b6e8,2026-06-25 16:49:36.828197+00:00,USR_0552,lateral_movement,lateral_movement,lateral_movement,XGBoost ML Classifier
d37ef2b5-104a-48c6-be08-d83f8be76fd4,2026-06-25 16:50:23.564124+00:00,USR_0552,lateral_movement,lateral_movement,lateral_movement,XGBoost ML Classifier
ea1545f7-e212-4590-a2f1-872cf19523a9,2026-06-25 16:52:27.754390+00:00,USR_0552,lateral_movement,lateral_movement,lateral_movement,XGBoost ML Classifier
a2a6f49a-c6f6-4042-a531-242f8de041f4,2026-06-25 16:55:32+00:00,DEV_0164,normal,unknown,unknown,XGBoost ML Classifier
5ce3c6fc-c69a-4e53-ab0b-3fbdede0c028,2026-06-25 17:02:50+00:00,USR_0099,impossible_travel,impossible_travel,impossible_travel,Rule Override: geo_velocity_kmh > 900 km/h AND geo_distance > 500 km
3ce50a0c-bc8c-4633-ae08-0e333f40df3f,2026-06-25 17:06:04+00:00,USR_0218,insider_drift,insider_drift,insider_drift,XGBoost ML Classifier
a257dd25-0d62-4588-acb6-696a4ac4588a,2026-06-25 17:15:31+00:00,USR_0917,impossible_travel,impossible_travel,impossible_travel,Rule Override: geo_velocity_kmh > 900 km/h AND geo_distance > 500 km
359866fa-27f9-4de7-8822-79451ad7a928,2026-06-25 17:37:41+00:00,DEV_0263,impossible_travel,impossible_travel,impossible_travel,Rule Override: geo_velocity_kmh > 900 km/h AND geo_distance > 500 km
15a101cf-6a2e-4174-8a2b-ce0fbfb4b199,2026-06-25 18:09:02+00:00,SRV_0131,normal,unknown,unknown,XGBoost ML Classifier
ee59dfb5-bac8-45b0-ae1a-3b8ff8c6e1b3,2026-06-25 18:16:43+00:00,DEV_0326,normal,unknown,unknown,XGBoost ML Classifier
dce799f5-3e11-402d-a7e4-309fda198990,2026-06-25 18:32:17+00:00,DEV_0877,normal,unknown,unknown,XGBoost ML Classifier
045845e5-9dd0-4b5b-8556-fab98f12a379,2026-06-25 18:36:55+00:00,USR_0687,insider_drift,insider_drift,insider_drift,XGBoost ML Classifier
cf5c47f3-cd0c-4e36-9b06-f1e204c0e022,2026-06-25 18:53:38+00:00,USR_0101,impossible_travel,impossible_travel,impossible_travel,Rule Override: geo_velocity_kmh > 900 km/h AND geo_distance > 500 km
775bab81-9b52-41e1-9cce-9cd819ed9140,2026-06-25 19:05:49+00:00,SRV_0923,normal,unknown,unknown,XGBoost ML Classifier
c32834a1-01f5-4201-8aee-5397562e3843,2026-06-25 19:14:07+00:00,DEV_0711,normal,unknown,unknown,XGBoost ML Classifier
8ce7225d-ae80-4a84-b0b1-d0c1fe3bcd23,2026-06-25 19:47:41+00:00,DEV_0416,normal,unknown,unknown,XGBoost ML Classifier
e2f669d4-f6db-48c0-8516-492466e2902f,2026-06-25 20:20:06+00:00,USR_0922,normal,unknown,unknown,XGBoost ML Classifier
98ac1039-fdb0-4814-85d8-2227c1b35302,2026-06-25 20:39:58+00:00,DEV_0332,normal,unknown,unknown,XGBoost ML Classifier
2b4eee19-53b1-4a22-adde-ae91dd3a8b69,2026-06-25 20:42:02.512743+00:00,USR_0495,lateral_movement,lateral_movement,lateral_movement,XGBoost ML Classifier
4a203a96-d86c-4bcf-a6e7-774a39115d8b,2026-06-25 20:42:20.353299+00:00,USR_0495,lateral_movement,lateral_movement,lateral_movement,XGBoost ML Classifier
7984a804-53f1-403e-9173-39d484b4c646,2026-06-25 20:43:23.790088+00:00,USR_0495,lateral_movement,lateral_movement,lateral_movement,XGBoost ML Classifier
5471634c-49b4-463f-91e2-9357fe55d7e4,2026-06-25 20:43:57.437083+00:00,USR_0495,lateral_movement,lateral_movement,lateral_movement,XGBoost ML Classifier
8943deaa-7eee-4a3f-a03a-59abd5e89ea4,2026-06-25 20:45:46.762542+00:00,USR_0495,lateral_movement,lateral_movement,lateral_movement,XGBoost ML Classifier
cc194ac4-dbf7-42cc-9aab-8e3b29965c88,2026-06-25 20:51:16.653710+00:00,USR_0256,impossible_travel,impossible_travel,impossible_travel,Rule Override: geo_velocity_kmh > 900 km/h AND geo_distance > 500 km
31bf668a-74c3-43b5-9897-530f0abaf7dd,2026-06-25 20:59:42.180928+00:00,USR_0256,impossible_travel,impossible_travel,impossible_travel,Rule Override: geo_velocity_kmh > 900 km/h AND geo_distance > 500 km
996d7445-44a9-4341-9eb1-8cd2240f4efe,2026-06-25 21:03:19.350096+00:00,USR_0256,impossible_travel,impossible_travel,impossible_travel,Rule Override: geo_velocity_kmh > 900 km/h AND geo_distance > 500 km
75183410-5fd0-4d83-a7b0-6d60d5fc2a9a,2026-06-25 21:08:44+00:00,SRV_0566,normal,unknown,unknown,XGBoost ML Classifier
bb3dc292-ef90-407d-9247-bf011f1eb27e,2026-06-25 21:34:52+00:00,USR_0704,normal,unknown,unknown,XGBoost ML Classifier
3611486a-e6f2-43a6-bcbb-6923cdea703f,2026-06-25 22:10:25+00:00,DEV_0947,normal,unknown,unknown,XGBoost ML Classifier
9aaa6207-5b49-41b6-b293-5c2cd43802b1,2026-06-25 22:33:32+00:00,DEV_0274,normal,unknown,unknown,XGBoost ML Classifier
c3690c95-7cec-4c77-a1aa-3285dbcfe5cd,2026-06-25 23:00:09+00:00,DEV_0703,normal,unknown,unknown,XGBoost ML Classifier
ac8b9870-9a31-4660-912e-ecb91b4ca4ae,2026-06-25 23:03:35+00:00,SRV_0404,normal,unknown,unknown,XGBoost ML Classifier
bd08d1fb-0f2d-491e-8bee-9de6342d2b3d,2026-06-25 23:59:24+00:00,SRV_0908,normal,unknown,unknown,XGBoost ML Classifier
bdf0d867-85ca-4c3b-8b59-28eafed65a0a,2026-06-25 23:59:24+00:00,SRV_0086,normal,unknown,unknown,XGBoost ML Classifier
b17a8a0e-2df9-4b8f-a10e-cdd1ee497950,2026-06-25 23:59:24+00:00,SRV_0677,normal,unknown,unknown,XGBoost ML Classifier
9c339983-5ea8-487d-81b2-9b5636d65956,2026-06-25 23:59:24+00:00,DEV_0260,normal,unknown,unknown,XGBoost ML Classifier
7d82ea44-3a16-4151-b5b3-5c04901928f0,2026-06-25 23:59:28.195000+00:00,DEV_0274,normal,unknown,unknown,XGBoost ML Classifier
b9da3f78-eea5-4aec-9a1a-3cb717638d1b,2026-06-26 00:00:00+00:00,SRV_0161,normal,unknown,unknown,XGBoost ML Classifier
f0faae01-37ad-43c4-b643-fc668ff20f04,2026-06-26 00:00:02.749000+00:00,DEV_0237,normal,unknown,unknown,XGBoost ML Classifier
75010ebf-b940-47f3-91df-96602570e362,2026-06-26 00:00:08.626000+00:00,DEV_0862,normal,unknown,unknown,XGBoost ML Classifier
9ad7a16d-0b31-4afa-b113-318bdf556e73,2026-06-26 00:00:12.078000+00:00,DEV_0788,normal,unknown,unknown,XGBoost ML Classifier
98498825-a060-4d4a-ba9b-e6de7127e88c,2026-06-26 00:00:22+00:00,DEV_0384,normal,unknown,unknown,XGBoost ML Classifier
7ae4bf6e-bb11-447b-bb67-81dcde7579ce,2026-06-26 00:08:00+00:00,DEV_0248,impossible_travel,impossible_travel,impossible_travel,Rule Override: geo_velocity_kmh > 900 km/h AND geo_distance > 500 km
8a020bd4-a3b7-4ddb-83d4-e5cd8092a736,2026-06-26 00:16:00+00:00,SRV_0570,impossible_travel,impossible_travel,impossible_travel,Rule Override: geo_velocity_kmh > 900 km/h AND geo_distance > 500 km
48687b6c-6dc0-4367-ba57-57a7d91012d3,2026-06-26 00:55:27+00:00,DEV_0326,impossible_travel,impossible_travel,impossible_travel,Rule Override: geo_velocity_kmh > 900 km/h AND geo_distance > 500 km
bcf3583e-3079-4c56-92e7-891776a814b7,2026-06-26 01:31:24+00:00,SRV_0840,normal,unknown,unknown,XGBoost ML Classifier
c69d83d3-2014-4cb8-a709-3f5ec3003198,2026-06-26 01:35:30+00:00,USR_0466,low_slow_exfil,low_slow_exfil,low_slow_exfil,XGBoost ML Classifier
8df35175-a51b-48f3-b9d0-46a0e541995d,2026-06-26 01:39:49+00:00,DEV_0890,normal,unknown,unknown,XGBoost ML Classifier
0c8e1e5e-ac91-4567-b12c-2acc5e7d629a,2026-06-26 02:35:37+00:00,USR_0249,low_slow_exfil,low_slow_exfil,low_slow_exfil,XGBoost ML Classifier
958a0835-1628-4d4c-9eb1-c47560f23f80,2026-06-26 03:04:57+00:00,DEV_0529,impossible_travel,impossible_travel,impossible_travel,Rule Override: geo_velocity_kmh > 900 km/h AND geo_distance > 500 km
3ec91eb1-684a-4151-94b1-9b8dea28230e,2026-06-26 03:07:43+00:00,USR_0249,low_slow_exfil,low_slow_exfil,low_slow_exfil,XGBoost ML Classifier
2f2c0178-12cb-4ad4-9051-4286c700ad3e,2026-06-26 03:12:15+00:00,USR_0466,low_slow_exfil,low_slow_exfil,low_slow_exfil,XGBoost ML Classifier
d46abed4-443b-4f33-807a-b7d250a61a11,2026-06-26 04:19:53+00:00,DEV_0820,impossible_travel,impossible_travel,impossible_travel,Rule Override: geo_velocity_kmh > 900 km/h AND geo_distance > 500 km
a80f2663-f84d-45dc-9849-d99dd098317f,2026-06-26 04:30:43+00:00,SRV_0314,normal,unknown,unknown,XGBoost ML Classifier
d3ad81e8-6036-454f-96ba-746939b16777,2026-06-26 05:03:35+00:00,USR_0254,normal,unknown,unknown,XGBoost ML Classifier
e53084d8-12eb-4fda-be9b-6b836f006fe9,2026-06-26 05:08:19+00:00,DEV_0026,impossible_travel,impossible_travel,impossible_travel,Rule Override: geo_velocity_kmh > 900 km/h AND geo_distance > 500 km
4004c30b-8268-4698-b902-8cb4b3b23ab9,2026-06-26 05:30:48+00:00,DEV_0009,normal,unknown,unknown,XGBoost ML Classifier
481b0739-ea0c-49fd-a995-7fcaf49ada2a,2026-06-26 05:43:53+00:00,DEV_0384,normal,unknown,unknown,XGBoost ML Classifier
efe3b2eb-d3f1-4f6b-b3c6-aa8c4cc336b8,2026-06-26 05:53:42+00:00,DEV_0485,normal,unknown,unknown,XGBoost ML Classifier
75ce20d6-8318-4f6e-86cc-7259f7104fd8,2026-06-26 06:10:41+00:00,DEV_0233,normal,unknown,unknown,XGBoost ML Classifier
8e5e4038-a7ba-41a1-a1d7-71ded0029154,2026-06-26 06:33:45+00:00,USR_0639,normal,unknown,insider_drift,XGBoost ML Classifier
2f76e125-ee0a-47ed-ae0d-dc0d2db76b6b,2026-06-26 07:10:23+00:00,DEV_0700,normal,unknown,unknown,XGBoost ML Classifier
bd0ffee6-5be7-4a97-aabd-44748b9b4fdc,2026-06-26 07:19:34+00:00,DEV_0444,normal,unknown,unknown,XGBoost ML Classifier
8c4d1cbb-2610-46bf-b805-f8650c1e1b02,2026-06-26 07:30:23+00:00,USR_0440,normal,unknown,unknown,XGBoost ML Classifier
17498897-82ef-4b57-8048-c2f12820efcf,2026-06-26 07:46:35+00:00,USR_0220,insider_drift,insider_drift,insider_drift,XGBoost ML Classifier
bcbd6e20-f0af-4805-a67d-0070c89cdc92,2026-06-26 08:22:21+00:00,USR_0367,insider_drift,insider_drift,unknown,XGBoost ML Classifier
cd3f996f-9011-474f-8df6-3a925e1a0ab8,2026-06-26 08:59:54+00:00,SRV_0936,normal,unknown,unknown,XGBoost ML Classifier
8db8e319-d49d-4cb4-883d-fc2b48d0b6c1,2026-06-26 09:09:49+00:00,SRV_0058,normal,unknown,unknown,XGBoost ML Classifier
f6068b2a-5528-400e-9c54-ce7f4de5b1b7,2026-06-26 09:42:47+00:00,USR_0770,impossible_travel,impossible_travel,impossible_travel,Rule Override: geo_velocity_kmh > 900 km/h AND geo_distance > 500 km
07eddfd1-a313-4152-ab64-734421a797cf,2026-06-26 09:55:22+00:00,USR_0373,impossible_travel,impossible_travel,impossible_travel,Rule Override: geo_velocity_kmh > 900 km/h AND geo_distance > 500 km
839c32b2-1434-4c58-aa23-9a8ec6fb2170,2026-06-26 09:55:54+00:00,DEV_0514,normal,unknown,unknown,XGBoost ML Classifier
c0a7f740-2a76-435c-9291-23d1f9e7f8c3,2026-06-26 10:00:42+00:00,USR_0858,impossible_travel,impossible_travel,impossible_travel,Rule Override: geo_velocity_kmh > 900 km/h AND geo_distance > 500 km
e888f7f8-25c0-4c26-b2bf-207243b409bb,2026-06-26 10:01:25+00:00,SRV_0923,normal,unknown,unknown,XGBoost ML Classifier
ddce6062-9c29-41bb-a9e1-6eb26843bcf1,2026-06-26 10:09:22+00:00,SRV_0401,impossible_travel,impossible_travel,impossible_travel,Rule Override: geo_velocity_kmh > 900 km/h AND geo_distance > 500 km
8394b60b-d6f5-48d8-82d0-8be9e819abe4,2026-06-26 10:34:18+00:00,USR_0679,impossible_travel,impossible_travel,impossible_travel,Rule Override: geo_velocity_kmh > 900 km/h AND geo_distance > 500 km
758e7a9f-e7a3-4b38-a674-e05b3074dfb8,2026-06-26 10:42:01+00:00,DEV_0164,impossible_travel,impossible_travel,impossible_travel,Rule Override: geo_velocity_kmh > 900 km/h AND geo_distance > 500 km
5a8e54e2-cce0-42f5-9c0b-462b631fbb49,2026-06-26 10:47:22+00:00,USR_0835,impossible_travel,impossible_travel,impossible_travel,Rule Override: geo_velocity_kmh > 900 km/h AND geo_distance > 500 km
ddd9ee71-bcbf-4976-bb5a-d299d271c860,2026-06-26 11:07:31+00:00,SRV_0645,normal,unknown,unknown,XGBoost ML Classifier
71fafb08-27e4-4de1-9a8e-bc5e99fa9a1f,2026-06-26 11:08:21+00:00,USR_0724,normal,unknown,insider_drift,XGBoost ML Classifier
3231d1a2-742a-482f-b8f9-04bb431b816b,2026-06-26 11:22:15+00:00,DEV_0013,normal,unknown,unknown,XGBoost ML Classifier
53027d6a-4a39-451d-ad69-6d82e9947a48,2026-06-26 11:39:44+00:00,USR_0859,impossible_travel,impossible_travel,impossible_travel,Rule Override: geo_velocity_kmh > 900 km/h AND geo_distance > 500 km
7402594f-997e-4f5a-a2e5-1bbdf3fa1c40,2026-06-26 11:43:58+00:00,USR_0071,impossible_travel,impossible_travel,impossible_travel,Rule Override: geo_velocity_kmh > 900 km/h AND geo_distance > 500 km
fd9a1089-0acb-4c10-b5d8-52f70200cfab,2026-06-26 11:45:14+00:00,SRV_0314,normal,unknown,unknown,XGBoost ML Classifier
aaa7f7cd-df1d-4043-92ef-94b40a348223,2026-06-26 11:51:10+00:00,USR_0035,impossible_travel,impossible_travel,impossible_travel,Rule Override: geo_velocity_kmh > 900 km/h AND geo_distance > 500 km
0b5c5809-226f-416b-bad4-adb8e0e79e2e,2026-06-26 12:08:22+00:00,USR_0289,normal,unknown,unknown,XGBoost ML Classifier
b5bf304e-fab1-4b83-a5b7-10cbc5f9f5df,2026-06-26 12:29:08+00:00,USR_0826,impossible_travel,impossible_travel,impossible_travel,Rule Override: geo_velocity_kmh > 900 km/h AND geo_distance > 500 km
8be469e4-47da-46dd-beeb-6ea6f692ed50,2026-06-26 12:31:14+00:00,USR_0136,normal,unknown,unknown,XGBoost ML Classifier
8c2212fd-b04c-4411-b56b-bb9e7acd7cad,2026-06-26 12:31:19+00:00,DEV_0030,normal,unknown,unknown,XGBoost ML Classifier
82993c65-6eb0-4753-85c9-cf83c186a39a,2026-06-26 12:51:10+00:00,DEV_0237,normal,unknown,unknown,XGBoost ML Classifier
6707542c-5dde-4392-a9ba-8c854ce1930a,2026-06-26 12:52:53+00:00,SRV_0670,normal,unknown,unknown,XGBoost ML Classifier
0e9d128d-48c7-41f5-885b-0e57bb6e26ee,2026-06-26 13:00:15+00:00,SRV_0767,normal,unknown,unknown,XGBoost ML Classifier
79cf10a4-4a21-40c2-b7ba-8a8ecfb160d3,2026-06-26 13:08:53+00:00,DEV_0444,normal,unknown,unknown,XGBoost ML Classifier
9786ce68-dd80-4060-b3f9-abfb6ad8ce20,2026-06-26 13:13:02+00:00,SRV_0970,normal,unknown,unknown,XGBoost ML Classifier
99f2bb2a-aa04-4032-8b62-48271ceb47cf,2026-06-26 13:18:25+00:00,SRV_0283,normal,unknown,unknown,XGBoost ML Classifier
b0fee5e3-e6af-4941-84da-cc3e6857ef30,2026-06-26 13:42:29+00:00,USR_0695,insider_drift,insider_drift,insider_drift,XGBoost ML Classifier
6d009846-85f5-4a50-9da5-524120da600a,2026-06-26 13:46:20+00:00,USR_0648,impossible_travel,impossible_travel,impossible_travel,Rule Override: geo_velocity_kmh > 900 km/h AND geo_distance > 500 km
00e8508b-fca6-405c-a577-cb3abd854702,2026-06-26 13:47:03+00:00,USR_0344,impossible_travel,impossible_travel,impossible_travel,Rule Override: geo_velocity_kmh > 900 km/h AND geo_distance > 500 km
dd5420c2-3f85-43f7-bdaa-689c9162d07b,2026-06-26 13:48:37+00:00,SRV_0156,normal,unknown,unknown,XGBoost ML Classifier
f3e8d257-b590-4f38-af4f-45c21ef8baa9,2026-06-26 13:55:43+00:00,USR_0567,insider_drift,insider_drift,insider_drift,XGBoost ML Classifier
3b9b7b0b-a23b-49b8-a309-1a57608a1495,2026-06-26 14:01:31+00:00,DEV_0537,normal,unknown,unknown,XGBoost ML Classifier
850e7536-774c-4acb-92f3-3d19e0b6af9c,2026-06-26 14:11:56+00:00,DEV_0787,normal,unknown,unknown,XGBoost ML Classifier
ce073f56-5b33-4cfe-a478-9b423d9ecb0f,2026-06-26 14:27:09+00:00,DEV_0685,normal,unknown,unknown,XGBoost ML Classifier
42940bbf-1c99-4be6-81ed-47a7fd981009,2026-06-26 14:42:15+00:00,USR_0521,normal,unknown,unknown,XGBoost ML Classifier
fe4e0a61-aecd-4637-aebb-ebf73c8eecd3,2026-06-26 14:50:57+00:00,USR_0179,impossible_travel,impossible_travel,impossible_travel,Rule Override: geo_velocity_kmh > 900 km/h AND geo_distance > 500 km
513e035b-db13-48aa-9fab-112e38dc2fac,2026-06-26 14:54:35+00:00,SRV_0728,normal,unknown,unknown,XGBoost ML Classifier
a472a969-b62c-4091-a307-1cd16ac476cb,2026-06-26 14:58:21+00:00,USR_0780,impossible_travel,impossible_travel,impossible_travel,Rule Override: geo_velocity_kmh > 900 km/h AND geo_distance > 500 km
036472de-d1d8-4ac7-9f6b-82122e78fa39,2026-06-26 15:29:31+00:00,USR_0524,impossible_travel,impossible_travel,impossible_travel,Rule Override: geo_velocity_kmh > 900 km/h AND geo_distance > 500 km
ef11c272-6817-4b35-b22a-34780441b964,2026-06-26 15:30:37+00:00,USR_0304,impossible_travel,impossible_travel,impossible_travel,Rule Override: geo_velocity_kmh > 900 km/h AND geo_distance > 500 km
6cdd8eed-8a74-4a53-aa2e-befcca390347,2026-06-26 15:34:37+00:00,USR_0892,impossible_travel,impossible_travel,impossible_travel,Rule Override: geo_velocity_kmh > 900 km/h AND geo_distance > 500 km
f99e1627-d4a4-4cc7-8040-bc50d1794051,2026-06-26 15:47:15+00:00,SRV_0767,normal,unknown,unknown,XGBoost ML Classifier
cfd765c3-d544-447e-a0bd-73488b4fa5a0,2026-06-26 15:57:19+00:00,USR_0218,insider_drift,insider_drift,insider_drift,XGBoost ML Classifier
2db39949-b428-4977-811e-23659378f99c,2026-06-26 16:11:16+00:00,SRV_0934,normal,unknown,unknown,XGBoost ML Classifier
b35c4d76-2707-4aea-ab99-cabfb3bc3778,2026-06-26 16:25:56+00:00,USR_0246,impossible_travel,impossible_travel,impossible_travel,Rule Override: geo_velocity_kmh > 900 km/h AND geo_distance > 500 km
954dd1fc-ea6d-4d2c-b5a0-9a90833dbfb4,2026-06-26 16:32:27+00:00,USR_0568,impossible_travel,impossible_travel,impossible_travel,Rule Override: geo_velocity_kmh > 900 km/h AND geo_distance > 500 km
325fd61e-5e1b-4a4f-b72b-ea610cc6881c,2026-06-26 16:33:57+00:00,DEV_0768,normal,unknown,unknown,XGBoost ML Classifier
c8a61bfd-b470-4ef3-9b8d-5286c26f70fc,2026-06-26 17:01:42+00:00,SRV_0525,normal,unknown,unknown,XGBoost ML Classifier
dbc96d9b-c358-44ac-b131-c1fe4c390b44,2026-06-26 17:33:30+00:00,USR_0912,normal,unknown,unknown,XGBoost ML Classifier
21aa0df2-51f3-4f44-815b-249644d13bf2,2026-06-26 17:33:31+00:00,DEV_0569,impossible_travel,impossible_travel,impossible_travel,Rule Override: geo_velocity_kmh > 900 km/h AND geo_distance > 500 km
dc554f33-b63e-4ebe-9d6d-d7df0a17682e,2026-06-26 17:35:24+00:00,USR_0846,insider_drift,insider_drift,insider_drift,XGBoost ML Classifier
ac5497bd-99f0-4de1-a79e-ef1a1323b129,2026-06-26 17:58:08+00:00,DEV_0378,impossible_travel,impossible_travel,impossible_travel,Rule Override: geo_velocity_kmh > 900 km/h AND geo_distance > 500 km
25825f22-7e3a-48a0-842d-7878d91adb17,2026-06-26 18:02:17+00:00,SRV_0606,normal,unknown,unknown,XGBoost ML Classifier
f2858707-135a-4691-91c0-48259f4ad267,2026-06-26 18:06:50+00:00,DEV_0429,normal,unknown,unknown,XGBoost ML Classifier
63346a62-65de-46b4-910e-ed3539ff9f56,2026-06-26 18:07:50+00:00,USR_0949,normal,unknown,lateral_movement,XGBoost ML Classifier
af75b346-b755-4cb3-8101-2cd64420a972,2026-06-26 18:27:18+00:00,USR_0638,insider_drift,insider_drift,insider_drift,XGBoost ML Classifier
1decee1f-2c12-4e22-9d5b-8db4c3994026,2026-06-26 18:40:25+00:00,SRV_0525,normal,unknown,unknown,XGBoost ML Classifier
81f5bfa8-393d-40b8-a655-e0ba7771dcb1,2026-06-26 19:51:41+00:00,DEV_0274,impossible_travel,impossible_travel,impossible_travel,Rule Override: geo_velocity_kmh > 900 km/h AND geo_distance > 500 km
60f15756-b37e-4166-b017-9ec3cc3d5411,2026-06-26 20:28:19+00:00,DEV_0444,normal,unknown,unknown,XGBoost ML Classifier
f6c00632-58a9-45e1-ad4d-a242f2f35d85,2026-06-26 20:28:21+00:00,USR_0139,impossible_travel,impossible_travel,impossible_travel,Rule Override: geo_velocity_kmh > 900 km/h AND geo_distance > 500 km
2d5bc47e-8656-4c64-a93c-729efe9476ea,2026-06-26 23:27:24+00:00,DEV_0279,normal,unknown,unknown,XGBoost ML Classifier
3420d729-11d2-4f59-b99b-bce628a86b6b,2026-06-26 23:47:47+00:00,SRV_0202,normal,unknown,unknown,XGBoost ML Classifier
ac58a17c-1f5b-466a-8241-2e17455409fb,2026-06-26 23:59:24+00:00,SRV_0283,normal,unknown,unknown,XGBoost ML Classifier
d9f19ab5-2213-40ce-be76-eabfbc1ef2a5,2026-06-27 00:00:00+00:00,DEV_0237,normal,unknown,unknown,XGBoost ML Classifier
f6aac2a3-5d9b-45b9-98ba-053cc00a6e45,2026-06-27 00:00:00+00:00,DEV_0902,normal,unknown,unknown,XGBoost ML Classifier
34967d5c-c933-491c-a04a-809715557fde,2026-06-27 00:00:01.136000+00:00,SRV_0670,normal,unknown,unknown,XGBoost ML Classifier
262f3196-2bc3-4fec-a503-fd7f14add0d4,2026-06-27 00:00:01.848000+00:00,DEV_0237,normal,unknown,unknown,XGBoost ML Classifier
e6167de8-daf0-4433-b893-31e0d50130e6,2026-06-27 00:00:06.784000+00:00,DEV_0685,normal,unknown,unknown,XGBoost ML Classifier
c22c9082-cf87-484b-9383-a4556092893a,2026-06-27 00:43:27.959427+00:00,SRV_0641,lateral_movement,lateral_movement,lateral_movement,XGBoost ML Classifier
937e6d52-0273-422e-8dcb-a5498b5e652b,2026-06-27 02:10:23.216665+00:00,USR_0927,lateral_movement,lateral_movement,lateral_movement,XGBoost ML Classifier
13ca8e42-0fb9-4a5b-a9a1-5efdee8578e8,2026-06-27 02:10:48.585357+00:00,USR_0927,lateral_movement,lateral_movement,lateral_movement,XGBoost ML Classifier
f42d2a2a-392d-4519-aa5a-4d0a9f08205d,2026-06-27 02:12:35.417313+00:00,USR_0927,lateral_movement,lateral_movement,lateral_movement,XGBoost ML Classifier
4266144e-0771-43d3-9d54-da85fcd44b24,2026-06-27 02:12:39.180145+00:00,USR_0927,lateral_movement,lateral_movement,lateral_movement,XGBoost ML Classifier
167945ed-1945-4b6a-9ca6-9b394bd839a5,2026-06-27 02:17:34+00:00,USR_0466,low_slow_exfil,low_slow_exfil,low_slow_exfil,XGBoost ML Classifier
d664ac4e-8360-4b33-b1de-919ff94dfbb1,2026-06-27 02:30:40+00:00,SRV_0709,normal,unknown,unknown,XGBoost ML Classifier
8981e023-3d31-4bb1-8dc5-c327701c055e,2026-06-27 02:54:40+00:00,SRV_0004,normal,unknown,unknown,XGBoost ML Classifier
39edd209-aaf5-4e56-a91c-531626209733,2026-06-27 03:23:42+00:00,SRV_0153,normal,unknown,unknown,XGBoost ML Classifier
2fe36197-1059-4475-8094-8e4b70e46ba8,2026-06-27 03:26:12+00:00,SRV_0677,normal,unknown,low_slow_exfil,XGBoost ML Classifier
c14eb6ba-076c-4c38-ba5d-4b8a8a51ff73,2026-06-27 04:22:33+00:00,DEV_0233,impossible_travel,impossible_travel,impossible_travel,Rule Override: geo_velocity_kmh > 900 km/h AND geo_distance > 500 km
ddcebb3e-0660-4a0e-8727-607362a36f0f,2026-06-27 04:42:53+00:00,USR_0488,normal,unknown,unknown,XGBoost ML Classifier
eea47de3-1aee-4e26-86e7-7230bc2e338f,2026-06-27 05:19:14+00:00,USR_0319,insider_drift,insider_drift,insider_drift,XGBoost ML Classifier
8d58a678-4aaa-4ba2-9347-946f38ff744b,2026-06-27 05:35:48+00:00,DEV_0013,normal,unknown,unknown,XGBoost ML Classifier
9300ebe9-b73d-4043-af8d-9f0e241ab132,2026-06-27 05:36:11+00:00,DEV_0394,normal,unknown,unknown,XGBoost ML Classifier
242870ba-667d-48a2-8efa-47b3704ab86d,2026-06-27 05:50:55+00:00,DEV_0177,normal,unknown,unknown,XGBoost ML Classifier
0d0d9ef1-f2e6-438d-b0b6-caa6448100f1,2026-06-27 05:53:46+00:00,DEV_0248,normal,unknown,unknown,XGBoost ML Classifier
da734df2-eb3f-4030-8b27-4b2091dd7c58,2026-06-27 06:25:11+00:00,SRV_0004,normal,unknown,unknown,XGBoost ML Classifier
89c55880-1695-4d40-9496-e83d024c7208,2026-06-27 06:53:14+00:00,DEV_0703,normal,unknown,unknown,XGBoost ML Classifier
aed0f20c-0359-4afc-8406-66e524d21d81,2026-06-27 06:58:56+00:00,DEV_0163,normal,unknown,unknown,XGBoost ML Classifier
a4aa1901-56be-4974-ac72-1955d3a9a237,2026-06-27 07:03:37+00:00,SRV_0591,normal,unknown,unknown,XGBoost ML Classifier
1f498ad1-6dd0-4659-b248-f42234767891,2026-06-27 07:04:33+00:00,DEV_0135,normal,unknown,unknown,XGBoost ML Classifier
04c6890f-8699-431b-b2b8-85b829c79f55,2026-06-27 07:12:12+00:00,DEV_0437,normal,unknown,unknown,XGBoost ML Classifier
b03bf503-f47a-4fe7-a26a-ca32b672801b,2026-06-27 08:38:42+00:00,SRV_0702,normal,unknown,unknown,XGBoost ML Classifier
e252156e-3bda-4ba0-a58d-8e51d290c09b,2026-06-27 08:43:42+00:00,SRV_0329,normal,unknown,unknown,XGBoost ML Classifier
5d9118c0-bd26-496c-b10f-36163435f642,2026-06-27 08:46:49+00:00,SRV_0314,normal,unknown,unknown,XGBoost ML Classifier
358cdfbe-940f-4863-9927-2de6de339039,2026-06-27 09:10:31+00:00,SRV_0717,normal,unknown,unknown,XGBoost ML Classifier
4e58736f-401c-43da-92cf-49e56e5b8eba,2026-06-27 09:15:53+00:00,SRV_0670,normal,unknown,unknown,XGBoost ML Classifier
c0cdc32c-0915-4065-b74f-c4b091580cb4,2026-06-27 09:28:18+00:00,SRV_0963,normal,unknown,unknown,XGBoost ML Classifier
e2e9a80c-68df-4b1d-9fa0-4f465aac103c,2026-06-27 09:34:52+00:00,SRV_0004,normal,unknown,unknown,XGBoost ML Classifier
153b6887-10bb-499c-9b3a-3834400ac1a0,2026-06-27 09:39:23+00:00,USR_0347,normal,unknown,insider_drift,XGBoost ML Classifier
35315117-0f34-410f-8c2b-f7bfe2b79b98,2026-06-27 09:49:25+00:00,DEV_0416,normal,unknown,unknown,XGBoost ML Classifier
2cde4ee0-3729-4c85-8127-839a076b0959,2026-06-27 09:49:52+00:00,DEV_0237,normal,unknown,unknown,XGBoost ML Classifier
ff836461-0a51-4379-82c8-123efe61d672,2026-06-27 10:29:16+00:00,USR_0585,impossible_travel,impossible_travel,impossible_travel,Rule Override: geo_velocity_kmh > 900 km/h AND geo_distance > 500 km
c65b5efb-ca9a-4611-bd7a-f6109e826077,2026-06-27 10:55:14+00:00,SRV_0898,normal,unknown,unknown,XGBoost ML Classifier
27b17961-050b-4a72-bf6e-fd2bda3e0c1d,2026-06-27 10:59:36+00:00,USR_0220,insider_drift,insider_drift,insider_drift,XGBoost ML Classifier
6c49472f-089f-403f-9340-818bd26b771d,2026-06-27 11:34:41+00:00,DEV_0281,impossible_travel,impossible_travel,impossible_travel,Rule Override: geo_velocity_kmh > 900 km/h AND geo_distance > 500 km
ba32e8c8-ff31-47fb-8da5-85c260ca90e6,2026-06-27 11:42:04+00:00,SRV_0712,normal,unknown,unknown,XGBoost ML Classifier
0dff2b50-b172-4bd2-892f-49543b8fa283,2026-06-27 12:01:41+00:00,SRV_0283,normal,unknown,unknown,XGBoost ML Classifier
6cba1547-6d36-4cda-81db-fbac7ecad24b,2026-06-27 12:09:30+00:00,DEV_0163,normal,unknown,unknown,XGBoost ML Classifier
fcd89c9b-6c06-476c-b861-f3a023e25fa4,2026-06-27 12:19:16+00:00,USR_0964,insider_drift,insider_drift,insider_drift,XGBoost ML Classifier
9a64725d-e362-4869-b7e7-b7528268672c,2026-06-27 13:54:56+00:00,DEV_0212,normal,unknown,unknown,XGBoost ML Classifier
7c13c15e-cacb-4570-8a3a-7cddc5ce8340,2026-06-27 15:19:11+00:00,USR_0959,device_spoofing,device_spoofing,device_spoofing,XGBoost ML Classifier
04d3d26c-7ef7-44a9-8593-b8c9445565dc,2026-06-27 15:20:11+00:00,USR_0959,device_spoofing,device_spoofing,device_spoofing,XGBoost ML Classifier
ab08ad73-6714-49cc-8016-bc0fcc67a16b,2026-06-27 15:32:49+00:00,DEV_0951,normal,unknown,unknown,XGBoost ML Classifier
4e1def90-84de-46aa-828f-8538ae5cf4a5,2026-06-27 15:47:10+00:00,SRV_0153,normal,unknown,unknown,XGBoost ML Classifier
05e2042d-bb91-4980-95c5-712b76f2b41b,2026-06-27 15:52:10+00:00,DEV_0849,normal,unknown,unknown,XGBoost ML Classifier
bd1dd429-b9d1-477a-a80c-38e416084fdf,2026-06-27 16:03:37+00:00,DEV_0414,normal,unknown,unknown,XGBoost ML Classifier
5d8ae878-f3c4-4550-8e6a-0a46bd02c358,2026-06-27 16:14:00+00:00,DEV_0876,normal,unknown,unknown,XGBoost ML Classifier
093c2ad8-57ad-4225-90bf-4358dd73d747,2026-06-27 16:39:57+00:00,DEV_0669,normal,unknown,unknown,XGBoost ML Classifier
83945928-dd89-450e-8fce-b32b166fb46d,2026-06-27 16:45:56+00:00,DEV_0534,normal,unknown,unknown,XGBoost ML Classifier
be5265ad-83d8-488e-bb16-8390c77affda,2026-06-27 17:07:23+00:00,SRV_0914,impossible_travel,impossible_travel,impossible_travel,Rule Override: geo_velocity_kmh > 900 km/h AND geo_distance > 500 km
bc61fbf3-c940-44a2-ad30-fe18c4bdf826,2026-06-27 17:10:10+00:00,DEV_0593,normal,unknown,unknown,XGBoost ML Classifier
b351161b-b44e-403e-8624-886125461d9c,2026-06-27 17:25:04.157633+00:00,USR_0612,lateral_movement,lateral_movement,lateral_movement,XGBoost ML Classifier
54f1d2f7-11ad-4597-a8b7-6059e9834e8b,2026-06-27 17:28:35.692794+00:00,USR_0612,lateral_movement,lateral_movement,lateral_movement,XGBoost ML Classifier
fcc2e0a4-217f-4aee-bba7-f86f5787ba33,2026-06-27 17:35:40+00:00,DEV_0700,normal,unknown,unknown,XGBoost ML Classifier
09a45d0f-aee3-432d-95ac-d58a45807261,2026-06-27 18:25:00+00:00,SRV_0128,normal,unknown,unknown,XGBoost ML Classifier
4aa0ccfb-8ae9-4195-8003-dd642708a693,2026-06-27 18:47:46+00:00,DEV_0009,normal,unknown,unknown,XGBoost ML Classifier
771e85b4-bd12-464d-a360-26185dd2b379,2026-06-27 19:03:13+00:00,SRV_0207,normal,unknown,unknown,XGBoost ML Classifier
f1991a7b-68b7-4edc-89ed-caa316b50547,2026-06-27 19:41:57+00:00,SRV_0182,normal,unknown,unknown,XGBoost ML Classifier
edd2f26c-007f-4cf8-9438-4ef440a309a3,2026-06-27 20:08:45+00:00,DEV_0993,normal,unknown,unknown,XGBoost ML Classifier
6151f898-75cc-4d10-96f7-3e9d4e9df780,2026-06-27 20:48:06+00:00,USR_0175,device_spoofing,device_spoofing,device_spoofing,XGBoost ML Classifier
35b515ec-ca30-4d32-b912-a563162298e8,2026-06-27 20:49:06+00:00,USR_0175,device_spoofing,device_spoofing,device_spoofing,XGBoost ML Classifier
69ac89ec-3526-4f92-a217-49fc37c73f31,2026-06-27 20:52:27+00:00,DEV_0876,normal,unknown,unknown,XGBoost ML Classifier
9ab4a1a2-2d29-4efc-a064-0e5c17561baa,2026-06-27 20:53:04+00:00,SRV_0702,normal,unknown,unknown,XGBoost ML Classifier
fd901fe8-74c8-4400-a6ba-8cbcf644cae4,2026-06-27 23:59:24+00:00,SRV_0541,normal,unknown,unknown,XGBoost ML Classifier
235186b0-f599-43ae-a648-0c27ab95b53b,2026-06-27 23:59:24+00:00,SRV_0566,normal,unknown,unknown,XGBoost ML Classifier
3eabe2ce-29b6-4ac0-aeaf-37ba6e4f02cd,2026-06-27 23:59:26.504000+00:00,DEV_0485,normal,unknown,unknown,XGBoost ML Classifier
f67ceb25-425d-4ee1-93bd-cdf6d6bc7da1,2026-06-28 00:00:00+00:00,SRV_0606,normal,unknown,unknown,XGBoost ML Classifier
4bfc23d8-27cd-4063-9c73-081a24f771b4,2026-06-28 00:00:02.310000+00:00,SRV_0767,normal,unknown,unknown,XGBoost ML Classifier
38ff49fc-d73c-480e-aa0c-4ee4b3f6b2e3,2026-06-28 00:00:02.844000+00:00,SRV_0923,normal,unknown,unknown,XGBoost ML Classifier
51488d2b-c750-4c11-926e-e79eabe5de8b,2026-06-28 00:57:05+00:00,SRV_0078,normal,unknown,unknown,XGBoost ML Classifier
55cb8b81-68e8-4518-9f35-729e2ee385a9,2026-06-28 01:00:33+00:00,SRV_0191,normal,unknown,unknown,XGBoost ML Classifier
95e57c93-330c-463f-a6be-360c6c945af1,2026-06-28 01:50:59+00:00,DEV_0664,normal,unknown,low_slow_exfil,XGBoost ML Classifier
ea21ae79-78f2-48b7-a61d-b0fa4c2878fd,2026-06-28 03:50:39+00:00,USR_0466,low_slow_exfil,low_slow_exfil,low_slow_exfil,XGBoost ML Classifier
57bd5a49-db30-4d08-8f89-68ec549383e8,2026-06-28 03:50:45+00:00,DEV_0877,normal,unknown,unknown,XGBoost ML Classifier
b2c3fc5d-ee36-4516-a9fd-64968baa4eff,2026-06-28 04:24:42+00:00,SRV_0191,normal,unknown,unknown,XGBoost ML Classifier
6da7b8ea-6558-495e-8c69-fcd447c77a06,2026-06-28 04:29:18+00:00,DEV_0437,normal,unknown,unknown,XGBoost ML Classifier
a87dc6b1-16ca-4728-9a30-12651e0f116e,2026-06-28 04:33:03+00:00,DEV_0902,normal,unknown,unknown,XGBoost ML Classifier
f7b24863-ca40-421f-a78b-f13c145b08b3,2026-06-28 04:35:20+00:00,SRV_0153,normal,unknown,unknown,XGBoost ML Classifier
eeb5641d-8dc5-4a67-a0e7-416fa501ba2d,2026-06-28 05:07:46+00:00,DEV_0902,normal,unknown,unknown,XGBoost ML Classifier
3aba7603-0473-4c82-b4d7-45a65dedb84d,2026-06-28 05:28:10+00:00,DEV_0294,normal,unknown,unknown,XGBoost ML Classifier
4ad0e1a4-caab-472c-9e4f-3323de317633,2026-06-28 05:30:51+00:00,DEV_0932,normal,unknown,unknown,XGBoost ML Classifier
532c6056-dbad-49b3-8c55-153b405d42a3,2026-06-28 05:40:11+00:00,USR_0800,insider_drift,insider_drift,insider_drift,XGBoost ML Classifier
60ba0f67-b733-4b52-b1c8-085ae1b1aa45,2026-06-28 05:53:20+00:00,USR_0680,insider_drift,insider_drift,insider_drift,XGBoost ML Classifier
6a907e55-c9cb-483c-b8b9-cee883f2b0e1,2026-06-28 06:26:18+00:00,DEV_0902,normal,unknown,unknown,XGBoost ML Classifier
06040a66-af50-4908-addc-52cdf3b878a3,2026-06-28 06:45:59.243220+00:00,USR_0172,lateral_movement,lateral_movement,lateral_movement,XGBoost ML Classifier
201084ec-1234-462d-8016-86468c717c92,2026-06-28 06:46:18.764022+00:00,USR_0172,lateral_movement,lateral_movement,lateral_movement,XGBoost ML Classifier
0b35fcba-f750-4dd9-8dda-14ff680a8a21,2026-06-28 06:48:14.934755+00:00,USR_0172,lateral_movement,lateral_movement,lateral_movement,XGBoost ML Classifier
6dc0cc35-8d2c-4f2c-9f7b-73036da57fb0,2026-06-28 07:13:31+00:00,DEV_0260,normal,unknown,unknown,XGBoost ML Classifier
46ef7b1b-0cad-4549-9bdf-c3a8552488f6,2026-06-28 07:32:50+00:00,DEV_0311,normal,unknown,unknown,XGBoost ML Classifier
004be1b0-760e-4ecd-ba52-fcaaee8fc4af,2026-06-28 07:53:32+00:00,DEV_0163,normal,unknown,unknown,XGBoost ML Classifier
e0b74a09-2cb8-48ec-8dce-7a8d323767ad,2026-06-28 07:55:32+00:00,SRV_0314,normal,unknown,unknown,XGBoost ML Classifier
0771c240-ce20-4fca-97a3-aea28c3fb0dd,2026-06-28 08:05:01+00:00,USR_0746,device_spoofing,device_spoofing,device_spoofing,XGBoost ML Classifier
4598d88c-73a6-4ef7-9a38-e24f0ab09e15,2026-06-28 08:14:28+00:00,USR_0087,impossible_travel,impossible_travel,impossible_travel,Rule Override: geo_velocity_kmh > 900 km/h AND geo_distance > 500 km
3f7c84ba-9e41-451c-84ee-99552782a76c,2026-06-28 08:27:20+00:00,SRV_0970,normal,unknown,unknown,XGBoost ML Classifier
b23084ec-a8fd-461c-a21d-dd380425ee44,2026-06-28 08:54:58+00:00,DEV_0260,normal,unknown,unknown,XGBoost ML Classifier
95b1fa19-ef61-45df-9aaf-bde0168ccc57,2026-06-28 09:00:37+00:00,DEV_0632,normal,unknown,unknown,XGBoost ML Classifier
4e6272dd-14d5-442b-a1f9-c9c3d402ed64,2026-06-28 09:30:35+00:00,DEV_0902,normal,unknown,unknown,XGBoost ML Classifier
fea9e9fc-5d09-475c-92d7-48fd6994c445,2026-06-28 09:32:49+00:00,DEV_0787,normal,unknown,unknown,XGBoost ML Classifier
6b75ddac-027d-4e16-a34b-c4080acb08bb,2026-06-28 09:42:36+00:00,SRV_0312,normal,unknown,unknown,XGBoost ML Classifier
9cb57e0a-fd82-4986-9760-fa2f1a4c379d,2026-06-28 09:55:20+00:00,SRV_0312,normal,unknown,unknown,XGBoost ML Classifier
4e17a61d-11cb-4b4a-991a-641f263abaaa,2026-06-28 10:13:42+00:00,SRV_0805,normal,unknown,unknown,XGBoost ML Classifier
6597a99d-4adc-4ff8-93a8-5fe84b075e41,2026-06-28 10:28:49+00:00,SRV_0301,impossible_travel,impossible_travel,impossible_travel,Rule Override: geo_velocity_kmh > 900 km/h AND geo_distance > 500 km
f8b9f6a0-4439-4d4e-bdf9-492b91f27df6,2026-06-28 10:41:06+00:00,DEV_0902,normal,unknown,unknown,XGBoost ML Classifier
89e1cc80-3adf-4b82-8f57-45bd1c5fc381,2026-06-28 10:56:37+00:00,DEV_0890,normal,unknown,unknown,XGBoost ML Classifier
a47a0411-4d7d-4e19-b3ef-ed4bd2defb54,2026-06-28 11:04:56+00:00,DEV_0947,normal,unknown,unknown,XGBoost ML Classifier
346168ef-489b-4feb-8b5b-2ad9d4cb0e46,2026-06-28 11:08:56+00:00,DEV_0703,normal,unknown,unknown,XGBoost ML Classifier
4b925e35-7f6b-4c85-91a3-a9fb7b802d42,2026-06-28 11:15:18+00:00,SRV_0693,normal,unknown,unknown,XGBoost ML Classifier
fc0338ae-56de-4af6-8460-ae242d208d3f,2026-06-28 11:23:58+00:00,SRV_0457,normal,unknown,unknown,XGBoost ML Classifier
86908396-971d-4bcb-a18b-3bc2f42983e9,2026-06-28 11:25:44+00:00,SRV_0645,normal,unknown,unknown,XGBoost ML Classifier
452c7d6f-673a-4d45-910c-00d687b958db,2026-06-28 11:26:07+00:00,SRV_0477,normal,unknown,unknown,XGBoost ML Classifier
2db910b1-eda8-449f-828d-0650c0b5076a,2026-06-28 11:31:23+00:00,SRV_0060,normal,unknown,unknown,XGBoost ML Classifier
7e4c14c3-4f2a-4fab-807a-758be9377683,2026-06-28 12:09:15+00:00,USR_0638,insider_drift,insider_drift,insider_drift,XGBoost ML Classifier
12e756c5-8e5d-4cd2-b77b-042f47033e1e,2026-06-28 12:17:22+00:00,DEV_0444,normal,unknown,unknown,XGBoost ML Classifier
09990dc4-e7eb-42f5-ad3c-26811c1931b0,2026-06-28 12:17:40+00:00,SRV_0606,normal,unknown,unknown,XGBoost ML Classifier
f5281072-7602-45e5-9905-e72b466646c8,2026-06-28 12:33:08+00:00,SRV_0729,normal,unknown,unknown,XGBoost ML Classifier
8b041dde-138f-4c54-bb57-eb032ff7165f,2026-06-28 13:16:46+00:00,DEV_0537,impossible_travel,impossible_travel,impossible_travel,Rule Override: geo_velocity_kmh > 900 km/h AND geo_distance > 500 km
4254375c-184c-4389-bef0-7270dcc96782,2026-06-28 13:23:40+00:00,DEV_0332,normal,unknown,unknown,XGBoost ML Classifier
26ee66bb-1bdd-4989-bff2-c09e8f69c1ff,2026-06-28 13:55:25+00:00,SRV_0908,normal,unknown,unknown,XGBoost ML Classifier
0041183b-e189-4bb0-b00e-787e4dbacca9,2026-06-28 13:55:55+00:00,DEV_0711,impossible_travel,impossible_travel,impossible_travel,Rule Override: geo_velocity_kmh > 900 km/h AND geo_distance > 500 km
d4a69096-e43b-444b-9533-b3901e8dadfe,2026-06-28 13:57:53+00:00,SRV_0670,normal,unknown,unknown,XGBoost ML Classifier
1dd4f6c5-6bfe-4e50-98f3-a9c56c7e0815,2026-06-28 14:12:22+00:00,DEV_0248,normal,unknown,unknown,XGBoost ML Classifier
3355e7d5-7a36-4ca3-9242-b07b93e51f9d,2026-06-28 14:20:45+00:00,SRV_0919,normal,unknown,unknown,XGBoost ML Classifier
8a3e4d12-4273-413d-843b-8a332e93e90f,2026-06-28 14:27:15+00:00,SRV_0122,impossible_travel,impossible_travel,impossible_travel,Rule Override: geo_velocity_kmh > 900 km/h AND geo_distance > 500 km
9c951ca2-b3aa-42cb-9f1b-b3b85638ae4b,2026-06-28 14:53:10+00:00,USR_0567,insider_drift,insider_drift,insider_drift,XGBoost ML Classifier
58cf123c-5f2e-4740-9fca-310bb3a5ed33,2026-06-28 15:06:26+00:00,USR_0687,insider_drift,insider_drift,insider_drift,XGBoost ML Classifier
bbc2f734-f59a-499d-9c8d-d36fc0ef8848,2026-06-28 15:10:24+00:00,DEV_0009,normal,unknown,unknown,XGBoost ML Classifier
d96bc7b9-dc9f-42f0-8d4a-4a7b298c2b23,2026-06-28 15:11:12+00:00,DEV_0311,normal,unknown,unknown,XGBoost ML Classifier
1839dcc9-26a0-4df7-9b25-be9fa3c07c35,2026-06-28 16:04:02+00:00,SRV_0202,normal,unknown,unknown,XGBoost ML Classifier
ee7b1c28-e36f-4574-a381-7f13fe4652c9,2026-06-28 16:25:21+00:00,SRV_0729,normal,unknown,unknown,XGBoost ML Classifier
08ef0d56-bc37-422e-8cc1-3d27d863d1f8,2026-06-28 16:27:23+00:00,SRV_0283,normal,unknown,unknown,XGBoost ML Classifier
bdf4d1c5-b5fd-4725-ad78-c7bbde4b0442,2026-06-28 16:58:46+00:00,USR_0448,insider_drift,insider_drift,insider_drift,XGBoost ML Classifier
08fad112-1473-4094-a382-b84832919d99,2026-06-28 16:59:00+00:00,SRV_0060,normal,unknown,unknown,XGBoost ML Classifier
4107c6c2-eea4-43a1-9988-8bd74394be4c,2026-06-28 17:20:30+00:00,DEV_0685,normal,unknown,unknown,XGBoost ML Classifier
2e701fe8-7e11-41ef-8ef7-3b6bedb8e7db,2026-06-28 17:34:06+00:00,DEV_0274,normal,unknown,unknown,XGBoost ML Classifier
ded1051d-f8a2-4bf0-ba79-46432020ee8f,2026-06-28 17:58:39+00:00,SRV_0004,normal,unknown,unknown,XGBoost ML Classifier
e257f69a-c70f-46a4-9978-2de0a2941695,2026-06-28 20:05:24+00:00,SRV_0525,normal,unknown,unknown,XGBoost ML Classifier
d501e7d0-7312-48a5-8f34-1c873b9ea27c,2026-06-28 20:12:01+00:00,DEV_0788,normal,unknown,unknown,XGBoost ML Classifier
b255d597-5153-4277-9e44-9c8d6f29e291,2026-06-28 20:21:24+00:00,SRV_0621,normal,unknown,unknown,XGBoost ML Classifier
10adb402-c152-46c7-923a-4b1c2daec4d8,2026-06-28 21:49:26+00:00,SRV_0729,normal,unknown,unknown,XGBoost ML Classifier
89c81e76-1657-4492-b350-85c533eba7b7,2026-06-28 23:33:16+00:00,DEV_0593,normal,unknown,unknown,XGBoost ML Classifier
597cf651-7d22-4fb9-85ad-a7ed55415a1f,2026-06-28 23:48:54+00:00,SRV_0871,impossible_travel,impossible_travel,impossible_travel,Rule Override: geo_velocity_kmh > 900 km/h AND geo_distance > 500 km
4a3bebcc-6d06-47e9-92dc-68c31bd77431,2026-06-28 23:59:24+00:00,USR_0836,normal,unknown,unknown,XGBoost ML Classifier
81c706d9-107b-4235-bbe0-d49650b5174b,2026-06-28 23:59:24+00:00,DEV_0902,normal,unknown,unknown,XGBoost ML Classifier
edf63095-3229-4bf7-b938-3c8b5b54c730,2026-06-28 23:59:25.516000+00:00,DEV_0902,normal,unknown,unknown,XGBoost ML Classifier
c7b671b8-9b33-4b99-90ce-9008a748c559,2026-06-28 23:59:27.949000+00:00,SRV_0462,normal,unknown,unknown,XGBoost ML Classifier
c3c62455-6af2-46e5-b6ab-56bcf142b961,2026-06-29 00:00:00+00:00,DEV_0164,normal,unknown,unknown,XGBoost ML Classifier
4aeba5d6-eba3-4e06-b00a-0881420ce1e7,2026-06-29 00:00:00+00:00,DEV_0371,normal,unknown,unknown,XGBoost ML Classifier
ae94c869-f9d0-4525-902f-d40a6f6a7a4f,2026-06-29 00:00:01.146000+00:00,DEV_0013,normal,unknown,unknown,XGBoost ML Classifier
ae0eeb66-9e36-4a69-a316-e72a27c2be81,2026-06-29 01:30:45+00:00,SRV_0153,normal,unknown,unknown,XGBoost ML Classifier
7034b875-d77c-410e-96ff-9401e2ca64c0,2026-06-29 01:38:52+00:00,DEV_0383,impossible_travel,impossible_travel,impossible_travel,Rule Override: geo_velocity_kmh > 900 km/h AND geo_distance > 500 km
a29d7de3-30b8-4957-bf88-5271b1acf40f,2026-06-29 02:00:02+00:00,SRV_0806,normal,unknown,unknown,XGBoost ML Classifier
8ab5766b-c3d0-4fb9-a608-8391a6aa2882,2026-06-29 02:08:28+00:00,DEV_0420,normal,unknown,low_slow_exfil,XGBoost ML Classifier
4ef7a59e-5519-4820-b7ee-1e6f3bb544d9,2026-06-29 02:19:24+00:00,DEV_0084,normal,unknown,unknown,XGBoost ML Classifier
6aa2ca3d-3c99-440d-923e-a25788808eed,2026-06-29 02:21:47+00:00,SRV_0743,normal,unknown,unknown,XGBoost ML Classifier
fb2ef4d6-3e31-407c-87ce-a07b3f1d6a63,2026-06-29 02:39:32+00:00,DEV_0685,normal,unknown,unknown,XGBoost ML Classifier
9d769ff7-2147-4549-84dd-01f9403d4080,2026-06-29 03:06:01+00:00,DEV_0326,normal,unknown,unknown,XGBoost ML Classifier
75c2cc34-8286-427c-86f0-e095f1e0b350,2026-06-29 03:10:45+00:00,SRV_0728,impossible_travel,impossible_travel,impossible_travel,Rule Override: geo_velocity_kmh > 900 km/h AND geo_distance > 500 km
38f7052a-85f3-4aa9-a240-e552e2ccd3fe,2026-06-29 03:47:35+00:00,DEV_0065,normal,unknown,unknown,XGBoost ML Classifier
09b024fe-9ce6-4601-8aae-46c07bc6713b,2026-06-29 03:52:24+00:00,DEV_0485,normal,unknown,unknown,XGBoost ML Classifier
a98940b0-ad45-492f-9e87-66c5aa233a55,2026-06-29 03:59:49+00:00,SRV_0898,normal,unknown,unknown,XGBoost ML Classifier
e9f6339c-53cd-4921-b84e-dec3e2714da1,2026-06-29 04:11:13+00:00,DEV_0290,normal,unknown,unknown,XGBoost ML Classifier
3b734ca5-e84d-41b3-b77d-ff547a883ac1,2026-06-29 04:27:37+00:00,DEV_0951,normal,unknown,unknown,XGBoost ML Classifier
1a4840df-b98a-4348-9992-06c093f8cb6f,2026-06-29 04:28:35+00:00,USR_0488,normal,unknown,unknown,XGBoost ML Classifier
a29877f0-fe15-4ca2-a465-45236cef38d9,2026-06-29 05:04:53+00:00,DEV_0260,normal,unknown,unknown,XGBoost ML Classifier
66001e88-1ab7-4b56-8660-33f4c0b145cc,2026-06-29 05:30:50+00:00,SRV_0806,impossible_travel,impossible_travel,impossible_travel,Rule Override: geo_velocity_kmh > 900 km/h AND geo_distance > 500 km
26713631-b7c1-4055-8ca9-37e4f0587e20,2026-06-29 05:34:01+00:00,DEV_0711,normal,unknown,lateral_movement,XGBoost ML Classifier
c57e1b37-4f73-4548-824f-0f82bb34d914,2026-06-29 05:57:21+00:00,SRV_0018,normal,unknown,unknown,XGBoost ML Classifier
bc69d663-c6af-417d-ac1f-5d03e996a780,2026-06-29 06:21:43+00:00,SRV_0712,normal,unknown,unknown,XGBoost ML Classifier
5a4f6f02-0c8b-492f-80ab-6641bf18fbce,2026-06-29 06:22:30+00:00,DEV_0857,impossible_travel,impossible_travel,impossible_travel,Rule Override: geo_velocity_kmh > 900 km/h AND geo_distance > 500 km
52e34dab-73ac-4963-9fb5-9e90fbcc7f86,2026-06-29 06:50:02+00:00,SRV_0566,normal,unknown,unknown,XGBoost ML Classifier
c24bc068-2fb8-4e9a-8367-c2b276b87cc4,2026-06-29 06:51:44+00:00,USR_0178,insider_drift,insider_drift,insider_drift,XGBoost ML Classifier
7f70cc6c-2a4b-498b-a8a7-8bf9c5219744,2026-06-29 07:09:47+00:00,USR_0023,normal,unknown,insider_drift,XGBoost ML Classifier
a9f66368-8684-42c6-b7c0-61c7fb48ea86,2026-06-29 07:29:59+00:00,USR_0204,impossible_travel,impossible_travel,impossible_travel,Rule Override: geo_velocity_kmh > 900 km/h AND geo_distance > 500 km
526a4ad9-3d8f-414f-860c-2da849581bcb,2026-06-29 07:31:45+00:00,USR_0468,normal,unknown,unknown,XGBoost ML Classifier
7ef0a72b-66a3-4ebc-b75d-a17131960f13,2026-06-29 07:33:09+00:00,USR_0802,impossible_travel,impossible_travel,impossible_travel,Rule Override: geo_velocity_kmh > 900 km/h AND geo_distance > 500 km
0fba912c-666b-463a-9d20-e99e96e0d5aa,2026-06-29 07:39:37+00:00,DEV_0868,impossible_travel,impossible_travel,impossible_travel,Rule Override: geo_velocity_kmh > 900 km/h AND geo_distance > 500 km
474eb616-d9ad-4e21-baa7-612cd08b8082,2026-06-29 07:58:58+00:00,DEV_0326,normal,unknown,unknown,XGBoost ML Classifier
6d69c2d2-efcf-495c-8ddc-519b44fe6e46,2026-06-29 08:04:26+00:00,SRV_0209,normal,unknown,unknown,XGBoost ML Classifier
4e728170-1130-4f26-9645-7ee5114085ed,2026-06-29 08:31:28+00:00,SRV_0819,normal,unknown,unknown,XGBoost ML Classifier
589e9fea-be45-46d3-9894-40c11053a9da,2026-06-29 08:37:43+00:00,SRV_0209,normal,unknown,unknown,XGBoost ML Classifier
7f9e1e6d-e337-46dd-89ed-41d9de515544,2026-06-29 08:52:42+00:00,DEV_0848,normal,unknown,unknown,XGBoost ML Classifier
91bd55e7-ec0d-4347-9516-7f1f8877d589,2026-06-29 09:10:47+00:00,SRV_0283,normal,unknown,unknown,XGBoost ML Classifier
fb42b385-fbf8-411a-8821-4c93fbf9a5d4,2026-06-29 09:18:12+00:00,USR_0981,normal,unknown,insider_drift,XGBoost ML Classifier
173a4d7f-9ecd-41cb-9416-14e1eee4a1f5,2026-06-29 09:21:25+00:00,USR_0615,normal,unknown,unknown,XGBoost ML Classifier
ca9d6d19-63b1-4de3-8b4a-47274ba0396d,2026-06-29 09:23:47+00:00,DEV_0873,normal,unknown,unknown,XGBoost ML Classifier
afad665d-6e06-4cf5-a690-fdab8b6a99ae,2026-06-29 09:53:47+00:00,DEV_0788,normal,unknown,unknown,XGBoost ML Classifier
ac631b36-a184-4db8-8543-ff537ec7b0e1,2026-06-29 09:59:55+00:00,USR_0244,impossible_travel,impossible_travel,impossible_travel,Rule Override: geo_velocity_kmh > 900 km/h AND geo_distance > 500 km
b0c99ed9-a03e-40aa-8596-0ab470f40c42,2026-06-29 10:04:10+00:00,SRV_0697,normal,unknown,unknown,XGBoost ML Classifier
f06db72e-42b3-41a3-b4a9-217005d04028,2026-06-29 10:22:50+00:00,USR_0241,impossible_travel,impossible_travel,impossible_travel,Rule Override: geo_velocity_kmh > 900 km/h AND geo_distance > 500 km
6c69c7ad-2ba2-4868-a42e-53e81a3590e6,2026-06-29 10:30:57+00:00,DEV_0669,impossible_travel,impossible_travel,impossible_travel,Rule Override: geo_velocity_kmh > 900 km/h AND geo_distance > 500 km
526bb5d2-6eca-4bfa-95d6-3dcb77fbcc4c,2026-06-29 11:00:09+00:00,USR_0594,impossible_travel,impossible_travel,impossible_travel,Rule Override: geo_velocity_kmh > 900 km/h AND geo_distance > 500 km
ad5789b8-405f-48a6-8850-02e90bca10b9,2026-06-29 11:25:36+00:00,USR_0885,normal,unknown,unknown,XGBoost ML Classifier
22d5b60c-9379-4be9-975b-2ca7be771e8d,2026-06-29 11:39:31+00:00,DEV_0873,normal,unknown,unknown,XGBoost ML Classifier
4be9f0f0-05f2-42b7-83c7-c23b62f6928f,2026-06-29 11:40:25+00:00,USR_0246,impossible_travel,impossible_travel,impossible_travel,Rule Override: geo_velocity_kmh > 900 km/h AND geo_distance > 500 km
e636593e-5d4c-49ad-a634-a573f850f343,2026-06-29 11:50:11+00:00,USR_0689,impossible_travel,impossible_travel,impossible_travel,Rule Override: geo_velocity_kmh > 900 km/h AND geo_distance > 500 km
0e77ae6c-98d8-43f9-a043-57c104e2a0a5,2026-06-29 11:51:26+00:00,USR_0695,insider_drift,insider_drift,insider_drift,XGBoost ML Classifier
73d99eea-8318-4aeb-b1db-6e86fe3c2d8d,2026-06-29 11:53:40+00:00,DEV_0009,normal,unknown,unknown,XGBoost ML Classifier
d4cc1433-feb6-41b4-a9dd-b23da561d591,2026-06-29 11:55:56+00:00,SRV_0283,normal,unknown,unknown,XGBoost ML Classifier
d64d9b3c-842e-46d3-9bc5-70fe38234ce8,2026-06-29 12:19:49+00:00,USR_0145,impossible_travel,impossible_travel,impossible_travel,Rule Override: geo_velocity_kmh > 900 km/h AND geo_distance > 500 km
aac9db2d-5066-43d5-8aca-365d9c195ee4,2026-06-29 12:44:46+00:00,USR_0968,impossible_travel,impossible_travel,impossible_travel,Rule Override: geo_velocity_kmh > 900 km/h AND geo_distance > 500 km
48452455-4fde-40a8-b29e-12239c56a3b5,2026-06-29 13:00:31+00:00,USR_0175,impossible_travel,impossible_travel,impossible_travel,Rule Override: geo_velocity_kmh > 900 km/h AND geo_distance > 500 km
b42fa279-5b44-472e-878e-a5fa43822a5f,2026-06-29 13:07:01+00:00,SRV_0329,impossible_travel,impossible_travel,impossible_travel,Rule Override: geo_velocity_kmh > 900 km/h AND geo_distance > 500 km
62bb9ff9-769e-492c-8f15-2a7673e0b53a,2026-06-29 13:27:19+00:00,USR_0723,device_spoofing,device_spoofing,device_spoofing,XGBoost ML Classifier
9a15128f-0392-48d1-ad75-08c7d260ddee,2026-06-29 13:29:14+00:00,SRV_0541,normal,unknown,unknown,XGBoost ML Classifier
287aad6e-4fca-4d55-a0f3-c58621c46bb4,2026-06-29 13:40:20+00:00,USR_0883,impossible_travel,impossible_travel,impossible_travel,Rule Override: geo_velocity_kmh > 900 km/h AND geo_distance > 500 km
1ecc3454-32c2-4c34-9f03-5138a5be0895,2026-06-29 13:41:06+00:00,SRV_0731,normal,unknown,unknown,XGBoost ML Classifier
1ed75997-2a9e-435e-aba4-07340130e102,2026-06-29 13:42:22+00:00,SRV_0621,normal,unknown,unknown,XGBoost ML Classifier
1ae5f968-4e9f-41ab-b62a-0643f1bb3a40,2026-06-29 13:47:14+00:00,USR_0663,impossible_travel,impossible_travel,impossible_travel,Rule Override: geo_velocity_kmh > 900 km/h AND geo_distance > 500 km
b3573533-46b1-4f2a-aa21-42984a348a7c,2026-06-29 13:49:02+00:00,SRV_0358,normal,unknown,unknown,XGBoost ML Classifier
8aca621e-ac00-43a3-a614-96399511f6b0,2026-06-29 13:58:27+00:00,USR_0269,impossible_travel,impossible_travel,impossible_travel,Rule Override: geo_velocity_kmh > 900 km/h AND geo_distance > 500 km
fbab8624-1e48-46a7-8cec-8b61042ab561,2026-06-29 14:04:01+00:00,USR_0054,impossible_travel,impossible_travel,impossible_travel,Rule Override: geo_velocity_kmh > 900 km/h AND geo_distance > 500 km
9a4f546b-088a-4fbc-ba2a-bd11763feefc,2026-06-29 14:14:42+00:00,USR_0987,normal,unknown,unknown,XGBoost ML Classifier
6c76d1c6-dced-4fff-b01d-b8d8078c3821,2026-06-29 14:23:26+00:00,DEV_0788,normal,unknown,unknown,XGBoost ML Classifier
e9206aba-b50c-41d4-8081-93baf465897e,2026-06-29 14:32:51+00:00,USR_0682,impossible_travel,impossible_travel,impossible_travel,Rule Override: geo_velocity_kmh > 900 km/h AND geo_distance > 500 km
ebea93d0-a56c-4c87-946c-b61640e2766a,2026-06-29 14:34:40+00:00,USR_0316,impossible_travel,impossible_travel,impossible_travel,Rule Override: geo_velocity_kmh > 900 km/h AND geo_distance > 500 km
38789d75-65c7-4dc8-8f70-39a1ee54e619,2026-06-29 14:42:33+00:00,USR_0388,normal,unknown,insider_drift,XGBoost ML Classifier
9f9986cc-7891-497f-9722-132c1cd0650c,2026-06-29 14:50:07+00:00,USR_0200,impossible_travel,impossible_travel,impossible_travel,Rule Override: geo_velocity_kmh > 900 km/h AND geo_distance > 500 km
7f17c74f-c8e2-4bc0-b1aa-3ce228c869c0,2026-06-29 15:16:42+00:00,USR_0609,impossible_travel,impossible_travel,impossible_travel,Rule Override: geo_velocity_kmh > 900 km/h AND geo_distance > 500 km
22f1612e-928b-40dc-ba5c-ae66521c1132,2026-06-29 15:22:22+00:00,USR_0708,impossible_travel,impossible_travel,impossible_travel,Rule Override: geo_velocity_kmh > 900 km/h AND geo_distance > 500 km
c5a32f7e-51b8-469c-9ccc-6e8816151d0c,2026-06-29 15:31:40+00:00,USR_0741,impossible_travel,impossible_travel,impossible_travel,Rule Override: geo_velocity_kmh > 900 km/h AND geo_distance > 500 km
326378e8-3b4b-4dc9-b6cf-445696cfbc91,2026-06-29 15:34:14+00:00,SRV_0950,impossible_travel,impossible_travel,impossible_travel,Rule Override: geo_velocity_kmh > 900 km/h AND geo_distance > 500 km
b275a5c7-6cd8-4945-b8a0-d222d5d20c51,2026-06-29 15:44:53+00:00,USR_0981,impossible_travel,impossible_travel,impossible_travel,Rule Override: geo_velocity_kmh > 900 km/h AND geo_distance > 500 km
103adbb2-8ca6-425e-8f82-0253a20a5649,2026-06-29 16:22:13+00:00,USR_0701,impossible_travel,impossible_travel,impossible_travel,Rule Override: geo_velocity_kmh > 900 km/h AND geo_distance > 500 km
a5bb307d-1ebc-4d73-ae25-41c1978f442f,2026-06-29 16:35:40+00:00,SRV_0301,impossible_travel,impossible_travel,impossible_travel,Rule Override: geo_velocity_kmh > 900 km/h AND geo_distance > 500 km
d9479469-f1bd-405d-80f3-a169f65fd30a,2026-06-29 16:44:08+00:00,USR_0994,impossible_travel,impossible_travel,impossible_travel,Rule Override: geo_velocity_kmh > 900 km/h AND geo_distance > 500 km
6b5ee06e-080c-4408-9698-eede1fb99e0c,2026-06-29 17:18:29+00:00,USR_0560,normal,unknown,unknown,XGBoost ML Classifier
4e2d3607-05af-41d1-a201-96b6125c3c27,2026-06-29 17:40:38+00:00,DEV_0286,impossible_travel,impossible_travel,impossible_travel,Rule Override: geo_velocity_kmh > 900 km/h AND geo_distance > 500 km
c674fb3a-4ee9-4008-895b-6d0086321cc9,2026-06-29 17:47:57+00:00,SRV_0697,impossible_travel,impossible_travel,impossible_travel,Rule Override: geo_velocity_kmh > 900 km/h AND geo_distance > 500 km
bbb9b433-1d21-4a10-9261-d03b2069f374,2026-06-29 17:49:26+00:00,USR_0448,insider_drift,insider_drift,unknown,XGBoost ML Classifier
abf1cd14-dae7-46fa-9dd3-1f348f85cd71,2026-06-29 17:59:11+00:00,SRV_0060,normal,unknown,unknown,XGBoost ML Classifier
2eb84836-6403-40de-9d14-a724b42e2346,2026-06-29 18:16:25+00:00,DEV_0877,normal,unknown,unknown,XGBoost ML Classifier
65e0e0e2-c5fa-4b23-a7bb-08ebd1144d2b,2026-06-29 18:17:26+00:00,USR_0132,impossible_travel,impossible_travel,impossible_travel,Rule Override: geo_velocity_kmh > 900 km/h AND geo_distance > 500 km
0dcd9d4b-23ca-4f61-a438-d4b0e56ff97b,2026-06-29 18:32:00+00:00,SRV_0018,impossible_travel,impossible_travel,impossible_travel,Rule Override: geo_velocity_kmh > 900 km/h AND geo_distance > 500 km
2cf14c34-4723-48ac-84ce-0439d81b7d58,2026-06-29 19:39:39+00:00,SRV_0750,normal,unknown,unknown,XGBoost ML Classifier
fb160241-8a66-4eeb-8bd7-180e8ad8ead5,2026-06-29 19:55:36+00:00,SRV_0156,normal,unknown,unknown,XGBoost ML Classifier
8180e371-5ed6-4d08-8fc6-b82aa7c2ffa8,2026-06-29 20:26:24+00:00,SRV_0462,impossible_travel,impossible_travel,impossible_travel,Rule Override: geo_velocity_kmh > 900 km/h AND geo_distance > 500 km
0b0bb76b-665a-4dfb-8179-5bc4ab71f291,2026-06-29 20:31:57+00:00,SRV_0081,impossible_travel,impossible_travel,impossible_travel,Rule Override: geo_velocity_kmh > 900 km/h AND geo_distance > 500 km
999f662d-721d-4a96-a76f-dae8e20cb048,2026-06-29 20:40:00+00:00,USR_0614,normal,unknown,unknown,XGBoost ML Classifier
19e7af6e-01c3-4c2d-a74a-028380d91fe5,2026-06-29 20:45:26+00:00,USR_0879,normal,unknown,insider_drift,XGBoost ML Classifier
f8152195-aa4b-48b3-ad55-7555985cbce5,2026-06-29 21:14:45+00:00,SRV_0677,normal,unknown,unknown,XGBoost ML Classifier
a9afbe8b-dfc2-4e19-9269-1351f55144f0,2026-06-29 21:36:19+00:00,DEV_0527,impossible_travel,impossible_travel,impossible_travel,Rule Override: geo_velocity_kmh > 900 km/h AND geo_distance > 500 km
2c46cc01-cd15-4589-a411-f70814d5c45a,2026-06-29 22:14:47+00:00,SRV_0161,normal,unknown,unknown,XGBoost ML Classifier
14aed9ce-b9f8-4df0-9005-938caf53523a,2026-06-29 22:26:33+00:00,SRV_0923,normal,unknown,unknown,XGBoost ML Classifier
8d2f8f63-2364-4e7a-8493-20d67be26f9a,2026-06-29 23:43:39+00:00,SRV_0232,normal,unknown,unknown,XGBoost ML Classifier
435c69d0-026d-4460-86af-a902f4dd9e69,2026-06-29 23:56:05+00:00,SRV_0709,normal,unknown,lateral_movement,XGBoost ML Classifier
3987f616-d2dc-403d-98a6-714b885fa292,2026-06-29 23:59:24+00:00,SRV_0404,normal,unknown,unknown,XGBoost ML Classifier
003d7556-5c0d-47b2-8992-4cd03220fcf7,2026-06-29 23:59:24+00:00,DEV_0877,normal,unknown,unknown,XGBoost ML Classifier
